check (22.19.0)	Run suite without the large boundary fixture	﻿2026-10-02T03:40:19.0448639Z ##[group]Run node scripts/source-run.mjs --test --test-skip-pattern='^entry 20000 is accepted' tests/*.test.ts
check (22.19.0)	Run suite without the large boundary fixture	2026-10-02T03:40:19.0450174Z ^[[36;1mnode scripts/source-run.mjs --test --test-skip-pattern='^entry 20000 is accepted' tests/*.test.ts^[[0m
check (22.19.0)	Run suite without the large boundary fixture	2026-10-02T03:40:19.0518939Z shell: /usr/bin/bash -e {0}
check (22.19.0)	Run suite without the large boundary fixture	2026-10-02T03:40:19.0519224Z ##[endgroup]
check (22.19.0)	Run suite without the large boundary fixture	2026-10-02T03:40:19.1362926Z TAP version 13
check (22.19.0)	Run suite without the large boundary fixture	2026-10-02T03:40:20.3987434Z # Subtest: a failed acceptance run replaces a prior pass and retains its exact command logs
check (22.19.0)	Run suite without the large boundary fixture	2026-10-02T03:40:20.3994838Z ok 1 - a failed acceptance run replaces a prior pass and retains its exact command logs
check (22.19.0)	Run suite without the large boundary fixture	2026-10-02T03:40:20.3995870Z   ---
check (22.19.0)	Run suite without the large boundary fixture	2026-10-02T03:40:20.3996490Z   duration_ms: 932.991854
check (22.19.0)	Run suite without the large boundary fixture	2026-10-02T03:40:20.4019689Z   type: 'test'
check (22.19.0)	Run suite without the large boundary fixture	2026-10-02T03:40:20.4053616Z   ...
check (22.19.0)	Run suite without the large boundary fixture	2026-10-02T03:40:20.5880301Z # (node:3406) ExperimentalWarning: SQLite is an experimental feature and might change at any time
check (22.19.0)	Run suite without the large boundary fixture	2026-10-02T03:40:20.5909748Z # (Use `node --trace-warnings ...` to show where the warning was created)
check (22.19.0)	Run suite without the large boundary fixture	2026-10-02T03:40:24.9674686Z # Subtest: retain complete app history and rebuild without the PDS
check (22.19.0)	Run suite without the large boundary fixture	2026-10-02T03:40:24.9684785Z not ok 2 - retain complete app history and rebuild without the PDS
check (22.19.0)	Run suite without the large boundary fixture	2026-10-02T03:40:24.9719654Z   ---
check (22.19.0)	Run suite without the large boundary fixture	2026-10-02T03:40:24.9780069Z   duration_ms: 2485.841608
check (22.19.0)	Run suite without the large boundary fixture	2026-10-02T03:40:24.9809909Z   type: 'test'
check (22.19.0)	Run suite without the large boundary fixture	2026-10-02T03:40:24.9810889Z   location: '/home/runner/work/atseq/atseq/tests/archive.test.ts:1:1439'
check (22.19.0)	Run suite without the large boundary fixture	2026-10-02T03:40:24.9839958Z   failureType: 'testCodeFailure'
check (22.19.0)	Run suite without the large boundary fixture	2026-10-02T03:40:24.9879216Z   error: |-
check (22.19.0)	Run suite without the large boundary fixture	2026-10-02T03:40:24.9900548Z     Official PDS exited during startup (1): node:net:1940
check (22.19.0)	Run suite without the large boundary fixture	2026-10-02T03:40:24.9909539Z         const ex = new UVExceptionWithHostPort(err, 'listen', address, port);
check (22.19.0)	Run suite without the large boundary fixture	2026-10-02T03:40:24.9941301Z                    ^
check (22.19.0)	Run suite without the large boundary fixture	2026-10-02T03:40:24.9969245Z     
check (22.19.0)	Run suite without the large boundary fixture	2026-10-02T03:40:24.9979842Z     Error: listen EADDRINUSE: address already in use 127.0.0.1:39435
check (22.19.0)	Run suite without the large boundary fixture	2026-10-02T03:40:25.0019872Z         at Server.setupListenHandle [as _listen2] (node:net:1940:16)
check (22.19.0)	Run suite without the large boundary fixture	2026-10-02T03:40:25.0029931Z         at listenInCluster (node:net:1997:12)
check (22.19.0)	Run suite without the large boundary fixture	2026-10-02T03:40:25.0059996Z         at node:net:2206:7
check (22.19.0)	Run suite without the large boundary fixture	2026-10-02T03:40:25.0061173Z         at process.processTicksAndRejections (node:internal/process/task_queues:90:21) {
check (22.19.0)	Run suite without the large boundary fixture	2026-10-02T03:40:25.0062296Z       code: 'EADDRINUSE',
check (22.19.0)	Run suite without the large boundary fixture	2026-10-02T03:40:25.0063114Z       errno: -98,
check (22.19.0)	Run suite without the large boundary fixture	2026-10-02T03:40:25.0063797Z       syscall: 'listen',
check (22.19.0)	Run suite without the large boundary fixture	2026-10-02T03:40:25.0064450Z       address: '127.0.0.1',
check (22.19.0)	Run suite without the large boundary fixture	2026-10-02T03:40:25.0065110Z       port: 39435
check (22.19.0)	Run suite without the large boundary fixture	2026-10-02T03:40:25.0065686Z     }
check (22.19.0)	Run suite without the large boundary fixture	2026-10-02T03:40:25.0066201Z     
check (22.19.0)	Run suite without the large boundary fixture	2026-10-02T03:40:25.0066746Z     Node.js v22.19.0
check (22.19.0)	Run suite without the large boundary fixture	2026-10-02T03:40:25.0067326Z     
check (22.19.0)	Run suite without the large boundary fixture	2026-10-02T03:40:25.0067839Z   code: 'ERR_TEST_FAILURE'
check (22.19.0)	Run suite without the large boundary fixture	2026-10-02T03:40:25.0068417Z   stack: |-
check (22.19.0)	Run suite without the large boundary fixture	2026-10-02T03:40:25.0069316Z     Server.setupListenHandle [as _listen2] (node:net:1940:16)
check (22.19.0)	Run suite without the large boundary fixture	2026-10-02T03:40:25.0070317Z     listenInCluster (node:net:1997:12)
check (22.19.0)	Run suite without the large boundary fixture	2026-10-02T03:40:25.0071030Z     node:net:2206:7
check (22.19.0)	Run suite without the large boundary fixture	2026-10-02T03:40:25.0072028Z     process.processTicksAndRejections (node:internal/process/task_queues:90:21) {
check (22.19.0)	Run suite without the large boundary fixture	2026-10-02T03:40:25.0073662Z     ChildProcess.<anonymous> (file:///home/runner/work/atseq/atseq/tests/support/pds/environment.mjs:123:16)
check (22.19.0)	Run suite without the large boundary fixture	2026-10-02T03:40:25.0074970Z     Object.onceWrapper (node:events:634:26)
check (22.19.0)	Run suite without the large boundary fixture	2026-10-02T03:40:25.0075796Z     ChildProcess.emit (node:events:519:28)
check (22.19.0)	Run suite without the large boundary fixture	2026-10-02T03:40:25.0076790Z     ChildProcess._handle.onexit (node:internal/child_process:293:12)
check (22.19.0)	Run suite without the large boundary fixture	2026-10-02T03:40:25.0077711Z   ...
check (22.19.0)	Run suite without the large boundary fixture	2026-10-02T03:40:31.1050557Z # (node:3412) ExperimentalWarning: SQLite is an experimental feature and might change at any time
check (22.19.0)	Run suite without the large boundary fixture	2026-10-02T03:40:31.1052208Z # (Use `node --trace-warnings ...` to show where the warning was created)
check (22.19.0)	Run suite without the large boundary fixture	2026-10-02T03:40:31.3960506Z # Subtest: browser sessions retain trust and device work across switches and restarts
check (22.19.0)	Run suite without the large boundary fixture	2026-10-02T03:40:31.3999945Z     # Subtest: CryptoKeys survive IndexedDB reload and private export is refused
check (22.19.0)	Run suite without the large boundary fixture	2026-10-02T03:40:31.4047826Z     ok 1 - CryptoKeys survive IndexedDB reload and private export is refused
check (22.19.0)	Run suite without the large boundary fixture	2026-10-02T03:40:31.4069374Z       ---
check (22.19.0)	Run suite without the large boundary fixture	2026-10-02T03:40:31.4070062Z       duration_ms: 293.077794
check (22.19.0)	Run suite without the large boundary fixture	2026-10-02T03:40:31.4070761Z       type: 'test'
check (22.19.0)	Run suite without the large boundary fixture	2026-10-02T03:40:31.4071314Z       ...
check (22.19.0)	Run suite without the large boundary fixture	2026-10-02T03:40:31.6149960Z     # Subtest: every app operation rejects mismatched app, genesis and definition
check (22.19.0)	Run suite without the large boundary fixture	2026-10-02T03:40:31.6209892Z     ok 2 - every app operation rejects mismatched app, genesis and definition
check (22.19.0)	Run suite without the large boundary fixture	2026-10-02T03:40:31.6269888Z       ---
check (22.19.0)	Run suite without the large boundary fixture	2026-10-02T03:40:31.6303031Z       duration_ms: 213.591806
check (22.19.0)	Run suite without the large boundary fixture	2026-10-02T03:40:31.6338279Z       type: 'test'
check (22.19.0)	Run suite without the large boundary fixture	2026-10-02T03:40:31.6340438Z       ...
check (22.19.0)	Run suite without the large boundary fixture	2026-10-02T03:40:32.0972984Z     # Subtest: a restarted worker replays saved history before a rollback from the host
check (22.19.0)	Run suite without the large boundary fixture	2026-10-02T03:40:32.1041536Z     ok 3 - a restarted worker replays saved history before a rollback from the host
check (22.19.0)	Run suite without the large boundary fixture	2026-10-02T03:40:32.1064081Z       ---
check (22.19.0)	Run suite without the large boundary fixture	2026-10-02T03:40:32.1081371Z       duration_ms: 487.146581
check (22.19.0)	Run suite without the large boundary fixture	2026-10-02T03:40:32.1099483Z       type: 'test'
check (22.19.0)	Run suite without the large boundary fixture	2026-10-02T03:40:32.1139413Z       ...
check (22.19.0)	Run suite without the large boundary fixture	2026-10-02T03:40:33.4608096Z     # Subtest: a failed or cancelled first worker load preserves the saved prefix against host rollback
check (22.19.0)	Run suite without the large boundary fixture	2026-10-02T03:40:33.4668109Z     ok 4 - a failed or cancelled first worker load preserves the saved prefix against host rollback
check (22.19.0)	Run suite without the large boundary fixture	2026-10-02T03:40:33.4699527Z       ---
check (22.19.0)	Run suite without the large boundary fixture	2026-10-02T03:40:33.4761357Z       duration_ms: 1364.836214
check (22.19.0)	Run suite without the large boundary fixture	2026-10-02T03:40:33.4762131Z       type: 'test'
check (22.19.0)	Run suite without the large boundary fixture	2026-10-02T03:40:33.4762755Z       ...
check (22.19.0)	Run suite without the large boundary fixture	2026-10-02T03:40:35.3073797Z     # Subtest: an older archive cannot replace saved history for the same genesis
check (22.19.0)	Run suite without the large boundary fixture	2026-10-02T03:40:35.3088140Z     ok 5 - an older archive cannot replace saved history for the same genesis
check (22.19.0)	Run suite without the large boundary fixture	2026-10-02T03:40:35.3089491Z       ---
check (22.19.0)	Run suite without the large boundary fixture	2026-10-02T03:40:35.3090045Z       duration_ms: 1846.439061
check (22.19.0)	Run suite without the large boundary fixture	2026-10-02T03:40:35.3090678Z       type: 'test'
check (22.19.0)	Run suite without the large boundary fixture	2026-10-02T03:40:35.3091189Z       ...
check (22.19.0)	Run suite without the large boundary fixture	2026-10-02T03:40:36.2096242Z     # Subtest: a first visit with an invalid host signature does not blame saved device history
check (22.19.0)	Run suite without the large boundary fixture	2026-10-02T03:40:36.2134182Z     ok 6 - a first visit with an invalid host signature does not blame saved device history
check (22.19.0)	Run suite without the large boundary fixture	2026-10-02T03:40:36.2159216Z       ---
check (22.19.0)	Run suite without the large boundary fixture	2026-10-02T03:40:36.2189401Z       duration_ms: 890.632337
check (22.19.0)	Run suite without the large boundary fixture	2026-10-02T03:40:36.2219257Z       type: 'test'
check (22.19.0)	Run suite without the large boundary fixture	2026-10-02T03:40:36.2219631Z       ...
check (22.19.0)	Run suite without the large boundary fixture	2026-10-02T03:40:37.8400428Z     # Subtest: corrupt saved history has explicit recovery without losing its pin, key or signed work
check (22.19.0)	Run suite without the large boundary fixture	2026-10-02T03:40:37.8448263Z     ok 7 - corrupt saved history has explicit recovery without losing its pin, key or signed work
check (22.19.0)	Run suite without the large boundary fixture	2026-10-02T03:40:37.8467691Z       ---
check (22.19.0)	Run suite without the large boundary fixture	2026-10-02T03:40:37.8528088Z       duration_ms: 1636.012739
check (22.19.0)	Run suite without the large boundary fixture	2026-10-02T03:40:37.8529567Z       type: 'test'
check (22.19.0)	Run suite without the large boundary fixture	2026-10-02T03:40:37.8529990Z       ...
check (22.19.0)	Run suite without the large boundary fixture	2026-10-02T03:40:38.7130464Z     # Subtest: an online event during the saved-prefix decision cannot load a fork before fresh restore
check (22.19.0)	Run suite without the large boundary fixture	2026-10-02T03:40:38.7140376Z     ok 8 - an online event during the saved-prefix decision cannot load a fork before fresh restore
check (22.19.0)	Run suite without the large boundary fixture	2026-10-02T03:40:38.7169403Z       ---
check (22.19.0)	Run suite without the large boundary fixture	2026-10-02T03:40:38.7201121Z       duration_ms: 874.943622
check (22.19.0)	Run suite without the large boundary fixture	2026-10-02T03:40:38.7240092Z       type: 'test'
check (22.19.0)	Run suite without the large boundary fixture	2026-10-02T03:40:38.7279717Z       ...
check (22.19.0)	Run suite without the large boundary fixture	2026-10-02T03:40:40.1283793Z     # Subtest: a slow A refresh cannot replace offline B or label its query and archive as A
check (22.19.0)	Run suite without the large boundary fixture	2026-10-02T03:40:40.1330738Z     ok 9 - a slow A refresh cannot replace offline B or label its query and archive as A
check (22.19.0)	Run suite without the large boundary fixture	2026-10-02T03:40:40.1331542Z       ---
check (22.19.0)	Run suite without the large boundary fixture	2026-10-02T03:40:40.1331934Z       duration_ms: 1415.616257
check (22.19.0)	Run suite without the large boundary fixture	2026-10-02T03:40:40.1359072Z       type: 'test'
check (22.19.0)	Run suite without the large boundary fixture	2026-10-02T03:40:40.1379511Z       ...
check (22.19.0)	Run suite without the large boundary fixture	2026-10-02T03:40:40.1823284Z     # Subtest: a new save during a flush is sent, and only definite refusals require explicit resend
check (22.19.0)	Run suite without the large boundary fixture	2026-10-02T03:40:40.1843435Z     ok 10 - a new save during a flush is sent, and only definite refusals require explicit resend
check (22.19.0)	Run suite without the large boundary fixture	2026-10-02T03:40:40.1899545Z       ---
check (22.19.0)	Run suite without the large boundary fixture	2026-10-02T03:40:40.1919270Z       duration_ms: 53.62519
check (22.19.0)	Run suite without the large boundary fixture	2026-10-02T03:40:40.1959438Z       type: 'test'
check (22.19.0)	Run suite without the large boundary fixture	2026-10-02T03:40:40.1960007Z       ...
check (22.19.0)	Run suite without the large boundary fixture	2026-10-02T03:40:41.0276861Z     # Subtest: an invalid invitation cannot poison the pin and verified pins can be forgotten
check (22.19.0)	Run suite without the large boundary fixture	2026-10-02T03:40:41.0330523Z     ok 11 - an invalid invitation cannot poison the pin and verified pins can be forgotten
check (22.19.0)	Run suite without the large boundary fixture	2026-10-02T03:40:41.0349938Z       ---
check (22.19.0)	Run suite without the large boundary fixture	2026-10-02T03:40:41.0372763Z       duration_ms: 840.997808
check (22.19.0)	Run suite without the large boundary fixture	2026-10-02T03:40:41.0381045Z       type: 'test'
check (22.19.0)	Run suite without the large boundary fixture	2026-10-02T03:40:41.0381762Z       ...
check (22.19.0)	Run suite without the large boundary fixture	2026-10-02T03:40:41.4477562Z     # Subtest: startup submits retained signed work without a Retry click
check (22.19.0)	Run suite without the large boundary fixture	2026-10-02T03:40:41.4537645Z     ok 12 - startup submits retained signed work without a Retry click
check (22.19.0)	Run suite without the large boundary fixture	2026-10-02T03:40:41.4569283Z       ---
check (22.19.0)	Run suite without the large boundary fixture	2026-10-02T03:40:41.4599607Z       duration_ms: 425.528199
check (22.19.0)	Run suite without the large boundary fixture	2026-10-02T03:40:41.4646707Z       type: 'test'
check (22.19.0)	Run suite without the large boundary fixture	2026-10-02T03:40:41.4709523Z       ...
check (22.19.0)	Run suite without the large boundary fixture	2026-10-02T03:40:42.4710506Z # ^[[33m[plugin builtin:vite-reporter] 
check (22.19.0)	Run suite without the large boundary fixture	2026-10-02T03:40:42.4711432Z # (!) Some chunks are larger than 500 kB after minification. Consider:
check (22.19.0)	Run suite without the large boundary fixture	2026-10-02T03:40:42.4712342Z # - Using dynamic import() to code-split the application
check (22.19.0)	Run suite without the large boundary fixture	2026-10-02T03:40:42.4713690Z # - Use build.rolldownOptions.output.codeSplitting to improve chunking: https://rolldown.rs/reference/OutputOptions.codeSplitting
check (22.19.0)	Run suite without the large boundary fixture	2026-10-02T03:40:42.4715390Z # - Adjust chunk size limit for this warning via build.chunkSizeWarningLimit.^[[39m
check (22.19.0)	Run suite without the large boundary fixture	2026-10-02T03:40:44.5253036Z     # Subtest: a shell update waits and keeps an open tab’s worker assets available offline
check (22.19.0)	Run suite without the large boundary fixture	2026-10-02T03:40:44.5400754Z     ok 13 - a shell update waits and keeps an open tab’s worker assets available offline
check (22.19.0)	Run suite without the large boundary fixture	2026-10-02T03:40:44.5456575Z       ---
check (22.19.0)	Run suite without the large boundary fixture	2026-10-02T03:40:44.5469461Z       duration_ms: 3074.650734
check (22.19.0)	Run suite without the large boundary fixture	2026-10-02T03:40:44.5471319Z       type: 'test'
check (22.19.0)	Run suite without the large boundary fixture	2026-10-02T03:40:44.5471976Z       ...
check (22.19.0)	Run suite without the large boundary fixture	2026-10-02T03:40:44.8083921Z     1..13
check (22.19.0)	Run suite without the large boundary fixture	2026-10-02T03:40:44.8129894Z ok 3 - browser sessions retain trust and device work across switches and restarts
check (22.19.0)	Run suite without the large boundary fixture	2026-10-02T03:40:44.8169337Z   ---
check (22.19.0)	Run suite without the large boundary fixture	2026-10-02T03:40:44.8199397Z   duration_ms: 22046.568886
check (22.19.0)	Run suite without the large boundary fixture	2026-10-02T03:40:44.8214034Z   type: 'test'
check (22.19.0)	Run suite without the large boundary fixture	2026-10-02T03:40:44.8237450Z   ...
check (22.19.0)	Run suite without the large boundary fixture	2026-10-02T03:40:44.9125414Z # {"node":"v22.19.0","chromium":"153.0.8010.12","cases":["authority-0-exact-data","authority-1-exact-data","authority-2-exact-data","authority-12-exact-data","authority-13-exact-data","authority-20-exact-data","complete-13-history-exact-indexes","head13-frontier2-restricted-I2-data","head13-frontier12-restricted-I2-data","head13-frontier13-restricted-I2-data","original-entry-request-1","original-entry-request-2","original-entry-request-3","original-entry-request-4","original-entry-request-5","original-entry-request-6","original-entry-request-7","original-entry-request-8","original-entry-request-9","original-entry-request-10","original-entry-request-11","original-entry-request-12","original-entry-request-13","source-order-unused-binary-exact-bytes","evidence-exact-hashes-separate-root-context","native-chunk-boundary-0","native-chunk-boundary-32768","native-chunk-boundary-32769","duplicate-decoded-names","BOM","bad-UTF8","trailing-comma","comments","whitespace","negative-zero","unsafe-number","unpaired-surrogate","unsorted-keys","normative-page-depth33-malformed","normative-page128KiB-plus1-malformed","smaller-local-byte-budget-unavailable","I1-depth-unchanged-unavailable","pure-parser-typed-depth-fact","table-extra-field","table-old-request-kind","table-scope-swap","table-zero-page-count","table-count-mismatch","table-count-overflow","table-genesis-position-mismatch","history-missing-actor","history-extra-field","history-gap","history-zero-position","history-invalid-nonce","history-device-account-confusion","history-two-descriptors","local-page-row-budget-unavailable","missing-complete-page-unavailable","missing-native-bytes-unavailable","unexpected-reader-fault-preserved","cross-page-request-duplicate","cross-page-retry-duplicate","cross-page-descriptor-duplicate","cross-page-position-gap","compact-no-invented-index-arrays","compact-recovery-policy-immutable","compact-epoch-id-reused","compact-epoch-immutable-cid","compact-current-epoch-missing","compact-grant-tombstone-mismatch","compact-historical-revision-needs-coverage","compact-floor-needs-descriptor-coverage","compact-genesis-exact-initialization","unsigned-versus-signed-wrapper-identity","original-request-bytes-unmodified","original-entry-chain-exact","source-file-order-not-normalized","source-original-binary-hash","complete-source-table-exact","sources-cross-page-duplicate","evidence-cross-page-duplicate","unexpected-extra-history-page-malformed","global-history-row-budget-unavailable","global-history-byte-budget-unavailable","history-page-identity-mismatch-malformed","outcome-exact-contract-still-gated","compact-null-row-malformed","source-duplicate-path-malformed","compact-false-frontier-mapping-malformed","owned-returned-data-cannot-change-retained-bytes"],"fixtureBytes":1055377,"fixtureSha256":"885826c82e93de564330c1b1ca3f601b387642a9d5b719a20217e853092d9b41","bundleBytes":740559,"bundleSha256":"44725e01266b0c48ff0f8fb7cf952bc33d3b19d848cef2c0beb1d7a5333e9c39","exactSharedCasesAgree":true,"noAdmission":true}
check (22.19.0)	Run suite without the large boundary fixture	2026-10-02T03:40:44.9204735Z # Subtest: Chromium runs exact shared checkpoint DATA corpus without admission
check (22.19.0)	Run suite without the large boundary fixture	2026-10-02T03:40:44.9210794Z ok 4 - Chromium runs exact shared checkpoint DATA corpus without admission
check (22.19.0)	Run suite without the large boundary fixture	2026-10-02T03:40:44.9280113Z   ---
check (22.19.0)	Run suite without the large boundary fixture	2026-10-02T03:40:44.9309498Z   duration_ms: 4003.326435
check (22.19.0)	Run suite without the large boundary fixture	2026-10-02T03:40:44.9329269Z   type: 'test'
check (22.19.0)	Run suite without the large boundary fixture	2026-10-02T03:40:44.9335191Z   ...
check (22.19.0)	Run suite without the large boundary fixture	2026-10-02T03:40:44.9351043Z # {"node":"v22.19.0","cases":91,"noAdmission":true}
check (22.19.0)	Run suite without the large boundary fixture	2026-10-02T03:40:44.9352122Z # Subtest: exact retained checkpoint DATA and hostile corpus, without admission capabilities
check (22.19.0)	Run suite without the large boundary fixture	2026-10-02T03:40:44.9353374Z ok 5 - exact retained checkpoint DATA and hostile corpus, without admission capabilities
check (22.19.0)	Run suite without the large boundary fixture	2026-10-02T03:40:44.9354092Z   ---
check (22.19.0)	Run suite without the large boundary fixture	2026-10-02T03:40:44.9354432Z   duration_ms: 2306.416832
check (22.19.0)	Run suite without the large boundary fixture	2026-10-02T03:40:44.9354817Z   type: 'test'
check (22.19.0)	Run suite without the large boundary fixture	2026-10-02T03:40:44.9355135Z   ...
check (22.19.0)	Run suite without the large boundary fixture	2026-10-02T03:40:44.9355858Z # Subtest: outputs require explicit overwrite and never replace key/intent aliases
check (22.19.0)	Run suite without the large boundary fixture	2026-10-02T03:40:44.9356929Z ok 6 - outputs require explicit overwrite and never replace key/intent aliases
check (22.19.0)	Run suite without the large boundary fixture	2026-10-02T03:40:44.9357608Z   ---
check (22.19.0)	Run suite without the large boundary fixture	2026-10-02T03:40:44.9357935Z   duration_ms: 13.161203
check (22.19.0)	Run suite without the large boundary fixture	2026-10-02T03:40:44.9358315Z   type: 'test'
check (22.19.0)	Run suite without the large boundary fixture	2026-10-02T03:40:44.9358634Z   ...
check (22.19.0)	Run suite without the large boundary fixture	2026-10-02T03:40:44.9360478Z # Subtest: CAR output cannot enter its source through a directory alias or missing descendant
check (22.19.0)	Run suite without the large boundary fixture	2026-10-02T03:40:44.9361701Z ok 7 - CAR output cannot enter its source through a directory alias or missing descendant
check (22.19.0)	Run suite without the large boundary fixture	2026-10-02T03:40:44.9362452Z   ---
check (22.19.0)	Run suite without the large boundary fixture	2026-10-02T03:40:44.9362768Z   duration_ms: 5.065094
check (22.19.0)	Run suite without the large boundary fixture	2026-10-02T03:40:44.9363153Z   type: 'test'
check (22.19.0)	Run suite without the large boundary fixture	2026-10-02T03:40:44.9363469Z   ...
check (22.19.0)	Run suite without the large boundary fixture	2026-10-02T03:40:44.9364613Z # Subtest: CLI export verifies the invitation instead of accepting the host’s self-pin
check (22.19.0)	Run suite without the large boundary fixture	2026-10-02T03:40:44.9367454Z ok 8 - CLI export verifies the invitation instead of accepting the host’s self-pin
check (22.19.0)	Run suite without the large boundary fixture	2026-10-02T03:40:44.9368172Z   ---
check (22.19.0)	Run suite without the large boundary fixture	2026-10-02T03:40:44.9368511Z   duration_ms: 6040.129405
check (22.19.0)	Run suite without the large boundary fixture	2026-10-02T03:40:44.9369104Z   type: 'test'
check (22.19.0)	Run suite without the large boundary fixture	2026-10-02T03:40:44.9369426Z   ...
check (22.19.0)	Run suite without the large boundary fixture	2026-10-02T03:40:44.9370382Z # Subtest: CLI replay refuses a single pin; archive import owns verified typed data and codes malformed input
check (22.19.0)	Run suite without the large boundary fixture	2026-10-02T03:40:44.9371792Z ok 9 - CLI replay refuses a single pin; archive import owns verified typed data and codes malformed input
check (22.19.0)	Run suite without the large boundary fixture	2026-10-02T03:40:44.9372598Z   ---
check (22.19.0)	Run suite without the large boundary fixture	2026-10-02T03:40:44.9372928Z   duration_ms: 3543.861308
check (22.19.0)	Run suite without the large boundary fixture	2026-10-02T03:40:44.9373313Z   type: 'test'
check (22.19.0)	Run suite without the large boundary fixture	2026-10-02T03:40:44.9373640Z   ...
check (22.19.0)	Run suite without the large boundary fixture	2026-10-02T03:40:44.9374491Z # Subtest: retry requests compare content identity across property order and retain signed bytes
check (22.19.0)	Run suite without the large boundary fixture	2026-10-02T03:40:44.9375762Z ok 10 - retry requests compare content identity across property order and retain signed bytes
check (22.19.0)	Run suite without the large boundary fixture	2026-10-02T03:40:44.9376516Z   ---
check (22.19.0)	Run suite without the large boundary fixture	2026-10-02T03:40:44.9376836Z   duration_ms: 3161.400267
check (22.19.0)	Run suite without the large boundary fixture	2026-10-02T03:40:44.9377222Z   type: 'test'
check (22.19.0)	Run suite without the large boundary fixture	2026-10-02T03:40:44.9377543Z   ...
check (22.19.0)	Run suite without the large boundary fixture	2026-10-02T03:40:44.9378281Z # Subtest: running host loads and interprets two newly generated unrelated applications
check (22.19.0)	Run suite without the large boundary fixture	2026-10-02T03:40:44.9379551Z ok 11 - running host loads and interprets two newly generated unrelated applications
check (22.19.0)	Run suite without the large boundary fixture	2026-10-02T03:40:44.9380571Z   ---
check (22.19.0)	Run suite without the large boundary fixture	2026-10-02T03:40:44.9380889Z   duration_ms: 4554.873264
check (22.19.0)	Run suite without the large boundary fixture	2026-10-02T03:40:44.9381275Z   type: 'test'
check (22.19.0)	Run suite without the large boundary fixture	2026-10-02T03:40:44.9381594Z   ...
check (22.19.0)	Run suite without the large boundary fixture	2026-10-02T03:40:44.9382548Z # (node:3894) ExperimentalWarning: The MockTimers API is an experimental feature and might change at any time
check (22.19.0)	Run suite without the large boundary fixture	2026-10-02T03:40:44.9383718Z # (Use `node --trace-warnings ...` to show where the warning was created)
check (22.19.0)	Run suite without the large boundary fixture	2026-10-02T03:40:44.9385091Z # Subtest: worker requests honor longer replay budgets and retain the shorter preview default
check (22.19.0)	Run suite without the large boundary fixture	2026-10-02T03:40:44.9386281Z ok 12 - worker requests honor longer replay budgets and retain the shorter preview default
check (22.19.0)	Run suite without the large boundary fixture	2026-10-02T03:40:44.9386992Z   ---
check (22.19.0)	Run suite without the large boundary fixture	2026-10-02T03:40:44.9387310Z   duration_ms: 3.527095
check (22.19.0)	Run suite without the large boundary fixture	2026-10-02T03:40:44.9387683Z   type: 'test'
check (22.19.0)	Run suite without the large boundary fixture	2026-10-02T03:40:44.9387995Z   ...
check (22.19.0)	Run suite without the large boundary fixture	2026-10-02T03:40:44.9388662Z # Subtest: worker failures stop after three attempts and require a page reload
check (22.19.0)	Run suite without the large boundary fixture	2026-10-02T03:40:44.9390232Z ok 13 - worker failures stop after three attempts and require a page reload
check (22.19.0)	Run suite without the large boundary fixture	2026-10-02T03:40:44.9390770Z   ---
check (22.19.0)	Run suite without the large boundary fixture	2026-10-02T03:40:44.9391033Z   duration_ms: 0.871273
check (22.19.0)	Run suite without the large boundary fixture	2026-10-02T03:40:44.9391340Z   type: 'test'
check (22.19.0)	Run suite without the large boundary fixture	2026-10-02T03:40:44.9391613Z   ...
check (22.19.0)	Run suite without the large boundary fixture	2026-10-02T03:40:44.9392176Z # Subtest: compatible activation preserves its exact interpretation boundary
check (22.19.0)	Run suite without the large boundary fixture	2026-10-02T03:40:44.9392968Z     # Subtest: activation at N preserves state and N+1 uses the new interface
check (22.19.0)	Run suite without the large boundary fixture	2026-10-02T03:40:44.9393707Z     ok 1 - activation at N preserves state and N+1 uses the new interface
check (22.19.0)	Run suite without the large boundary fixture	2026-10-02T03:40:44.9394222Z       ---
check (22.19.0)	Run suite without the large boundary fixture	2026-10-02T03:40:44.9394504Z       duration_ms: 109.401904
check (22.19.0)	Run suite without the large boundary fixture	2026-10-02T03:40:44.9394844Z       type: 'test'
check (22.19.0)	Run suite without the large boundary fixture	2026-10-02T03:40:44.9395127Z       ...
check (22.19.0)	Run suite without the large boundary fixture	2026-10-02T03:40:44.9395597Z     # Subtest: a full replay uses each definition at its original boundary
check (22.19.0)	Run suite without the large boundary fixture	2026-10-02T03:40:44.9396329Z     ok 2 - a full replay uses each definition at its original boundary
check (22.19.0)	Run suite without the large boundary fixture	2026-10-02T03:40:44.9396872Z       ---
check (22.19.0)	Run suite without the large boundary fixture	2026-10-02T03:40:44.9397170Z       duration_ms: 98.53761
check (22.19.0)	Run suite without the large boundary fixture	2026-10-02T03:40:44.9397562Z       type: 'test'
check (22.19.0)	Run suite without the large boundary fixture	2026-10-02T03:40:44.9397895Z       ...
check (22.19.0)	Run suite without the large boundary fixture	2026-10-02T03:40:44.9398548Z     # Subtest: unavailable candidate pauses at N and resumes the same entry after repair
check (22.19.0)	Run suite without the large boundary fixture	2026-10-02T03:40:44.9399833Z     ok 3 - unavailable candidate pauses at N and resumes the same entry after repair
check (22.19.0)	Run suite without the large boundary fixture	2026-10-02T03:40:44.9400492Z       ---
check (22.19.0)	Run suite without the large boundary fixture	2026-10-02T03:40:44.9400811Z       duration_ms: 123.917048
check (22.19.0)	Run suite without the large boundary fixture	2026-10-02T03:40:44.9401208Z       type: 'test'
check (22.19.0)	Run suite without the large boundary fixture	2026-10-02T03:40:44.9401538Z       ...
check (22.19.0)	Run suite without the large boundary fixture	2026-10-02T03:40:44.9402159Z     # Subtest: corrupt candidate content cannot fabricate an invalid-activation verdict
check (22.19.0)	Run suite without the large boundary fixture	2026-10-02T03:40:44.9403167Z     ok 4 - corrupt candidate content cannot fabricate an invalid-activation verdict
check (22.19.0)	Run suite without the large boundary fixture	2026-10-02T03:40:44.9403841Z       ---
check (22.19.0)	Run suite without the large boundary fixture	2026-10-02T03:40:44.9404171Z       duration_ms: 85.975665
check (22.19.0)	Run suite without the large boundary fixture	2026-10-02T03:40:44.9404551Z       type: 'test'
check (22.19.0)	Run suite without the large boundary fixture	2026-10-02T03:40:44.9404898Z       ...
check (22.19.0)	Run suite without the large boundary fixture	2026-10-02T03:40:44.9405520Z     # Subtest: failed persistence leaves both definition and state before activation
check (22.19.0)	Run suite without the large boundary fixture	2026-10-02T03:40:44.9406501Z     ok 5 - failed persistence leaves both definition and state before activation
check (22.19.0)	Run suite without the large boundary fixture	2026-10-02T03:40:44.9407168Z       ---
check (22.19.0)	Run suite without the large boundary fixture	2026-10-02T03:40:44.9407504Z       duration_ms: 94.084029
check (22.19.0)	Run suite without the large boundary fixture	2026-10-02T03:40:44.9407905Z       type: 'test'
check (22.19.0)	Run suite without the large boundary fixture	2026-10-02T03:40:44.9408245Z       ...
check (22.19.0)	Run suite without the large boundary fixture	2026-10-02T03:40:44.9409050Z     # Subtest: another actor cannot activate or force a missing-content fetch
check (22.19.0)	Run suite without the large boundary fixture	2026-10-02T03:40:44.9409952Z     ok 6 - another actor cannot activate or force a missing-content fetch
check (22.19.0)	Run suite without the large boundary fixture	2026-10-02T03:40:44.9410566Z       ---
check (22.19.0)	Run suite without the large boundary fixture	2026-10-02T03:40:44.9410888Z       duration_ms: 34.295982
check (22.19.0)	Run suite without the large boundary fixture	2026-10-02T03:40:44.9411285Z       type: 'test'
check (22.19.0)	Run suite without the large boundary fixture	2026-10-02T03:40:44.9411607Z       ...
check (22.19.0)	Run suite without the large boundary fixture	2026-10-02T03:40:44.9412121Z     # Subtest: available invalid candidate code is retained ineffective
check (22.19.0)	Run suite without the large boundary fixture	2026-10-02T03:40:44.9412919Z     ok 7 - available invalid candidate code is retained ineffective
check (22.19.0)	Run suite without the large boundary fixture	2026-10-02T03:40:44.9413473Z       ---
check (22.19.0)	Run suite without the large boundary fixture	2026-10-02T03:40:44.9413800Z       duration_ms: 44.363093
check (22.19.0)	Run suite without the large boundary fixture	2026-10-02T03:40:44.9414487Z       type: 'test'
check (22.19.0)	Run suite without the large boundary fixture	2026-10-02T03:40:44.9414818Z       ...
check (22.19.0)	Run suite without the large boundary fixture	2026-10-02T03:40:44.9415606Z     # Subtest: an incomplete or extra signed closure has the same outcome with full and closure-only readers
check (22.19.0)	Run suite without the large boundary fixture	2026-10-02T03:40:44.9416845Z     ok 8 - an incomplete or extra signed closure has the same outcome with full and closure-only readers
check (22.19.0)	Run suite without the large boundary fixture	2026-10-02T03:40:44.9417610Z       ---
check (22.19.0)	Run suite without the large boundary fixture	2026-10-02T03:40:44.9417941Z       duration_ms: 158.156626
check (22.19.0)	Run suite without the large boundary fixture	2026-10-02T03:40:44.9418584Z       type: 'test'
check (22.19.0)	Run suite without the large boundary fixture	2026-10-02T03:40:44.9437158Z       ...
check (22.19.0)	Run suite without the large boundary fixture	2026-10-02T03:40:44.9437979Z     # Subtest: a closure over 512 KiB is transported and invalid on both full and closure-only readers
check (22.19.0)	Run suite without the large boundary fixture	2026-10-02T03:40:44.9439384Z     ok 9 - a closure over 512 KiB is transported and invalid on both full and closure-only readers
check (22.19.0)	Run suite without the large boundary fixture	2026-10-02T03:40:44.9440121Z       ---
check (22.19.0)	Run suite without the large boundary fixture	2026-10-02T03:40:44.9440464Z       duration_ms: 78.475533
check (22.19.0)	Run suite without the large boundary fixture	2026-10-02T03:40:44.9440854Z       type: 'test'
check (22.19.0)	Run suite without the large boundary fixture	2026-10-02T03:40:44.9441194Z       ...
check (22.19.0)	Run suite without the large boundary fixture	2026-10-02T03:40:44.9441982Z     # Subtest: an available query-less view with missing bindings is invalid rather than a permanent stall
check (22.19.0)	Run suite without the large boundary fixture	2026-10-02T03:40:44.9443263Z     ok 10 - an available query-less view with missing bindings is invalid rather than a permanent stall
check (22.19.0)	Run suite without the large boundary fixture	2026-10-02T03:40:44.9444025Z       ---
check (22.19.0)	Run suite without the large boundary fixture	2026-10-02T03:40:44.9444367Z       duration_ms: 32.110799
check (22.19.0)	Run suite without the large boundary fixture	2026-10-02T03:40:44.9444771Z       type: 'test'
check (22.19.0)	Run suite without the large boundary fixture	2026-10-02T03:40:44.9445102Z       ...
check (22.19.0)	Run suite without the large boundary fixture	2026-10-02T03:40:44.9445794Z     # Subtest: state compatibility includes transitive schemas and ignores unrelated additions
check (22.19.0)	Run suite without the large boundary fixture	2026-10-02T03:40:44.9446924Z     ok 11 - state compatibility includes transitive schemas and ignores unrelated additions
check (22.19.0)	Run suite without the large boundary fixture	2026-10-02T03:40:44.9447643Z       ---
check (22.19.0)	Run suite without the large boundary fixture	2026-10-02T03:40:44.9447966Z       duration_ms: 69.919805
check (22.19.0)	Run suite without the large boundary fixture	2026-10-02T03:40:44.9448339Z       type: 'test'
check (22.19.0)	Run suite without the large boundary fixture	2026-10-02T03:40:44.9448661Z       ...
check (22.19.0)	Run suite without the large boundary fixture	2026-10-02T03:40:44.9449425Z     # Subtest: malformed closure and control-action rebinding are refused
check (22.19.0)	Run suite without the large boundary fixture	2026-10-02T03:40:44.9450290Z     ok 12 - malformed closure and control-action rebinding are refused
check (22.19.0)	Run suite without the large boundary fixture	2026-10-02T03:40:44.9450990Z       ---
check (22.19.0)	Run suite without the large boundary fixture	2026-10-02T03:40:44.9451311Z       duration_ms: 37.278929
check (22.19.0)	Run suite without the large boundary fixture	2026-10-02T03:40:44.9451690Z       type: 'test'
check (22.19.0)	Run suite without the large boundary fixture	2026-10-02T03:40:44.9452011Z       ...
check (22.19.0)	Run suite without the large boundary fixture	2026-10-02T03:40:44.9452300Z     1..12
check (22.19.0)	Run suite without the large boundary fixture	2026-10-02T03:40:44.9452929Z ok 14 - compatible activation preserves its exact interpretation boundary
check (22.19.0)	Run suite without the large boundary fixture	2026-10-02T03:40:44.9453560Z   ---
check (22.19.0)	Run suite without the large boundary fixture	2026-10-02T03:40:44.9453879Z   duration_ms: 6284.543732
check (22.19.0)	Run suite without the large boundary fixture	2026-10-02T03:40:44.9454255Z   type: 'test'
check (22.19.0)	Run suite without the large boundary fixture	2026-10-02T03:40:44.9454568Z   ...
check (22.19.0)	Run suite without the large boundary fixture	2026-10-02T03:40:46.0479224Z # (node:4045) ExperimentalWarning: SQLite is an experimental feature and might change at any time
check (22.19.0)	Run suite without the large boundary fixture	2026-10-02T03:40:46.0480530Z # (Use `node --trace-warnings ...` to show where the warning was created)
check (22.19.0)	Run suite without the large boundary fixture	2026-10-02T03:40:56.9155847Z # Subtest: evolve a real app and explicitly replace its stale pending work
check (22.19.0)	Run suite without the large boundary fixture	2026-10-02T03:40:56.9157281Z     # Subtest: ordinary state is retained while another browser queues an old-definition act
check (22.19.0)	Run suite without the large boundary fixture	2026-10-02T03:40:56.9158490Z     ok 1 - ordinary state is retained while another browser queues an old-definition act
check (22.19.0)	Run suite without the large boundary fixture	2026-10-02T03:40:56.9159603Z       ---
check (22.19.0)	Run suite without the large boundary fixture	2026-10-02T03:40:56.9160104Z       duration_ms: 1668.359164
check (22.19.0)	Run suite without the large boundary fixture	2026-10-02T03:40:56.9169950Z       type: 'test'
check (22.19.0)	Run suite without the large boundary fixture	2026-10-02T03:40:56.9172862Z       ...
check (22.19.0)	Run suite without the large boundary fixture	2026-10-02T03:40:57.2249560Z     # Subtest: comparison works locally and an ungranted browser cannot apply
check (22.19.0)	Run suite without the large boundary fixture	2026-10-02T03:40:57.2258444Z     ok 2 - comparison works locally and an ungranted browser cannot apply
check (22.19.0)	Run suite without the large boundary fixture	2026-10-02T03:40:57.2259681Z       ---
check (22.19.0)	Run suite without the large boundary fixture	2026-10-02T03:40:57.2260220Z       duration_ms: 297.708765
check (22.19.0)	Run suite without the large boundary fixture	2026-10-02T03:40:57.2260804Z       type: 'test'
check (22.19.0)	Run suite without the large boundary fixture	2026-10-02T03:40:57.2261303Z       ...
check (22.19.0)	Run suite without the large boundary fixture	2026-10-02T03:41:02.8912592Z     # Subtest: CLI staging and preparing an activation do not activate it
check (22.19.0)	Run suite without the large boundary fixture	2026-10-02T03:41:02.8913920Z     ok 3 - CLI staging and preparing an activation do not activate it
check (22.19.0)	Run suite without the large boundary fixture	2026-10-02T03:41:02.8914739Z       ---
check (22.19.0)	Run suite without the large boundary fixture	2026-10-02T03:41:02.8915286Z       duration_ms: 5671.502357
check (22.19.0)	Run suite without the large boundary fixture	2026-10-02T03:41:02.8915875Z       type: 'test'
check (22.19.0)	Run suite without the large boundary fixture	2026-10-02T03:41:02.8916402Z       ...
check (22.19.0)	Run suite without the large boundary fixture	2026-10-02T03:41:03.8350336Z     # Subtest: explicit Apply records the boundary and preserves existing data
check (22.19.0)	Run suite without the large boundary fixture	2026-10-02T03:41:03.8351829Z     ok 4 - explicit Apply records the boundary and preserves existing data
check (22.19.0)	Run suite without the large boundary fixture	2026-10-02T03:41:03.8352635Z       ---
check (22.19.0)	Run suite without the large boundary fixture	2026-10-02T03:41:03.8353074Z       duration_ms: 944.577803
check (22.19.0)	Run suite without the large boundary fixture	2026-10-02T03:41:03.8353669Z       type: 'test'
check (22.19.0)	Run suite without the large boundary fixture	2026-10-02T03:41:03.8354325Z       ...
check (22.19.0)	Run suite without the large boundary fixture	2026-10-02T03:41:07.1055465Z     # Subtest: a prepared activation racing from the same old definition is ineffective
check (22.19.0)	Run suite without the large boundary fixture	2026-10-02T03:41:07.1069742Z     ok 5 - a prepared activation racing from the same old definition is ineffective
check (22.19.0)	Run suite without the large boundary fixture	2026-10-02T03:41:07.1129793Z       ---
check (22.19.0)	Run suite without the large boundary fixture	2026-10-02T03:41:07.1130758Z       duration_ms: 3278.762239
check (22.19.0)	Run suite without the large boundary fixture	2026-10-02T03:41:07.1131366Z       type: 'test'
check (22.19.0)	Run suite without the large boundary fixture	2026-10-02T03:41:07.1131885Z       ...
check (22.19.0)	Run suite without the large boundary fixture	2026-10-02T03:41:08.5036009Z     # Subtest: reconnecting delivers the old signed intent unchanged exactly once
check (22.19.0)	Run suite without the large boundary fixture	2026-10-02T03:41:08.5054682Z     ok 6 - reconnecting delivers the old signed intent unchanged exactly once
check (22.19.0)	Run suite without the large boundary fixture	2026-10-02T03:41:08.5055569Z       ---
check (22.19.0)	Run suite without the large boundary fixture	2026-10-02T03:41:08.5056121Z       duration_ms: 1395.890302
check (22.19.0)	Run suite without the large boundary fixture	2026-10-02T03:41:08.5056660Z       type: 'test'
check (22.19.0)	Run suite without the large boundary fixture	2026-10-02T03:41:08.5057100Z       ...
check (22.19.0)	Run suite without the large boundary fixture	2026-10-02T03:41:09.9580320Z     # Subtest: review preserves entered values and signs a replacement only on Save
check (22.19.0)	Run suite without the large boundary fixture	2026-10-02T03:41:09.9585182Z     ok 7 - review preserves entered values and signs a replacement only on Save
check (22.19.0)	Run suite without the large boundary fixture	2026-10-02T03:41:09.9586191Z       ---
check (22.19.0)	Run suite without the large boundary fixture	2026-10-02T03:41:09.9586769Z       duration_ms: 1452.014999
check (22.19.0)	Run suite without the large boundary fixture	2026-10-02T03:41:09.9587375Z       type: 'test'
check (22.19.0)	Run suite without the large boundary fixture	2026-10-02T03:41:09.9587900Z       ...
check (22.19.0)	Run suite without the large boundary fixture	2026-10-02T03:41:11.2599813Z     # Subtest: the new action, query and view use the preserved state
check (22.19.0)	Run suite without the large boundary fixture	2026-10-02T03:41:11.2601225Z     ok 8 - the new action, query and view use the preserved state
check (22.19.0)	Run suite without the large boundary fixture	2026-10-02T03:41:11.2601992Z       ---
check (22.19.0)	Run suite without the large boundary fixture	2026-10-02T03:41:11.2602530Z       duration_ms: 1304.298189
check (22.19.0)	Run suite without the large boundary fixture	2026-10-02T03:41:11.2603126Z       type: 'test'
check (22.19.0)	Run suite without the large boundary fixture	2026-10-02T03:41:11.2603617Z       ...
check (22.19.0)	Run suite without the large boundary fixture	2026-10-02T03:41:13.1255031Z     # Subtest: offline queue order preserves add-then-select dependencies
check (22.19.0)	Run suite without the large boundary fixture	2026-10-02T03:41:13.1259461Z     ok 9 - offline queue order preserves add-then-select dependencies
check (22.19.0)	Run suite without the large boundary fixture	2026-10-02T03:41:13.1260334Z       ---
check (22.19.0)	Run suite without the large boundary fixture	2026-10-02T03:41:13.1260880Z       duration_ms: 1865.685298
check (22.19.0)	Run suite without the large boundary fixture	2026-10-02T03:41:13.1261457Z       type: 'test'
check (22.19.0)	Run suite without the large boundary fixture	2026-10-02T03:41:13.1261950Z       ...
check (22.19.0)	Run suite without the large boundary fixture	2026-10-02T03:41:13.2440860Z     # Subtest: a recorded unauthorized activation is refused under the fixed grant
check (22.19.0)	Run suite without the large boundary fixture	2026-10-02T03:41:13.2459798Z     ok 10 - a recorded unauthorized activation is refused under the fixed grant
check (22.19.0)	Run suite without the large boundary fixture	2026-10-02T03:41:13.2460911Z       ---
check (22.19.0)	Run suite without the large boundary fixture	2026-10-02T03:41:13.2462160Z       duration_ms: 117.136089
check (22.19.0)	Run suite without the large boundary fixture	2026-10-02T03:41:13.2462796Z       type: 'test'
check (22.19.0)	Run suite without the large boundary fixture	2026-10-02T03:41:13.2463316Z       ...
check (22.19.0)	Run suite without the large boundary fixture	2026-10-02T03:41:13.6575370Z     # Subtest: an incompatible proposal preserves the app and current data
check (22.19.0)	Run suite without the large boundary fixture	2026-10-02T03:41:13.6583498Z     ok 11 - an incompatible proposal preserves the app and current data
check (22.19.0)	Run suite without the large boundary fixture	2026-10-02T03:41:13.6584238Z       ---
check (22.19.0)	Run suite without the large boundary fixture	2026-10-02T03:41:13.6584665Z       duration_ms: 408.916514
check (22.19.0)	Run suite without the large boundary fixture	2026-10-02T03:41:13.6585192Z       type: 'test'
check (22.19.0)	Run suite without the large boundary fixture	2026-10-02T03:41:13.6585617Z       ...
check (22.19.0)	Run suite without the large boundary fixture	2026-10-02T03:41:26.9656928Z     # Subtest: sync delivers an oversized closure so host, CLI and fresh browser agree and continue
check (22.19.0)	Run suite without the large boundary fixture	2026-10-02T03:41:26.9679698Z     ok 12 - sync delivers an oversized closure so host, CLI and fresh browser agree and continue
check (22.19.0)	Run suite without the large boundary fixture	2026-10-02T03:41:26.9769317Z       ---
check (22.19.0)	Run suite without the large boundary fixture	2026-10-02T03:41:26.9780010Z       duration_ms: 13311.818244
check (22.19.0)	Run suite without the large boundary fixture	2026-10-02T03:41:26.9799585Z       type: 'test'
check (22.19.0)	Run suite without the large boundary fixture	2026-10-02T03:41:26.9800047Z       ...
check (22.19.0)	Run suite without the large boundary fixture	2026-10-02T03:41:27.7925608Z     # Subtest: restarting the host rebuilds the active definition and every outcome
check (22.19.0)	Run suite without the large boundary fixture	2026-10-02T03:41:27.7927505Z     ok 13 - restarting the host rebuilds the active definition and every outcome
check (22.19.0)	Run suite without the large boundary fixture	2026-10-02T03:41:27.7928385Z       ---
check (22.19.0)	Run suite without the large boundary fixture	2026-10-02T03:41:27.7929112Z       duration_ms: 827.200033
check (22.19.0)	Run suite without the large boundary fixture	2026-10-02T03:41:27.7929702Z       type: 'test'
check (22.19.0)	Run suite without the large boundary fixture	2026-10-02T03:41:27.7930197Z       ...
check (22.19.0)	Run suite without the large boundary fixture	2026-10-02T03:41:32.4439464Z     1..13
check (22.19.0)	Run suite without the large boundary fixture	2026-10-02T03:41:32.4440972Z ok 15 - evolve a real app and explicitly replace its stale pending work
check (22.19.0)	Run suite without the large boundary fixture	2026-10-02T03:41:32.4442580Z   ---
check (22.19.0)	Run suite without the large boundary fixture	2026-10-02T03:41:32.4445486Z   duration_ms: 46398.130379
check (22.19.0)	Run suite without the large boundary fixture	2026-10-02T03:41:32.4449080Z   type: 'test'
check (22.19.0)	Run suite without the large boundary fixture	2026-10-02T03:41:32.4450805Z   ...
check (22.19.0)	Run suite without the large boundary fixture	2026-10-02T03:41:32.8457623Z # Subtest: shared feasibility corpus passes in Node
check (22.19.0)	Run suite without the large boundary fixture	2026-10-02T03:41:32.8458858Z     # Subtest: effective state fold
check (22.19.0)	Run suite without the large boundary fixture	2026-10-02T03:41:32.8459707Z     ok 1 - effective state fold
check (22.19.0)	Run suite without the large boundary fixture	2026-10-02T03:41:32.8460871Z       ---
check (22.19.0)	Run suite without the large boundary fixture	2026-10-02T03:41:32.8461479Z       duration_ms: 0.904222
check (22.19.0)	Run suite without the large boundary fixture	2026-10-02T03:41:32.8462074Z       type: 'test'
check (22.19.0)	Run suite without the large boundary fixture	2026-10-02T03:41:32.8462618Z       ...
check (22.19.0)	Run suite without the large boundary fixture	2026-10-02T03:41:32.8463254Z     # Subtest: ineffective leaves input state unchanged
check (22.19.0)	Run suite without the large boundary fixture	2026-10-02T03:41:32.8464127Z     ok 2 - ineffective leaves input state unchanged
check (22.19.0)	Run suite without the large boundary fixture	2026-10-02T03:41:32.8464817Z       ---
check (22.19.0)	Run suite without the large boundary fixture	2026-10-02T03:41:32.8465339Z       duration_ms: 0.129392
check (22.19.0)	Run suite without the large boundary fixture	2026-10-02T03:41:32.8465908Z       type: 'test'
check (22.19.0)	Run suite without the large boundary fixture	2026-10-02T03:41:32.8466436Z       ...
check (22.19.0)	Run suite without the large boundary fixture	2026-10-02T03:41:32.8466962Z     # Subtest: pure query
check (22.19.0)	Run suite without the large boundary fixture	2026-10-02T03:41:32.8467573Z     ok 3 - pure query
check (22.19.0)	Run suite without the large boundary fixture	2026-10-02T03:41:32.8468128Z       ---
check (22.19.0)	Run suite without the large boundary fixture	2026-10-02T03:41:32.8468909Z       duration_ms: 0.138435
check (22.19.0)	Run suite without the large boundary fixture	2026-10-02T03:41:32.8469596Z       type: 'test'
check (22.19.0)	Run suite without the large boundary fixture	2026-10-02T03:41:32.8470120Z       ...
check (22.19.0)	Run suite without the large boundary fixture	2026-10-02T03:41:32.8470738Z     # Subtest: array append and multiplication
check (22.19.0)	Run suite without the large boundary fixture	2026-10-02T03:41:32.8471499Z     ok 4 - array append and multiplication
check (22.19.0)	Run suite without the large boundary fixture	2026-10-02T03:41:32.8472162Z       ---
check (22.19.0)	Run suite without the large boundary fixture	2026-10-02T03:41:32.8472689Z       duration_ms: 0.109783
check (22.19.0)	Run suite without the large boundary fixture	2026-10-02T03:41:32.8473266Z       type: 'test'
check (22.19.0)	Run suite without the large boundary fixture	2026-10-02T03:41:32.8473779Z       ...
check (22.19.0)	Run suite without the large boundary fixture	2026-10-02T03:41:32.8474351Z     # Subtest: malformed fold output
check (22.19.0)	Run suite without the large boundary fixture	2026-10-02T03:41:32.8475064Z     ok 5 - malformed fold output
check (22.19.0)	Run suite without the large boundary fixture	2026-10-02T03:41:32.8475671Z       ---
check (22.19.0)	Run suite without the large boundary fixture	2026-10-02T03:41:32.8476187Z       duration_ms: 0.097044
check (22.19.0)	Run suite without the large boundary fixture	2026-10-02T03:41:32.8476749Z       type: 'test'
check (22.19.0)	Run suite without the large boundary fixture	2026-10-02T03:41:32.8477262Z       ...
check (22.19.0)	Run suite without the large boundary fixture	2026-10-02T03:41:32.8477853Z     # Subtest: ineffective cannot carry state
check (22.19.0)	Run suite without the large boundary fixture	2026-10-02T03:41:32.8478586Z     ok 6 - ineffective cannot carry state
check (22.19.0)	Run suite without the large boundary fixture	2026-10-02T03:41:32.8479396Z       ---
check (22.19.0)	Run suite without the large boundary fixture	2026-10-02T03:41:32.8481718Z       duration_ms: 0.098336
check (22.19.0)	Run suite without the large boundary fixture	2026-10-02T03:41:32.8482534Z       type: 'test'
check (22.19.0)	Run suite without the large boundary fixture	2026-10-02T03:41:32.8483083Z       ...
check (22.19.0)	Run suite without the large boundary fixture	2026-10-02T03:41:32.8483655Z     # Subtest: no floating output
check (22.19.0)	Run suite without the large boundary fixture	2026-10-02T03:41:32.8484559Z     ok 7 - no floating output
check (22.19.0)	Run suite without the large boundary fixture	2026-10-02T03:41:32.8485614Z       ---
check (22.19.0)	Run suite without the large boundary fixture	2026-10-02T03:41:32.8486256Z       duration_ms: 0.099687
check (22.19.0)	Run suite without the large boundary fixture	2026-10-02T03:41:32.8488163Z       type: 'test'
check (22.19.0)	Run suite without the large boundary fixture	2026-10-02T03:41:32.8489123Z       ...
check (22.19.0)	Run suite without the large boundary fixture	2026-10-02T03:41:32.8489946Z     # Subtest: invalid syntax
check (22.19.0)	Run suite without the large boundary fixture	2026-10-02T03:41:32.8490736Z     ok 8 - invalid syntax
check (22.19.0)	Run suite without the large boundary fixture	2026-10-02T03:41:32.8492559Z       ---
check (22.19.0)	Run suite without the large boundary fixture	2026-10-02T03:41:32.8493322Z       duration_ms: 0.166778
check (22.19.0)	Run suite without the large boundary fixture	2026-10-02T03:41:32.8494335Z       type: 'test'
check (22.19.0)	Run suite without the large boundary fixture	2026-10-02T03:41:32.8496454Z       ...
check (22.19.0)	Run suite without the large boundary fixture	2026-10-02T03:41:32.8497319Z     # Subtest: forbidden: $now()
check (22.19.0)	Run suite without the large boundary fixture	2026-10-02T03:41:32.8498359Z     ok 9 - forbidden: $now()
check (22.19.0)	Run suite without the large boundary fixture	2026-10-02T03:41:32.8499346Z       ---
check (22.19.0)	Run suite without the large boundary fixture	2026-10-02T03:41:32.8501461Z       duration_ms: 0.305293
check (22.19.0)	Run suite without the large boundary fixture	2026-10-02T03:41:32.8502367Z       type: 'test'
check (22.19.0)	Run suite without the large boundary fixture	2026-10-02T03:41:32.8503340Z       ...
check (22.19.0)	Run suite without the large boundary fixture	2026-10-02T03:41:32.8504114Z     # Subtest: forbidden: $millis()
check (22.19.0)	Run suite without the large boundary fixture	2026-10-02T03:41:32.8506641Z     ok 10 - forbidden: $millis()
check (22.19.0)	Run suite without the large boundary fixture	2026-10-02T03:41:32.8507457Z       ---
check (22.19.0)	Run suite without the large boundary fixture	2026-10-02T03:41:32.8507976Z       duration_ms: 0.136472
check (22.19.0)	Run suite without the large boundary fixture	2026-10-02T03:41:32.8509464Z       type: 'test'
check (22.19.0)	Run suite without the large boundary fixture	2026-10-02T03:41:32.8510284Z       ...
check (22.19.0)	Run suite without the large boundary fixture	2026-10-02T03:41:32.8512894Z     # Subtest: forbidden: $random()
check (22.19.0)	Run suite without the large boundary fixture	2026-10-02T03:41:32.8514169Z     ok 11 - forbidden: $random()
check (22.19.0)	Run suite without the large boundary fixture	2026-10-02T03:41:32.8516017Z       ---
check (22.19.0)	Run suite without the large boundary fixture	2026-10-02T03:41:32.8518310Z       duration_ms: 0.074851
check (22.19.0)	Run suite without the large boundary fixture	2026-10-02T03:41:32.8520189Z       type: 'test'
check (22.19.0)	Run suite without the large boundary fixture	2026-10-02T03:41:32.8522522Z       ...
check (22.19.0)	Run suite without the large boundary fixture	2026-10-02T03:41:32.8523707Z     # Subtest: forbidden: $shuffle([1,2])
check (22.19.0)	Run suite without the large boundary fixture	2026-10-02T03:41:32.8526815Z     ok 12 - forbidden: $shuffle([1,2])
check (22.19.0)	Run suite without the large boundary fixture	2026-10-02T03:41:32.8528319Z       ---
check (22.19.0)	Run suite without the large boundary fixture	2026-10-02T03:41:32.8558301Z       duration_ms: 0.081952
check (22.19.0)	Run suite without the large boundary fixture	2026-10-02T03:41:32.8561095Z       type: 'test'
check (22.19.0)	Run suite without the large boundary fixture	2026-10-02T03:41:32.8562105Z       ...
check (22.19.0)	Run suite without the large boundary fixture	2026-10-02T03:41:32.8565173Z     # Subtest: forbidden: $eval("1")
check (22.19.0)	Run suite without the large boundary fixture	2026-10-02T03:41:32.8565928Z     ok 13 - forbidden: $eval("1")
check (22.19.0)	Run suite without the large boundary fixture	2026-10-02T03:41:32.8566558Z       ---
check (22.19.0)	Run suite without the large boundary fixture	2026-10-02T03:41:32.8567108Z       duration_ms: 0.048832
check (22.19.0)	Run suite without the large boundary fixture	2026-10-02T03:41:32.8567703Z       type: 'test'
check (22.19.0)	Run suite without the large boundary fixture	2026-10-02T03:41:32.8568255Z       ...
check (22.19.0)	Run suite without the large boundary fixture	2026-10-02T03:41:32.8569050Z     # Subtest: forbidden: function($x){$x}(1)
check (22.19.0)	Run suite without the large boundary fixture	2026-10-02T03:41:32.8569828Z     ok 14 - forbidden: function($x){$x}(1)
check (22.19.0)	Run suite without the large boundary fixture	2026-10-02T03:41:32.8580566Z       ---
check (22.19.0)	Run suite without the large boundary fixture	2026-10-02T03:41:32.8580922Z       duration_ms: 0.046479
check (22.19.0)	Run suite without the large boundary fixture	2026-10-02T03:41:32.8581321Z       type: 'test'
check (22.19.0)	Run suite without the large boundary fixture	2026-10-02T03:41:32.8581650Z       ...
check (22.19.0)	Run suite without the large boundary fixture	2026-10-02T03:41:32.8582065Z     # Subtest: forbidden: ($v_f := $now; $v_f())
check (22.19.0)	Run suite without the large boundary fixture	2026-10-02T03:41:32.8582619Z     ok 15 - forbidden: ($v_f := $now; $v_f())
check (22.19.0)	Run suite without the large boundary fixture	2026-10-02T03:41:32.8583053Z       ---
check (22.19.0)	Run suite without the large boundary fixture	2026-10-02T03:41:32.8583369Z       duration_ms: 0.039308
check (22.19.0)	Run suite without the large boundary fixture	2026-10-02T03:41:32.8583735Z       type: 'test'
check (22.19.0)	Run suite without the large boundary fixture	2026-10-02T03:41:32.8584046Z       ...
check (22.19.0)	Run suite without the large boundary fixture	2026-10-02T03:41:32.8584408Z     # Subtest: forbidden: [1..100000000]
check (22.19.0)	Run suite without the large boundary fixture	2026-10-02T03:41:32.8584902Z     ok 16 - forbidden: [1..100000000]
check (22.19.0)	Run suite without the large boundary fixture	2026-10-02T03:41:32.8585303Z       ---
check (22.19.0)	Run suite without the large boundary fixture	2026-10-02T03:41:32.8585599Z       duration_ms: 0.037876
check (22.19.0)	Run suite without the large boundary fixture	2026-10-02T03:41:32.8585963Z       type: 'test'
check (22.19.0)	Run suite without the large boundary fixture	2026-10-02T03:41:32.8586269Z       ...
check (22.19.0)	Run suite without the large boundary fixture	2026-10-02T03:41:32.8586614Z     # Subtest: forbidden: /(a+)+$/
check (22.19.0)	Run suite without the large boundary fixture	2026-10-02T03:41:32.8586944Z     ok 17 - forbidden: /(a+)+$/
check (22.19.0)	Run suite without the large boundary fixture	2026-10-02T03:41:32.8587205Z       ---
check (22.19.0)	Run suite without the large boundary fixture	2026-10-02T03:41:32.8587412Z       duration_ms: 0.035423
check (22.19.0)	Run suite without the large boundary fixture	2026-10-02T03:41:32.8587667Z       type: 'test'
check (22.19.0)	Run suite without the large boundary fixture	2026-10-02T03:41:32.8587872Z       ...
check (22.19.0)	Run suite without the large boundary fixture	2026-10-02T03:41:32.8588125Z     # Subtest: forbidden: $pad("a",100000000)
check (22.19.0)	Run suite without the large boundary fixture	2026-10-02T03:41:32.8588458Z     ok 18 - forbidden: $pad("a",100000000)
check (22.19.0)	Run suite without the large boundary fixture	2026-10-02T03:41:32.8588969Z       ---
check (22.19.0)	Run suite without the large boundary fixture	2026-10-02T03:41:32.8589278Z       duration_ms: 0.104505
check (22.19.0)	Run suite without the large boundary fixture	2026-10-02T03:41:32.8589649Z       type: 'test'
check (22.19.0)	Run suite without the large boundary fixture	2026-10-02T03:41:32.8589979Z       ...
check (22.19.0)	Run suite without the large boundary fixture	2026-10-02T03:41:32.8590400Z     # Subtest: forbidden: $map([1],function($x){$x})
check (22.19.0)	Run suite without the large boundary fixture	2026-10-02T03:41:32.8591008Z     ok 19 - forbidden: $map([1],function($x){$x})
check (22.19.0)	Run suite without the large boundary fixture	2026-10-02T03:41:32.8591493Z       ---
check (22.19.0)	Run suite without the large boundary fixture	2026-10-02T03:41:32.8591805Z       duration_ms: 0.05397
check (22.19.0)	Run suite without the large boundary fixture	2026-10-02T03:41:32.8592182Z       type: 'test'
check (22.19.0)	Run suite without the large boundary fixture	2026-10-02T03:41:32.8592503Z       ...
check (22.19.0)	Run suite without the large boundary fixture	2026-10-02T03:41:32.8592950Z     # Subtest: forbidden: $lookup({},"constructor")()
check (22.19.0)	Run suite without the large boundary fixture	2026-10-02T03:41:32.8600573Z     ok 20 - forbidden: $lookup({},"constructor")()
check (22.19.0)	Run suite without the large boundary fixture	2026-10-02T03:41:32.8601218Z       ---
check (22.19.0)	Run suite without the large boundary fixture	2026-10-02T03:41:32.8601596Z       duration_ms: 0.057896
check (22.19.0)	Run suite without the large boundary fixture	2026-10-02T03:41:32.8602002Z       type: 'test'
check (22.19.0)	Run suite without the large boundary fixture	2026-10-02T03:41:32.8602333Z       ...
check (22.19.0)	Run suite without the large boundary fixture	2026-10-02T03:41:32.8602785Z     # Subtest: literal ambient-function text is data
check (22.19.0)	Run suite without the large boundary fixture	2026-10-02T03:41:32.8603403Z     ok 21 - literal ambient-function text is data
check (22.19.0)	Run suite without the large boundary fixture	2026-10-02T03:41:32.8603892Z       ---
check (22.19.0)	Run suite without the large boundary fixture	2026-10-02T03:41:32.8604227Z       duration_ms: 0.048031
check (22.19.0)	Run suite without the large boundary fixture	2026-10-02T03:41:32.8604619Z       type: 'test'
check (22.19.0)	Run suite without the large boundary fixture	2026-10-02T03:41:32.8604941Z       ...
check (22.19.0)	Run suite without the large boundary fixture	2026-10-02T03:41:32.8605332Z     # Subtest: deterministic work exhaustion
check (22.19.0)	Run suite without the large boundary fixture	2026-10-02T03:41:32.8605874Z     ok 22 - deterministic work exhaustion
check (22.19.0)	Run suite without the large boundary fixture	2026-10-02T03:41:32.8606333Z       ---
check (22.19.0)	Run suite without the large boundary fixture	2026-10-02T03:41:32.8606658Z       duration_ms: 0.10106
check (22.19.0)	Run suite without the large boundary fixture	2026-10-02T03:41:32.8607049Z       type: 'test'
check (22.19.0)	Run suite without the large boundary fixture	2026-10-02T03:41:32.8607373Z       ...
check (22.19.0)	Run suite without the large boundary fixture	2026-10-02T03:41:32.8607743Z     # Subtest: program bytes exact cap
check (22.19.0)	Run suite without the large boundary fixture	2026-10-02T03:41:32.8643439Z     ok 23 - program bytes exact cap
check (22.19.0)	Run suite without the large boundary fixture	2026-10-02T03:41:32.8644034Z       ---
check (22.19.0)	Run suite without the large boundary fixture	2026-10-02T03:41:32.8644393Z       duration_ms: 0.048542
check (22.19.0)	Run suite without the large boundary fixture	2026-10-02T03:41:32.8644818Z       type: 'test'
check (22.19.0)	Run suite without the large boundary fixture	2026-10-02T03:41:32.8645170Z       ...
check (22.19.0)	Run suite without the large boundary fixture	2026-10-02T03:41:32.8645559Z     # Subtest: action bytes exact cap
check (22.19.0)	Run suite without the large boundary fixture	2026-10-02T03:41:32.8646067Z     ok 24 - action bytes exact cap
check (22.19.0)	Run suite without the large boundary fixture	2026-10-02T03:41:32.8646496Z       ---
check (22.19.0)	Run suite without the large boundary fixture	2026-10-02T03:41:32.8646827Z       duration_ms: 0.038057
check (22.19.0)	Run suite without the large boundary fixture	2026-10-02T03:41:32.8647206Z       type: 'test'
check (22.19.0)	Run suite without the large boundary fixture	2026-10-02T03:41:32.8647549Z       ...
check (22.19.0)	Run suite without the large boundary fixture	2026-10-02T03:41:32.8647945Z     # Subtest: complete input bytes exact cap
check (22.19.0)	Run suite without the large boundary fixture	2026-10-02T03:41:32.8648498Z     ok 25 - complete input bytes exact cap
check (22.19.0)	Run suite without the large boundary fixture	2026-10-02T03:41:32.8649122Z       ---
check (22.19.0)	Run suite without the large boundary fixture	2026-10-02T03:41:32.8649749Z       duration_ms: 0.036464
check (22.19.0)	Run suite without the large boundary fixture	2026-10-02T03:41:32.8650131Z       type: 'test'
check (22.19.0)	Run suite without the large boundary fixture	2026-10-02T03:41:32.8650454Z       ...
check (22.19.0)	Run suite without the large boundary fixture	2026-10-02T03:41:32.8650841Z     # Subtest: query output bytes exact cap
check (22.19.0)	Run suite without the large boundary fixture	2026-10-02T03:41:32.8651371Z     ok 26 - query output bytes exact cap
check (22.19.0)	Run suite without the large boundary fixture	2026-10-02T03:41:32.8651802Z       ---
check (22.19.0)	Run suite without the large boundary fixture	2026-10-02T03:41:32.8652135Z       duration_ms: 0.043745
check (22.19.0)	Run suite without the large boundary fixture	2026-10-02T03:41:32.8652728Z       type: 'test'
check (22.19.0)	Run suite without the large boundary fixture	2026-10-02T03:41:32.8653060Z       ...
check (22.19.0)	Run suite without the large boundary fixture	2026-10-02T03:41:32.8653542Z     # Subtest: source complexity rejected before evaluation
check (22.19.0)	Run suite without the large boundary fixture	2026-10-02T03:41:32.8654202Z     ok 27 - source complexity rejected before evaluation
check (22.19.0)	Run suite without the large boundary fixture	2026-10-02T03:41:32.8654700Z       ---
check (22.19.0)	Run suite without the large boundary fixture	2026-10-02T03:41:32.8655022Z       duration_ms: 0.08105
check (22.19.0)	Run suite without the large boundary fixture	2026-10-02T03:41:32.8655413Z       type: 'test'
check (22.19.0)	Run suite without the large boundary fixture	2026-10-02T03:41:32.8655742Z       ...
check (22.19.0)	Run suite without the large boundary fixture	2026-10-02T03:41:32.8656151Z     # Subtest: intermediate growth is bounded
check (22.19.0)	Run suite without the large boundary fixture	2026-10-02T03:41:32.8656692Z     ok 28 - intermediate growth is bounded
check (22.19.0)	Run suite without the large boundary fixture	2026-10-02T03:41:32.8657140Z       ---
check (22.19.0)	Run suite without the large boundary fixture	2026-10-02T03:41:32.8657460Z       duration_ms: 0.083624
check (22.19.0)	Run suite without the large boundary fixture	2026-10-02T03:41:32.8657841Z       type: 'test'
check (22.19.0)	Run suite without the large boundary fixture	2026-10-02T03:41:32.8658154Z       ...
check (22.19.0)	Run suite without the large boundary fixture	2026-10-02T03:41:32.8658626Z     # Subtest: ordinary JSONata locals need no custom naming
check (22.19.0)	Run suite without the large boundary fixture	2026-10-02T03:41:32.8659476Z     ok 29 - ordinary JSONata locals need no custom naming
check (22.19.0)	Run suite without the large boundary fixture	2026-10-02T03:41:32.8659969Z       ---
check (22.19.0)	Run suite without the large boundary fixture	2026-10-02T03:41:32.8660284Z       duration_ms: 0.046378
check (22.19.0)	Run suite without the large boundary fixture	2026-10-02T03:41:32.8660684Z       type: 'test'
check (22.19.0)	Run suite without the large boundary fixture	2026-10-02T03:41:32.8661000Z       ...
check (22.19.0)	Run suite without the large boundary fixture	2026-10-02T03:41:32.8661402Z     # Subtest: built-in callable cannot be replaced
check (22.19.0)	Run suite without the large boundary fixture	2026-10-02T03:41:32.8662002Z     ok 30 - built-in callable cannot be replaced
check (22.19.0)	Run suite without the large boundary fixture	2026-10-02T03:41:32.8662511Z       ---
check (22.19.0)	Run suite without the large boundary fixture	2026-10-02T03:41:32.8662829Z       duration_ms: 0.042473
check (22.19.0)	Run suite without the large boundary fixture	2026-10-02T03:41:32.8663201Z       type: 'test'
check (22.19.0)	Run suite without the large boundary fixture	2026-10-02T03:41:32.8663522Z       ...
check (22.19.0)	Run suite without the large boundary fixture	2026-10-02T03:41:32.8663886Z     # Subtest: state bytes exact cap
check (22.19.0)	Run suite without the large boundary fixture	2026-10-02T03:41:32.8664362Z     ok 31 - state bytes exact cap
check (22.19.0)	Run suite without the large boundary fixture	2026-10-02T03:41:32.8664761Z       ---
check (22.19.0)	Run suite without the large boundary fixture	2026-10-02T03:41:32.8665089Z       duration_ms: 0.040139
check (22.19.0)	Run suite without the large boundary fixture	2026-10-02T03:41:32.8665455Z       type: 'test'
check (22.19.0)	Run suite without the large boundary fixture	2026-10-02T03:41:32.8665761Z       ...
check (22.19.0)	Run suite without the large boundary fixture	2026-10-02T03:41:32.8666113Z     # Subtest: input depth exact cap
check (22.19.0)	Run suite without the large boundary fixture	2026-10-02T03:41:32.8666595Z     ok 32 - input depth exact cap
check (22.19.0)	Run suite without the large boundary fixture	2026-10-02T03:41:32.8666987Z       ---
check (22.19.0)	Run suite without the large boundary fixture	2026-10-02T03:41:32.8667295Z       duration_ms: 0.037025
check (22.19.0)	Run suite without the large boundary fixture	2026-10-02T03:41:32.8667650Z       type: 'test'
check (22.19.0)	Run suite without the large boundary fixture	2026-10-02T03:41:32.8667986Z       ...
check (22.19.0)	Run suite without the large boundary fixture	2026-10-02T03:41:32.8668343Z     # Subtest: safe integer boundaries
check (22.19.0)	Run suite without the large boundary fixture	2026-10-02T03:41:32.8687381Z     ok 33 - safe integer boundaries
check (22.19.0)	Run suite without the large boundary fixture	2026-10-02T03:41:32.8687882Z       ---
check (22.19.0)	Run suite without the large boundary fixture	2026-10-02T03:41:32.8688220Z       duration_ms: 0.039148
check (22.19.0)	Run suite without the large boundary fixture	2026-10-02T03:41:32.8688622Z       type: 'test'
check (22.19.0)	Run suite without the large boundary fixture	2026-10-02T03:41:32.8689115Z       ...
check (22.19.0)	Run suite without the large boundary fixture	2026-10-02T03:41:32.8689569Z     # Subtest: null, absent, extras, array order preserved
check (22.19.0)	Run suite without the large boundary fixture	2026-10-02T03:41:32.8690221Z     ok 34 - null, absent, extras, array order preserved
check (22.19.0)	Run suite without the large boundary fixture	2026-10-02T03:41:32.8690723Z       ---
check (22.19.0)	Run suite without the large boundary fixture	2026-10-02T03:41:32.8691045Z       duration_ms: 0.043044
check (22.19.0)	Run suite without the large boundary fixture	2026-10-02T03:41:32.8691431Z       type: 'test'
check (22.19.0)	Run suite without the large boundary fixture	2026-10-02T03:41:32.8691742Z       ...
check (22.19.0)	Run suite without the large boundary fixture	2026-10-02T03:41:32.8692187Z     # Subtest: prototype and invalid Unicode refused
check (22.19.0)	Run suite without the large boundary fixture	2026-10-02T03:41:32.8692793Z     ok 35 - prototype and invalid Unicode refused
check (22.19.0)	Run suite without the large boundary fixture	2026-10-02T03:41:32.8693245Z       ---
check (22.19.0)	Run suite without the large boundary fixture	2026-10-02T03:41:32.8693566Z       duration_ms: 0.049493
check (22.19.0)	Run suite without the large boundary fixture	2026-10-02T03:41:32.8693950Z       type: 'test'
check (22.19.0)	Run suite without the large boundary fixture	2026-10-02T03:41:32.8694284Z       ...
check (22.19.0)	Run suite without the large boundary fixture	2026-10-02T03:41:32.8694664Z     # Subtest: runtime-loaded state schema
check (22.19.0)	Run suite without the large boundary fixture	2026-10-02T03:41:32.8695180Z     ok 36 - runtime-loaded state schema
check (22.19.0)	Run suite without the large boundary fixture	2026-10-02T03:41:32.8695609Z       ---
check (22.19.0)	Run suite without the large boundary fixture	2026-10-02T03:41:32.8695921Z       duration_ms: 0.042222
check (22.19.0)	Run suite without the large boundary fixture	2026-10-02T03:41:32.8696298Z       type: 'test'
check (22.19.0)	Run suite without the large boundary fixture	2026-10-02T03:41:32.8696632Z       ...
check (22.19.0)	Run suite without the large boundary fixture	2026-10-02T03:41:32.8697023Z     # Subtest: runtime-loaded query contract
check (22.19.0)	Run suite without the large boundary fixture	2026-10-02T03:41:32.8697545Z     ok 37 - runtime-loaded query contract
check (22.19.0)	Run suite without the large boundary fixture	2026-10-02T03:41:32.8697977Z       ---
check (22.19.0)	Run suite without the large boundary fixture	2026-10-02T03:41:32.8698288Z       duration_ms: 0.04075
check (22.19.0)	Run suite without the large boundary fixture	2026-10-02T03:41:32.8699050Z       type: 'test'
check (22.19.0)	Run suite without the large boundary fixture	2026-10-02T03:41:32.8699369Z       ...
check (22.19.0)	Run suite without the large boundary fixture	2026-10-02T03:41:32.8699798Z     # Subtest: domain type validation does not coerce
check (22.19.0)	Run suite without the large boundary fixture	2026-10-02T03:41:32.8700395Z     ok 38 - domain type validation does not coerce
check (22.19.0)	Run suite without the large boundary fixture	2026-10-02T03:41:32.8700860Z       ---
check (22.19.0)	Run suite without the large boundary fixture	2026-10-02T03:41:32.8701183Z       duration_ms: 0.039659
check (22.19.0)	Run suite without the large boundary fixture	2026-10-02T03:41:32.8701541Z       type: 'test'
check (22.19.0)	Run suite without the large boundary fixture	2026-10-02T03:41:32.8701854Z       ...
check (22.19.0)	Run suite without the large boundary fixture	2026-10-02T03:41:32.8702461Z     # Subtest: query output validated
check (22.19.0)	Run suite without the large boundary fixture	2026-10-02T03:41:32.8702947Z     ok 39 - query output validated
check (22.19.0)	Run suite without the large boundary fixture	2026-10-02T03:41:32.8703342Z       ---
check (22.19.0)	Run suite without the large boundary fixture	2026-10-02T03:41:32.8703635Z       duration_ms: 0.806166
check (22.19.0)	Run suite without the large boundary fixture	2026-10-02T03:41:32.8704006Z       type: 'test'
check (22.19.0)	Run suite without the large boundary fixture	2026-10-02T03:41:32.8704325Z       ...
check (22.19.0)	Run suite without the large boundary fixture	2026-10-02T03:41:32.8704808Z     # Subtest: second bundle: nested refs, arrays and closed union
check (22.19.0)	Run suite without the large boundary fixture	2026-10-02T03:41:32.8705560Z     ok 40 - second bundle: nested refs, arrays and closed union
check (22.19.0)	Run suite without the large boundary fixture	2026-10-02T03:41:32.8706070Z       ---
check (22.19.0)	Run suite without the large boundary fixture	2026-10-02T03:41:32.8706385Z       duration_ms: 0.056915
check (22.19.0)	Run suite without the large boundary fixture	2026-10-02T03:41:32.8706785Z       type: 'test'
check (22.19.0)	Run suite without the large boundary fixture	2026-10-02T03:41:32.8707106Z       ...
check (22.19.0)	Run suite without the large boundary fixture	2026-10-02T03:41:32.8707495Z     # Subtest: closed union rejects unknown member
check (22.19.0)	Run suite without the large boundary fixture	2026-10-02T03:41:32.8708067Z     ok 41 - closed union rejects unknown member
check (22.19.0)	Run suite without the large boundary fixture	2026-10-02T03:41:32.8708509Z       ---
check (22.19.0)	Run suite without the large boundary fixture	2026-10-02T03:41:32.8713736Z       duration_ms: 0.07367
check (22.19.0)	Run suite without the large boundary fixture	2026-10-02T03:41:32.8714173Z       type: 'test'
check (22.19.0)	Run suite without the large boundary fixture	2026-10-02T03:41:32.8714521Z       ...
check (22.19.0)	Run suite without the large boundary fixture	2026-10-02T03:41:32.8714954Z     # Subtest: optional does not mean nullable
check (22.19.0)	Run suite without the large boundary fixture	2026-10-02T03:41:32.8715505Z     ok 42 - optional does not mean nullable
check (22.19.0)	Run suite without the large boundary fixture	2026-10-02T03:41:32.8715965Z       ---
check (22.19.0)	Run suite without the large boundary fixture	2026-10-02T03:41:32.8716295Z       duration_ms: 0.062302
check (22.19.0)	Run suite without the large boundary fixture	2026-10-02T03:41:32.8716679Z       type: 'test'
check (22.19.0)	Run suite without the large boundary fixture	2026-10-02T03:41:32.8717007Z       ...
check (22.19.0)	Run suite without the large boundary fixture	2026-10-02T03:41:32.8717417Z     # Subtest: missing ref fails before data use
check (22.19.0)	Run suite without the large boundary fixture	2026-10-02T03:41:32.8718000Z     ok 43 - missing ref fails before data use
check (22.19.0)	Run suite without the large boundary fixture	2026-10-02T03:41:32.8718505Z       ---
check (22.19.0)	Run suite without the large boundary fixture	2026-10-02T03:41:32.8719116Z       duration_ms: 0.04763
check (22.19.0)	Run suite without the large boundary fixture	2026-10-02T03:41:32.8719634Z       type: 'test'
check (22.19.0)	Run suite without the large boundary fixture	2026-10-02T03:41:32.8719985Z       ...
check (22.19.0)	Run suite without the large boundary fixture	2026-10-02T03:41:32.8720440Z     # Subtest: defaulting rejected at source admission
check (22.19.0)	Run suite without the large boundary fixture	2026-10-02T03:41:32.8721054Z     ok 44 - defaulting rejected at source admission
check (22.19.0)	Run suite without the large boundary fixture	2026-10-02T03:41:32.8721543Z       ---
check (22.19.0)	Run suite without the large boundary fixture	2026-10-02T03:41:32.8721864Z       duration_ms: 0.064406
check (22.19.0)	Run suite without the large boundary fixture	2026-10-02T03:41:32.8722245Z       type: 'test'
check (22.19.0)	Run suite without the large boundary fixture	2026-10-02T03:41:32.8722564Z       ...
check (22.19.0)	Run suite without the large boundary fixture	2026-10-02T03:41:32.8722966Z     # Subtest: schema closure bytes exact cap
check (22.19.0)	Run suite without the large boundary fixture	2026-10-02T03:41:32.8723503Z     ok 45 - schema closure bytes exact cap
check (22.19.0)	Run suite without the large boundary fixture	2026-10-02T03:41:32.8723935Z       ---
check (22.19.0)	Run suite without the large boundary fixture	2026-10-02T03:41:32.8724237Z       duration_ms: 0.055142
check (22.19.0)	Run suite without the large boundary fixture	2026-10-02T03:41:32.8724619Z       type: 'test'
check (22.19.0)	Run suite without the large boundary fixture	2026-10-02T03:41:32.8724931Z       ...
check (22.19.0)	Run suite without the large boundary fixture	2026-10-02T03:41:32.8725290Z     # Subtest: schema file count exact cap
check (22.19.0)	Run suite without the large boundary fixture	2026-10-02T03:41:32.8725789Z     ok 46 - schema file count exact cap
check (22.19.0)	Run suite without the large boundary fixture	2026-10-02T03:41:32.8726205Z       ---
check (22.19.0)	Run suite without the large boundary fixture	2026-10-02T03:41:32.8726515Z       duration_ms: 0.050865
check (22.19.0)	Run suite without the large boundary fixture	2026-10-02T03:41:32.8726893Z       type: 'test'
check (22.19.0)	Run suite without the large boundary fixture	2026-10-02T03:41:32.8727221Z       ...
check (22.19.0)	Run suite without the large boundary fixture	2026-10-02T03:41:32.8727646Z     # Subtest: Inlay local template and query binding
check (22.19.0)	Run suite without the large boundary fixture	2026-10-02T03:41:32.8728258Z     ok 47 - Inlay local template and query binding
check (22.19.0)	Run suite without the large boundary fixture	2026-10-02T03:41:32.8728886Z       ---
check (22.19.0)	Run suite without the large boundary fixture	2026-10-02T03:41:32.8729208Z       duration_ms: 0.228229
check (22.19.0)	Run suite without the large boundary fixture	2026-10-02T03:41:32.8729599Z       type: 'test'
check (22.19.0)	Run suite without the large boundary fixture	2026-10-02T03:41:32.8729923Z       ...
check (22.19.0)	Run suite without the large boundary fixture	2026-10-02T03:41:32.8730355Z     # Subtest: Inlay absent component fails explicitly
check (22.19.0)	Run suite without the large boundary fixture	2026-10-02T03:41:32.8730971Z     ok 48 - Inlay absent component fails explicitly
check (22.19.0)	Run suite without the large boundary fixture	2026-10-02T03:41:32.8731452Z       ---
check (22.19.0)	Run suite without the large boundary fixture	2026-10-02T03:41:32.8731762Z       duration_ms: 0.065698
check (22.19.0)	Run suite without the large boundary fixture	2026-10-02T03:41:32.8732127Z       type: 'test'
check (22.19.0)	Run suite without the large boundary fixture	2026-10-02T03:41:32.8732461Z       ...
check (22.19.0)	Run suite without the large boundary fixture	2026-10-02T03:41:32.8732886Z     # Subtest: Inlay external body refused without I/O
check (22.19.0)	Run suite without the large boundary fixture	2026-10-02T03:41:32.8733481Z     ok 49 - Inlay external body refused without I/O
check (22.19.0)	Run suite without the large boundary fixture	2026-10-02T03:41:32.8733961Z       ---
check (22.19.0)	Run suite without the large boundary fixture	2026-10-02T03:41:32.8734271Z       duration_ms: 0.062483
check (22.19.0)	Run suite without the large boundary fixture	2026-10-02T03:41:32.8734630Z       type: 'test'
check (22.19.0)	Run suite without the large boundary fixture	2026-10-02T03:41:32.8735186Z       ...
check (22.19.0)	Run suite without the large boundary fixture	2026-10-02T03:41:32.8735656Z     # Subtest: Inlay missing caller property fails
check (22.19.0)	Run suite without the large boundary fixture	2026-10-02T03:41:32.8736243Z     ok 50 - Inlay missing caller property fails
check (22.19.0)	Run suite without the large boundary fixture	2026-10-02T03:41:32.8736714Z       ---
check (22.19.0)	Run suite without the large boundary fixture	2026-10-02T03:41:32.8737030Z       duration_ms: 0.059718
check (22.19.0)	Run suite without the large boundary fixture	2026-10-02T03:41:32.8737405Z       type: 'test'
check (22.19.0)	Run suite without the large boundary fixture	2026-10-02T03:41:32.8737724Z       ...
check (22.19.0)	Run suite without the large boundary fixture	2026-10-02T03:41:32.8738140Z     # Subtest: Inlay auto-submit property refused
check (22.19.0)	Run suite without the large boundary fixture	2026-10-02T03:41:32.8799529Z     ok 51 - Inlay auto-submit property refused
check (22.19.0)	Run suite without the large boundary fixture	2026-10-02T03:41:32.8800084Z       ---
check (22.19.0)	Run suite without the large boundary fixture	2026-10-02T03:41:32.8800422Z       duration_ms: 0.061711
check (22.19.0)	Run suite without the large boundary fixture	2026-10-02T03:41:32.8800818Z       type: 'test'
check (22.19.0)	Run suite without the large boundary fixture	2026-10-02T03:41:32.8801152Z       ...
check (22.19.0)	Run suite without the large boundary fixture	2026-10-02T03:41:32.8801610Z     # Subtest: engine evaluation nesting exact boundary
check (22.19.0)	Run suite without the large boundary fixture	2026-10-02T03:41:32.8802241Z     ok 52 - engine evaluation nesting exact boundary
check (22.19.0)	Run suite without the large boundary fixture	2026-10-02T03:41:32.8802722Z       ---
check (22.19.0)	Run suite without the large boundary fixture	2026-10-02T03:41:32.8803048Z       duration_ms: 0.060149
check (22.19.0)	Run suite without the large boundary fixture	2026-10-02T03:41:32.8803453Z       type: 'test'
check (22.19.0)	Run suite without the large boundary fixture	2026-10-02T03:41:32.8803800Z       ...
check (22.19.0)	Run suite without the large boundary fixture	2026-10-02T03:41:32.8804199Z     # Subtest: engine sequence exact boundary
check (22.19.0)	Run suite without the large boundary fixture	2026-10-02T03:41:32.8804752Z     ok 53 - engine sequence exact boundary
check (22.19.0)	Run suite without the large boundary fixture	2026-10-02T03:41:32.8805180Z       ---
check (22.19.0)	Run suite without the large boundary fixture	2026-10-02T03:41:32.8805495Z       duration_ms: 0.081111
check (22.19.0)	Run suite without the large boundary fixture	2026-10-02T03:41:32.8805873Z       type: 'test'
check (22.19.0)	Run suite without the large boundary fixture	2026-10-02T03:41:32.8806195Z       ...
check (22.19.0)	Run suite without the large boundary fixture	2026-10-02T03:41:32.8806735Z     # Subtest: AST container count exact boundary in unevaluated branch
check (22.19.0)	Run suite without the large boundary fixture	2026-10-02T03:41:32.8807556Z     ok 54 - AST container count exact boundary in unevaluated branch
check (22.19.0)	Run suite without the large boundary fixture	2026-10-02T03:41:32.8808097Z       ---
check (22.19.0)	Run suite without the large boundary fixture	2026-10-02T03:41:32.8808408Z       duration_ms: 0.0472
check (22.19.0)	Run suite without the large boundary fixture	2026-10-02T03:41:32.8809041Z       type: 'test'
check (22.19.0)	Run suite without the large boundary fixture	2026-10-02T03:41:32.8809380Z       ...
check (22.19.0)	Run suite without the large boundary fixture	2026-10-02T03:41:32.8809783Z     # Subtest: AST container depth exact boundary
check (22.19.0)	Run suite without the large boundary fixture	2026-10-02T03:41:32.8810345Z     ok 55 - AST container depth exact boundary
check (22.19.0)	Run suite without the large boundary fixture	2026-10-02T03:41:32.8810866Z       ---
check (22.19.0)	Run suite without the large boundary fixture	2026-10-02T03:41:32.8811174Z       duration_ms: 0.048873
check (22.19.0)	Run suite without the large boundary fixture	2026-10-02T03:41:32.8811561Z       type: 'test'
check (22.19.0)	Run suite without the large boundary fixture	2026-10-02T03:41:32.8811884Z       ...
check (22.19.0)	Run suite without the large boundary fixture	2026-10-02T03:41:32.8812317Z     # Subtest: encoded-byte work budget exact boundary
check (22.19.0)	Run suite without the large boundary fixture	2026-10-02T03:41:32.8812916Z     ok 56 - encoded-byte work budget exact boundary
check (22.19.0)	Run suite without the large boundary fixture	2026-10-02T03:41:32.8813368Z       ---
check (22.19.0)	Run suite without the large boundary fixture	2026-10-02T03:41:32.8813673Z       duration_ms: 2.21729
check (22.19.0)	Run suite without the large boundary fixture	2026-10-02T03:41:32.8814045Z       type: 'test'
check (22.19.0)	Run suite without the large boundary fixture	2026-10-02T03:41:32.8814355Z       ...
check (22.19.0)	Run suite without the large boundary fixture	2026-10-02T03:41:32.8814895Z     # Subtest: large repeated intermediate strings exhaust byte budget
check (22.19.0)	Run suite without the large boundary fixture	2026-10-02T03:41:32.8815670Z     ok 57 - large repeated intermediate strings exhaust byte budget
check (22.19.0)	Run suite without the large boundary fixture	2026-10-02T03:41:32.8816217Z       ---
check (22.19.0)	Run suite without the large boundary fixture	2026-10-02T03:41:32.8816544Z       duration_ms: 0.081651
check (22.19.0)	Run suite without the large boundary fixture	2026-10-02T03:41:32.8816919Z       type: 'test'
check (22.19.0)	Run suite without the large boundary fixture	2026-10-02T03:41:32.8817234Z       ...
check (22.19.0)	Run suite without the large boundary fixture	2026-10-02T03:41:32.8817694Z     # Subtest: generated range rejected with stable code
check (22.19.0)	Run suite without the large boundary fixture	2026-10-02T03:41:32.8818306Z     ok 58 - generated range rejected with stable code
check (22.19.0)	Run suite without the large boundary fixture	2026-10-02T03:41:32.8819078Z       ---
check (22.19.0)	Run suite without the large boundary fixture	2026-10-02T03:41:32.8819413Z       duration_ms: 0.048172
check (22.19.0)	Run suite without the large boundary fixture	2026-10-02T03:41:32.8819790Z       type: 'test'
check (22.19.0)	Run suite without the large boundary fixture	2026-10-02T03:41:32.8820144Z       ...
check (22.19.0)	Run suite without the large boundary fixture	2026-10-02T03:41:32.8820521Z     # Subtest: regex rejected with stable code
check (22.19.0)	Run suite without the large boundary fixture	2026-10-02T03:41:32.8821075Z     ok 59 - regex rejected with stable code
check (22.19.0)	Run suite without the large boundary fixture	2026-10-02T03:41:32.8821527Z       ---
check (22.19.0)	Run suite without the large boundary fixture	2026-10-02T03:41:32.8833052Z       duration_ms: 0.058427
check (22.19.0)	Run suite without the large boundary fixture	2026-10-02T03:41:32.8909260Z       type: 'test'
check (22.19.0)	Run suite without the large boundary fixture	2026-10-02T03:41:32.8956094Z       ...
check (22.19.0)	Run suite without the large boundary fixture	2026-10-02T03:41:32.8969368Z     # Subtest: Unicode casing is outside the portable profile
check (22.19.0)	Run suite without the large boundary fixture	2026-10-02T03:41:32.8993302Z     ok 60 - Unicode casing is outside the portable profile
check (22.19.0)	Run suite without the large boundary fixture	2026-10-02T03:41:32.8994344Z       ---
check (22.19.0)	Run suite without the large boundary fixture	2026-10-02T03:41:32.8994812Z       duration_ms: 0.080239
check (22.19.0)	Run suite without the large boundary fixture	2026-10-02T03:41:32.8995477Z       type: 'test'
check (22.19.0)	Run suite without the large boundary fixture	2026-10-02T03:41:32.8996159Z       ...
check (22.19.0)	Run suite without the large boundary fixture	2026-10-02T03:41:32.8996770Z     # Subtest: absent expression result is explicit
check (22.19.0)	Run suite without the large boundary fixture	2026-10-02T03:41:32.8997572Z     ok 61 - absent expression result is explicit
check (22.19.0)	Run suite without the large boundary fixture	2026-10-02T03:41:32.8998556Z       ---
check (22.19.0)	Run suite without the large boundary fixture	2026-10-02T03:41:32.8999535Z       duration_ms: 0.064807
check (22.19.0)	Run suite without the large boundary fixture	2026-10-02T03:41:32.9000112Z       type: 'test'
check (22.19.0)	Run suite without the large boundary fixture	2026-10-02T03:41:32.9000612Z       ...
check (22.19.0)	Run suite without the large boundary fixture	2026-10-02T03:41:32.9001232Z     # Subtest: negative zero input is not a wire integer
check (22.19.0)	Run suite without the large boundary fixture	2026-10-02T03:41:32.9002067Z     ok 62 - negative zero input is not a wire integer
check (22.19.0)	Run suite without the large boundary fixture	2026-10-02T03:41:32.9003133Z       ---
check (22.19.0)	Run suite without the large boundary fixture	2026-10-02T03:41:32.9003651Z       duration_ms: 0.054571
check (22.19.0)	Run suite without the large boundary fixture	2026-10-02T03:41:32.9004487Z       type: 'test'
check (22.19.0)	Run suite without the large boundary fixture	2026-10-02T03:41:32.9004980Z       ...
check (22.19.0)	Run suite without the large boundary fixture	2026-10-02T03:41:32.9005599Z     # Subtest: malformed Unicode object key is rejected
check (22.19.0)	Run suite without the large boundary fixture	2026-10-02T03:41:32.9006418Z     ok 63 - malformed Unicode object key is rejected
check (22.19.0)	Run suite without the large boundary fixture	2026-10-02T03:41:32.9007465Z       ---
check (22.19.0)	Run suite without the large boundary fixture	2026-10-02T03:41:32.9007979Z       duration_ms: 0.058747
check (22.19.0)	Run suite without the large boundary fixture	2026-10-02T03:41:32.9008547Z       type: 'test'
check (22.19.0)	Run suite without the large boundary fixture	2026-10-02T03:41:32.9009237Z       ...
check (22.19.0)	Run suite without the large boundary fixture	2026-10-02T03:41:32.9009802Z     # Subtest: fold input state exact byte cap
check (22.19.0)	Run suite without the large boundary fixture	2026-10-02T03:41:32.9010832Z     ok 64 - fold input state exact byte cap
check (22.19.0)	Run suite without the large boundary fixture	2026-10-02T03:41:32.9011479Z       ---
check (22.19.0)	Run suite without the large boundary fixture	2026-10-02T03:41:32.9011968Z       duration_ms: 0.065838
check (22.19.0)	Run suite without the large boundary fixture	2026-10-02T03:41:32.9013392Z       type: 'test'
check (22.19.0)	Run suite without the large boundary fixture	2026-10-02T03:41:32.9013877Z       ...
check (22.19.0)	Run suite without the large boundary fixture	2026-10-02T03:41:32.9014718Z     # Subtest: fold successor state exact byte cap
check (22.19.0)	Run suite without the large boundary fixture	2026-10-02T03:41:32.9015477Z     ok 65 - fold successor state exact byte cap
check (22.19.0)	Run suite without the large boundary fixture	2026-10-02T03:41:32.9016101Z       ---
check (22.19.0)	Run suite without the large boundary fixture	2026-10-02T03:41:32.9016611Z       duration_ms: 0.0676
check (22.19.0)	Run suite without the large boundary fixture	2026-10-02T03:41:32.9017155Z       type: 'test'
check (22.19.0)	Run suite without the large boundary fixture	2026-10-02T03:41:32.9017624Z       ...
check (22.19.0)	Run suite without the large boundary fixture	2026-10-02T03:41:32.9018230Z     # Subtest: ineffective reason length and syntax
check (22.19.0)	Run suite without the large boundary fixture	2026-10-02T03:41:32.9019489Z     ok 66 - ineffective reason length and syntax
check (22.19.0)	Run suite without the large boundary fixture	2026-10-02T03:41:32.9020144Z       ---
check (22.19.0)	Run suite without the large boundary fixture	2026-10-02T03:41:32.9020644Z       duration_ms: 0.056824
check (22.19.0)	Run suite without the large boundary fixture	2026-10-02T03:41:32.9021183Z       type: 'test'
check (22.19.0)	Run suite without the large boundary fixture	2026-10-02T03:41:32.9021654Z       ...
check (22.19.0)	Run suite without the large boundary fixture	2026-10-02T03:41:32.9022244Z     # Subtest: ineffective message must be a string
check (22.19.0)	Run suite without the large boundary fixture	2026-10-02T03:41:32.9023283Z     ok 67 - ineffective message must be a string
check (22.19.0)	Run suite without the large boundary fixture	2026-10-02T03:41:32.9023899Z       ---
check (22.19.0)	Run suite without the large boundary fixture	2026-10-02T03:41:32.9024381Z       duration_ms: 0.059268
check (22.19.0)	Run suite without the large boundary fixture	2026-10-02T03:41:32.9024913Z       type: 'test'
check (22.19.0)	Run suite without the large boundary fixture	2026-10-02T03:41:32.9025405Z       ...
check (22.19.0)	Run suite without the large boundary fixture	2026-10-02T03:41:32.9026010Z     # Subtest: duplicate schema IDs rejected before validation
check (22.19.0)	Run suite without the large boundary fixture	2026-10-02T03:41:32.9026883Z     ok 68 - duplicate schema IDs rejected before validation
check (22.19.0)	Run suite without the large boundary fixture	2026-10-02T03:41:32.9027900Z       ---
check (22.19.0)	Run suite without the large boundary fixture	2026-10-02T03:41:32.9028400Z       duration_ms: 0.083624
check (22.19.0)	Run suite without the large boundary fixture	2026-10-02T03:41:32.9029122Z       type: 'test'
check (22.19.0)	Run suite without the large boundary fixture	2026-10-02T03:41:32.9029464Z       ...
check (22.19.0)	Run suite without the large boundary fixture	2026-10-02T03:41:32.9029848Z     # Subtest: open union rejected at admission
check (22.19.0)	Run suite without the large boundary fixture	2026-10-02T03:41:32.9030399Z     ok 69 - open union rejected at admission
check (22.19.0)	Run suite without the large boundary fixture	2026-10-02T03:41:32.9030826Z       ---
check (22.19.0)	Run suite without the large boundary fixture	2026-10-02T03:41:32.9031138Z       duration_ms: 0.063985
check (22.19.0)	Run suite without the large boundary fixture	2026-10-02T03:41:32.9031498Z       type: 'test'
check (22.19.0)	Run suite without the large boundary fixture	2026-10-02T03:41:32.9031804Z       ...
check (22.19.0)	Run suite without the large boundary fixture	2026-10-02T03:41:32.9032368Z     # Subtest: inherited type names are ordinary unsupported schemas
check (22.19.0)	Run suite without the large boundary fixture	2026-10-02T03:41:32.9033104Z     ok 70 - inherited type names are ordinary unsupported schemas
check (22.19.0)	Run suite without the large boundary fixture	2026-10-02T03:41:32.9033632Z       ---
check (22.19.0)	Run suite without the large boundary fixture	2026-10-02T03:41:32.9033941Z       duration_ms: 0.049733
check (22.19.0)	Run suite without the large boundary fixture	2026-10-02T03:41:32.9034302Z       type: 'test'
check (22.19.0)	Run suite without the large boundary fixture	2026-10-02T03:41:32.9034584Z       ...
check (22.19.0)	Run suite without the large boundary fixture	2026-10-02T03:41:32.9034895Z     # Subtest: native grapheme constraints rejected at admission
check (22.19.0)	Run suite without the large boundary fixture	2026-10-02T03:41:32.9035331Z     ok 71 - native grapheme constraints rejected at admission
check (22.19.0)	Run suite without the large boundary fixture	2026-10-02T03:41:32.9035647Z       ---
check (22.19.0)	Run suite without the large boundary fixture	2026-10-02T03:41:32.9035866Z       duration_ms: 0.052488
check (22.19.0)	Run suite without the large boundary fixture	2026-10-02T03:41:32.9036112Z       type: 'test'
check (22.19.0)	Run suite without the large boundary fixture	2026-10-02T03:41:32.9036325Z       ...
check (22.19.0)	Run suite without the large boundary fixture	2026-10-02T03:41:32.9036581Z     # Subtest: Inlay source bytes exact boundary
check (22.19.0)	Run suite without the large boundary fixture	2026-10-02T03:41:32.9036934Z     ok 72 - Inlay source bytes exact boundary
check (22.19.0)	Run suite without the large boundary fixture	2026-10-02T03:41:32.9037216Z       ---
check (22.19.0)	Run suite without the large boundary fixture	2026-10-02T03:41:32.9037411Z       duration_ms: 0.06021
check (22.19.0)	Run suite without the large boundary fixture	2026-10-02T03:41:32.9037659Z       type: 'test'
check (22.19.0)	Run suite without the large boundary fixture	2026-10-02T03:41:32.9037868Z       ...
check (22.19.0)	Run suite without the large boundary fixture	2026-10-02T03:41:32.9038142Z     # Subtest: Inlay source record count exact boundary
check (22.19.0)	Run suite without the large boundary fixture	2026-10-02T03:41:32.9038539Z     ok 73 - Inlay source record count exact boundary
check (22.19.0)	Run suite without the large boundary fixture	2026-10-02T03:41:32.9039530Z       ---
check (22.19.0)	Run suite without the large boundary fixture	2026-10-02T03:41:32.9039852Z       duration_ms: 0.061311
check (22.19.0)	Run suite without the large boundary fixture	2026-10-02T03:41:32.9040231Z       type: 'test'
check (22.19.0)	Run suite without the large boundary fixture	2026-10-02T03:41:32.9040562Z       ...
check (22.19.0)	Run suite without the large boundary fixture	2026-10-02T03:41:32.9040995Z     # Subtest: Inlay expanded node count exact boundary
check (22.19.0)	Run suite without the large boundary fixture	2026-10-02T03:41:32.9041609Z     ok 74 - Inlay expanded node count exact boundary
check (22.19.0)	Run suite without the large boundary fixture	2026-10-02T03:41:32.9042293Z       ---
check (22.19.0)	Run suite without the large boundary fixture	2026-10-02T03:41:32.9042601Z       duration_ms: 0.060369
check (22.19.0)	Run suite without the large boundary fixture	2026-10-02T03:41:32.9042974Z       type: 'test'
check (22.19.0)	Run suite without the large boundary fixture	2026-10-02T03:41:32.9043293Z       ...
check (22.19.0)	Run suite without the large boundary fixture	2026-10-02T03:41:32.9043704Z     # Subtest: Inlay expansion depth exact boundary
check (22.19.0)	Run suite without the large boundary fixture	2026-10-02T03:41:32.9044287Z     ok 75 - Inlay expansion depth exact boundary
check (22.19.0)	Run suite without the large boundary fixture	2026-10-02T03:41:32.9044754Z       ---
check (22.19.0)	Run suite without the large boundary fixture	2026-10-02T03:41:32.9045051Z       duration_ms: 0.100209
check (22.19.0)	Run suite without the large boundary fixture	2026-10-02T03:41:32.9045410Z       type: 'test'
check (22.19.0)	Run suite without the large boundary fixture	2026-10-02T03:41:32.9045719Z       ...
check (22.19.0)	Run suite without the large boundary fixture	2026-10-02T03:41:32.9046010Z     1..75
check (22.19.0)	Run suite without the large boundary fixture	2026-10-02T03:41:32.9046461Z ok 16 - shared feasibility corpus passes in Node
check (22.19.0)	Run suite without the large boundary fixture	2026-10-02T03:41:32.9046935Z   ---
check (22.19.0)	Run suite without the large boundary fixture	2026-10-02T03:41:32.9047252Z   duration_ms: 5436.530358
check (22.19.0)	Run suite without the large boundary fixture	2026-10-02T03:41:32.9047620Z   type: 'test'
check (22.19.0)	Run suite without the large boundary fixture	2026-10-02T03:41:32.9047926Z   ...
check (22.19.0)	Run suite without the large boundary fixture	2026-10-02T03:41:32.9049093Z # (node:4088) ExperimentalWarning: SQLite is an experimental feature and might change at any time
check (22.19.0)	Run suite without the large boundary fixture	2026-10-02T03:41:32.9050180Z # (Use `node --trace-warnings ...` to show where the warning was created)
check (22.19.0)	Run suite without the large boundary fixture	2026-10-02T03:41:32.9050998Z # Subtest: human and agent participation on a real PDS
check (22.19.0)	Run suite without the large boundary fixture	2026-10-02T03:41:32.9051688Z     # Subtest: source validation and preview publish nothing
check (22.19.0)	Run suite without the large boundary fixture	2026-10-02T03:41:32.9052364Z     ok 1 - source validation and preview publish nothing
check (22.19.0)	Run suite without the large boundary fixture	2026-10-02T03:41:32.9052861Z       ---
check (22.19.0)	Run suite without the large boundary fixture	2026-10-02T03:41:32.9053180Z       duration_ms: 156.375685
check (22.19.0)	Run suite without the large boundary fixture	2026-10-02T03:41:32.9053574Z       type: 'test'
check (22.19.0)	Run suite without the large boundary fixture	2026-10-02T03:41:32.9053895Z       ...
check (22.19.0)	Run suite without the large boundary fixture	2026-10-02T03:41:32.9054404Z     # Subtest: creation retry returns one app and binds its content
check (22.19.0)	Run suite without the large boundary fixture	2026-10-02T03:41:32.9055164Z     ok 2 - creation retry returns one app and binds its content
check (22.19.0)	Run suite without the large boundary fixture	2026-10-02T03:41:32.9055699Z       ---
check (22.19.0)	Run suite without the large boundary fixture	2026-10-02T03:41:32.9056007Z       duration_ms: 27.487477
check (22.19.0)	Run suite without the large boundary fixture	2026-10-02T03:41:32.9056398Z       type: 'test'
check (22.19.0)	Run suite without the large boundary fixture	2026-10-02T03:41:32.9056712Z       ...
check (22.19.0)	Run suite without the large boundary fixture	2026-10-02T03:41:32.9057275Z     # Subtest: shared service exposes recorded and then interpreted progress
check (22.19.0)	Run suite without the large boundary fixture	2026-10-02T03:41:32.9058141Z     ok 3 - shared service exposes recorded and then interpreted progress
check (22.19.0)	Run suite without the large boundary fixture	2026-10-02T03:41:32.9058942Z       ---
check (22.19.0)	Run suite without the large boundary fixture	2026-10-02T03:41:32.9059255Z       duration_ms: 152.242295
check (22.19.0)	Run suite without the large boundary fixture	2026-10-02T03:41:32.9059642Z       type: 'test'
check (22.19.0)	Run suite without the large boundary fixture	2026-10-02T03:41:32.9059955Z       ...
check (22.19.0)	Run suite without the large boundary fixture	2026-10-02T03:41:32.9060589Z     # Subtest: routine host metadata and receipts do not export a full Folder projection
check (22.19.0)	Run suite without the large boundary fixture	2026-10-02T03:41:32.9061582Z     ok 4 - routine host metadata and receipts do not export a full Folder projection
check (22.19.0)	Run suite without the large boundary fixture	2026-10-02T03:41:32.9062244Z       ---
check (22.19.0)	Run suite without the large boundary fixture	2026-10-02T03:41:32.9062553Z       duration_ms: 62.954065
check (22.19.0)	Run suite without the large boundary fixture	2026-10-02T03:41:32.9062928Z       type: 'test'
check (22.19.0)	Run suite without the large boundary fixture	2026-10-02T03:41:32.9063245Z       ...
check (22.19.0)	Run suite without the large boundary fixture	2026-10-02T03:41:32.9063844Z     # Subtest: reads after confirmation pass an older held interpretation refresh
check (22.19.0)	Run suite without the large boundary fixture	2026-10-02T03:41:32.9064764Z     ok 5 - reads after confirmation pass an older held interpretation refresh
check (22.19.0)	Run suite without the large boundary fixture	2026-10-02T03:41:32.9065389Z       ---
check (22.19.0)	Run suite without the large boundary fixture	2026-10-02T03:41:32.9065700Z       duration_ms: 104.91646
check (22.19.0)	Run suite without the large boundary fixture	2026-10-02T03:41:32.9066078Z       type: 'test'
check (22.19.0)	Run suite without the large boundary fixture	2026-10-02T03:41:32.9066407Z       ...
check (22.19.0)	Run suite without the large boundary fixture	2026-10-02T03:41:32.9067022Z     # Subtest: reads do not chase appends arriving during every interpretation refresh
check (22.19.0)	Run suite without the large boundary fixture	2026-10-02T03:41:32.9067969Z     ok 6 - reads do not chase appends arriving during every interpretation refresh
check (22.19.0)	Run suite without the large boundary fixture	2026-10-02T03:41:32.9068603Z       ---
check (22.19.0)	Run suite without the large boundary fixture	2026-10-02T03:41:32.9069044Z       duration_ms: 115.833039
check (22.19.0)	Run suite without the large boundary fixture	2026-10-02T03:41:32.9069424Z       type: 'test'
check (22.19.0)	Run suite without the large boundary fixture	2026-10-02T03:41:32.9069746Z       ...
check (22.19.0)	Run suite without the large boundary fixture	2026-10-02T03:41:32.9070282Z     # Subtest: host restart restores the same app and interpreted history
check (22.19.0)	Run suite without the large boundary fixture	2026-10-02T03:41:32.9071092Z     ok 7 - host restart restores the same app and interpreted history
check (22.19.0)	Run suite without the large boundary fixture	2026-10-02T03:41:32.9071909Z       ---
check (22.19.0)	Run suite without the large boundary fixture	2026-10-02T03:41:32.9072224Z       duration_ms: 677.89206
check (22.19.0)	Run suite without the large boundary fixture	2026-10-02T03:41:32.9072598Z       type: 'test'
check (22.19.0)	Run suite without the large boundary fixture	2026-10-02T03:41:32.9072908Z       ...
check (22.19.0)	Run suite without the large boundary fixture	2026-10-02T03:41:32.9073526Z     # Subtest: concurrent reads and submissions report coherent heads and frontiers
check (22.19.0)	Run suite without the large boundary fixture	2026-10-02T03:41:32.9074463Z     ok 8 - concurrent reads and submissions report coherent heads and frontiers
check (22.19.0)	Run suite without the large boundary fixture	2026-10-02T03:41:32.9075238Z       ---
check (22.19.0)	Run suite without the large boundary fixture	2026-10-02T03:41:32.9075556Z       duration_ms: 621.297392
check (22.19.0)	Run suite without the large boundary fixture	2026-10-02T03:41:32.9075935Z       type: 'test'
check (22.19.0)	Run suite without the large boundary fixture	2026-10-02T03:41:32.9076251Z       ...
check (22.19.0)	Run suite without the large boundary fixture	2026-10-02T03:41:32.9076869Z     # Subtest: documented CLI packs, validates and creates the same immutable source
check (22.19.0)	Run suite without the large boundary fixture	2026-10-02T03:41:32.9077810Z     ok 9 - documented CLI packs, validates and creates the same immutable source
check (22.19.0)	Run suite without the large boundary fixture	2026-10-02T03:41:32.9078435Z       ---
check (22.19.0)	Run suite without the large boundary fixture	2026-10-02T03:41:32.9078910Z       duration_ms: 11476.168205
check (22.19.0)	Run suite without the large boundary fixture	2026-10-02T03:41:32.9079369Z       type: 'test'
check (22.19.0)	Run suite without the large boundary fixture	2026-10-02T03:41:32.9079684Z       ...
check (22.19.0)	Run suite without the large boundary fixture	2026-10-02T03:41:32.9079965Z     1..9
check (22.19.0)	Run suite without the large boundary fixture	2026-10-02T03:41:32.9080464Z ok 17 - human and agent participation on a real PDS
check (22.19.0)	Run suite without the large boundary fixture	2026-10-02T03:41:32.9080949Z   ---
check (22.19.0)	Run suite without the large boundary fixture	2026-10-02T03:41:32.9081265Z   duration_ms: 22374.788487
check (22.19.0)	Run suite without the large boundary fixture	2026-10-02T03:41:32.9081651Z   type: 'test'
check (22.19.0)	Run suite without the large boundary fixture	2026-10-02T03:41:32.9081956Z   ...
check (22.19.0)	Run suite without the large boundary fixture	2026-10-02T03:41:32.9082736Z # Subtest: HTTP receipts retain crash recovery and externally confirmed heads across rollback
check (22.19.0)	Run suite without the large boundary fixture	2026-10-02T03:41:32.9083939Z ok 18 - HTTP receipts retain crash recovery and externally confirmed heads across rollback
check (22.19.0)	Run suite without the large boundary fixture	2026-10-02T03:41:32.9084646Z   ---
check (22.19.0)	Run suite without the large boundary fixture	2026-10-02T03:41:32.9084941Z   duration_ms: 6169.920146
check (22.19.0)	Run suite without the large boundary fixture	2026-10-02T03:41:32.9085319Z   type: 'test'
check (22.19.0)	Run suite without the large boundary fixture	2026-10-02T03:41:32.9085625Z   ...
check (22.19.0)	Run suite without the large boundary fixture	2026-10-02T03:41:32.9086401Z # (node:4230) ExperimentalWarning: SQLite is an experimental feature and might change at any time
check (22.19.0)	Run suite without the large boundary fixture	2026-10-02T03:41:32.9087480Z # (Use `node --trace-warnings ...` to show where the warning was created)
check (22.19.0)	Run suite without the large boundary fixture	2026-10-02T03:41:32.9088498Z # Subtest: host procedures require a retained owner-only token; reads remain public
check (22.19.0)	Run suite without the large boundary fixture	2026-10-02T03:41:32.9089862Z ok 19 - host procedures require a retained owner-only token; reads remain public
check (22.19.0)	Run suite without the large boundary fixture	2026-10-02T03:41:32.9090503Z   ---
check (22.19.0)	Run suite without the large boundary fixture	2026-10-02T03:41:32.9090814Z   duration_ms: 1089.707702
check (22.19.0)	Run suite without the large boundary fixture	2026-10-02T03:41:32.9091176Z   type: 'test'
check (22.19.0)	Run suite without the large boundary fixture	2026-10-02T03:41:32.9091474Z   ...
check (22.19.0)	Run suite without the large boundary fixture	2026-10-02T03:41:32.9092202Z # Subtest: draft cache evicts least recently used previews within count and byte budgets
check (22.19.0)	Run suite without the large boundary fixture	2026-10-02T03:41:32.9093275Z ok 20 - draft cache evicts least recently used previews within count and byte budgets
check (22.19.0)	Run suite without the large boundary fixture	2026-10-02T03:41:32.9093943Z   ---
check (22.19.0)	Run suite without the large boundary fixture	2026-10-02T03:41:32.9094256Z   duration_ms: 33.800595
check (22.19.0)	Run suite without the large boundary fixture	2026-10-02T03:41:32.9094618Z   type: 'test'
check (22.19.0)	Run suite without the large boundary fixture	2026-10-02T03:41:32.9094921Z   ...
check (22.19.0)	Run suite without the large boundary fixture	2026-10-02T03:41:32.9095680Z # Subtest: incomplete creations consume application quota before an account is provisioned
check (22.19.0)	Run suite without the large boundary fixture	2026-10-02T03:41:32.9096838Z ok 21 - incomplete creations consume application quota before an account is provisioned
check (22.19.0)	Run suite without the large boundary fixture	2026-10-02T03:41:32.9097519Z   ---
check (22.19.0)	Run suite without the large boundary fixture	2026-10-02T03:41:32.9097814Z   duration_ms: 45.567375
check (22.19.0)	Run suite without the large boundary fixture	2026-10-02T03:41:32.9098181Z   type: 'test'
check (22.19.0)	Run suite without the large boundary fixture	2026-10-02T03:41:32.9098489Z   ...
check (22.19.0)	Run suite without the large boundary fixture	2026-10-02T03:41:32.9099388Z # Subtest: a corrupt lease database keeps its SQLite diagnostic instead of claiming contention
check (22.19.0)	Run suite without the large boundary fixture	2026-10-02T03:41:32.9100574Z ok 22 - a corrupt lease database keeps its SQLite diagnostic instead of claiming contention
check (22.19.0)	Run suite without the large boundary fixture	2026-10-02T03:41:32.9101271Z   ---
check (22.19.0)	Run suite without the large boundary fixture	2026-10-02T03:41:32.9101566Z   duration_ms: 8.408136
check (22.19.0)	Run suite without the large boundary fixture	2026-10-02T03:41:32.9101928Z   type: 'test'
check (22.19.0)	Run suite without the large boundary fixture	2026-10-02T03:41:32.9102234Z   ...
check (22.19.0)	Run suite without the large boundary fixture	2026-10-02T03:41:32.9102828Z # Subtest: only a PDS RecordNotFound response becomes a missing source
check (22.19.0)	Run suite without the large boundary fixture	2026-10-02T03:41:32.9103696Z ok 23 - only a PDS RecordNotFound response becomes a missing source
check (22.19.0)	Run suite without the large boundary fixture	2026-10-02T03:41:32.9104267Z   ---
check (22.19.0)	Run suite without the large boundary fixture	2026-10-02T03:41:32.9104572Z   duration_ms: 16.493855
check (22.19.0)	Run suite without the large boundary fixture	2026-10-02T03:41:32.9104922Z   type: 'test'
check (22.19.0)	Run suite without the large boundary fixture	2026-10-02T03:41:32.9105234Z   ...
check (22.19.0)	Run suite without the large boundary fixture	2026-10-02T03:41:32.9105992Z # Subtest: only definite invalid input is final; integrity and host availability errors use 503
check (22.19.0)	Run suite without the large boundary fixture	2026-10-02T03:41:32.9107156Z ok 24 - only definite invalid input is final; integrity and host availability errors use 503
check (22.19.0)	Run suite without the large boundary fixture	2026-10-02T03:41:32.9108072Z   ---
check (22.19.0)	Run suite without the large boundary fixture	2026-10-02T03:41:32.9108373Z   duration_ms: 0.623785
check (22.19.0)	Run suite without the large boundary fixture	2026-10-02T03:41:32.9108858Z   type: 'test'
check (22.19.0)	Run suite without the large boundary fixture	2026-10-02T03:41:32.9109166Z   ...
check (22.19.0)	Run suite without the large boundary fixture	2026-10-02T03:41:32.9109903Z # Subtest: actual native proof limits remain unavailable and nonpermanent through host HTTP
check (22.19.0)	Run suite without the large boundary fixture	2026-10-02T03:41:32.9111064Z ok 25 - actual native proof limits remain unavailable and nonpermanent through host HTTP
check (22.19.0)	Run suite without the large boundary fixture	2026-10-02T03:41:32.9111918Z   ---
check (22.19.0)	Run suite without the large boundary fixture	2026-10-02T03:41:32.9112210Z   duration_ms: 67.70173
check (22.19.0)	Run suite without the large boundary fixture	2026-10-02T03:41:32.9122336Z   type: 'test'
check (22.19.0)	Run suite without the large boundary fixture	2026-10-02T03:41:32.9122751Z   ...
check (22.19.0)	Run suite without the large boundary fixture	2026-10-02T03:41:32.9123450Z # Subtest: expiry renews once across concurrent JSON, blob and upload calls
check (22.19.0)	Run suite without the large boundary fixture	2026-10-02T03:41:32.9124435Z ok 26 - expiry renews once across concurrent JSON, blob and upload calls
check (22.19.0)	Run suite without the large boundary fixture	2026-10-02T03:41:32.9125028Z   ---
check (22.19.0)	Run suite without the large boundary fixture	2026-10-02T03:41:32.9125355Z   duration_ms: 45.642086
check (22.19.0)	Run suite without the large boundary fixture	2026-10-02T03:41:32.9125730Z   type: 'test'
check (22.19.0)	Run suite without the large boundary fixture	2026-10-02T03:41:32.9126042Z   ...
check (22.19.0)	Run suite without the large boundary fixture	2026-10-02T03:41:32.9126942Z # Subtest: missing, rejected or repeatedly expired session credentials have a permanent authentication code
check (22.19.0)	Run suite without the large boundary fixture	2026-10-02T03:41:32.9128355Z ok 27 - missing, rejected or repeatedly expired session credentials have a permanent authentication code
check (22.19.0)	Run suite without the large boundary fixture	2026-10-02T03:41:32.9129319Z   ---
check (22.19.0)	Run suite without the large boundary fixture	2026-10-02T03:41:32.9129631Z   duration_ms: 11.550389
check (22.19.0)	Run suite without the large boundary fixture	2026-10-02T03:41:32.9129997Z   type: 'test'
check (22.19.0)	Run suite without the large boundary fixture	2026-10-02T03:41:32.9130309Z   ...
check (22.19.0)	Run suite without the large boundary fixture	2026-10-02T03:41:32.9130992Z # Subtest: complete-prefix limits and nonce conflicts have stable permanent codes
check (22.19.0)	Run suite without the large boundary fixture	2026-10-02T03:41:32.9132028Z ok 28 - complete-prefix limits and nonce conflicts have stable permanent codes
check (22.19.0)	Run suite without the large boundary fixture	2026-10-02T03:41:32.9132720Z   ---
check (22.19.0)	Run suite without the large boundary fixture	2026-10-02T03:41:32.9133029Z   duration_ms: 0.68757
check (22.19.0)	Run suite without the large boundary fixture	2026-10-02T03:41:32.9133387Z   type: 'test'
check (22.19.0)	Run suite without the large boundary fixture	2026-10-02T03:41:32.9133689Z   ...
check (22.19.0)	Run suite without the large boundary fixture	2026-10-02T03:41:32.9134412Z # Subtest: authorization refusal does not permanently disable a valid PDS credential
check (22.19.0)	Run suite without the large boundary fixture	2026-10-02T03:41:32.9135500Z ok 29 - authorization refusal does not permanently disable a valid PDS credential
check (22.19.0)	Run suite without the large boundary fixture	2026-10-02T03:41:32.9136167Z   ---
check (22.19.0)	Run suite without the large boundary fixture	2026-10-02T03:41:32.9136470Z   duration_ms: 6.487957
check (22.19.0)	Run suite without the large boundary fixture	2026-10-02T03:41:32.9136830Z   type: 'test'
check (22.19.0)	Run suite without the large boundary fixture	2026-10-02T03:41:32.9137141Z   ...
check (22.19.0)	Run suite without the large boundary fixture	2026-10-02T03:41:32.9137941Z # (node:4276) ExperimentalWarning: SQLite is an experimental feature and might change at any time
check (22.19.0)	Run suite without the large boundary fixture	2026-10-02T03:41:32.9139188Z # (Use `node --trace-warnings ...` to show where the warning was created)
check (22.19.0)	Run suite without the large boundary fixture	2026-10-02T03:41:32.9140306Z # Subtest: preverified interpretation accepts only immutable history issued for its genesis
check (22.19.0)	Run suite without the large boundary fixture	2026-10-02T03:41:32.9141504Z ok 30 - preverified interpretation accepts only immutable history issued for its genesis
check (22.19.0)	Run suite without the large boundary fixture	2026-10-02T03:41:32.9142219Z   ---
check (22.19.0)	Run suite without the large boundary fixture	2026-10-02T03:41:32.9142537Z   duration_ms: 1303.565656
check (22.19.0)	Run suite without the large boundary fixture	2026-10-02T03:41:32.9142911Z   type: 'test'
check (22.19.0)	Run suite without the large boundary fixture	2026-10-02T03:41:32.9143216Z   ...
check (22.19.0)	Run suite without the large boundary fixture	2026-10-02T03:41:32.9144126Z # Subtest: snapshot reads share verification, invalidate changed commits and retain rollback and fork checks
check (22.19.0)	Run suite without the large boundary fixture	2026-10-02T03:41:32.9145521Z ok 31 - snapshot reads share verification, invalidate changed commits and retain rollback and fork checks
check (22.19.0)	Run suite without the large boundary fixture	2026-10-02T03:41:32.9146312Z   ---
check (22.19.0)	Run suite without the large boundary fixture	2026-10-02T03:41:32.9146627Z   duration_ms: 147.251508
check (22.19.0)	Run suite without the large boundary fixture	2026-10-02T03:41:32.9146993Z   type: 'test'
check (22.19.0)	Run suite without the large boundary fixture	2026-10-02T03:41:32.9147299Z   ...
check (22.19.0)	Run suite without the large boundary fixture	2026-10-02T03:41:32.9147996Z # Subtest: receipt lookup completes while an append waits for its conditional write
check (22.19.0)	Run suite without the large boundary fixture	2026-10-02T03:41:32.9149331Z ok 32 - receipt lookup completes while an append waits for its conditional write
check (22.19.0)	Run suite without the large boundary fixture	2026-10-02T03:41:32.9149980Z   ---
check (22.19.0)	Run suite without the large boundary fixture	2026-10-02T03:41:32.9150289Z   duration_ms: 116.182748
check (22.19.0)	Run suite without the large boundary fixture	2026-10-02T03:41:32.9150664Z   type: 'test'
check (22.19.0)	Run suite without the large boundary fixture	2026-10-02T03:41:32.9150967Z   ...
check (22.19.0)	Run suite without the large boundary fixture	2026-10-02T03:41:32.9151791Z # Subtest: confirmation replaces an in-flight read started before the conditional write completed
check (22.19.0)	Run suite without the large boundary fixture	2026-10-02T03:41:32.9152988Z ok 33 - confirmation replaces an in-flight read started before the conditional write completed
check (22.19.0)	Run suite without the large boundary fixture	2026-10-02T03:41:32.9153708Z   ---
check (22.19.0)	Run suite without the large boundary fixture	2026-10-02T03:41:32.9154019Z   duration_ms: 131.906469
check (22.19.0)	Run suite without the large boundary fixture	2026-10-02T03:41:32.9154389Z   type: 'test'
check (22.19.0)	Run suite without the large boundary fixture	2026-10-02T03:41:32.9154943Z   ...
check (22.19.0)	Run suite without the large boundary fixture	2026-10-02T03:41:32.9155703Z # Subtest: confirmed and repeated receipts retain their head across restart and refuse rollback
check (22.19.0)	Run suite without the large boundary fixture	2026-10-02T03:41:32.9156874Z ok 34 - confirmed and repeated receipts retain their head across restart and refuse rollback
check (22.19.0)	Run suite without the large boundary fixture	2026-10-02T03:41:32.9157560Z   ---
check (22.19.0)	Run suite without the large boundary fixture	2026-10-02T03:41:32.9157874Z   duration_ms: 218.485861
check (22.19.0)	Run suite without the large boundary fixture	2026-10-02T03:41:32.9158221Z   type: 'test'
check (22.19.0)	Run suite without the large boundary fixture	2026-10-02T03:41:32.9158939Z   ...
check (22.19.0)	Run suite without the large boundary fixture	2026-10-02T03:41:32.9178076Z # {"chromium":"153.0.8010.12","identityCases":["strict retained JSON positive","duplicate names","escaped duplicate names","nested duplicate names","comment","trailing comma","trailing value","empty JSON","deep JSON","UTF-8 BOM rejected","fatal UTF-8","response budget before parsing","JSON depth32 accepted","p256 whole-log canonical tip, earlier selection rejected","p256 truncated authenticity is not latestness; before/after compares tips","p256 exact genesis DID and row issuer","p256 signed genesis cannot invent another principal","p256 invalid operation signature","p256 valid-hash high-S signature rejected","p256 canonical unpadded signature encoding","p256 tombstone tip cannot select older active operation","p256 duplicate operation CID","p256 nullification annotations checked","p256 higher-priority recovery and strict timestamp ordering","p256 no lossy signed-field projection","secp256k1 whole-log canonical tip, earlier selection rejected","secp256k1 truncated authenticity is not latestness; before/after compares tips","secp256k1 exact genesis DID and row issuer","secp256k1 signed genesis cannot invent another principal","secp256k1 invalid operation signature","secp256k1 valid-hash high-S signature rejected","secp256k1 canonical unpadded signature encoding","secp256k1 tombstone tip cannot select older active operation","secp256k1 duplicate operation CID","secp256k1 nullification annotations checked","secp256k1 higher-priority recovery and strict timestamp ordering","secp256k1 no lossy signed-field projection","PLC total response budget","PLC row budget","PLC operation array budget","PLC operation byte budget","web observation assurance and ignored unrelated metadata","web exact document DID","ATproto hostname web restriction","typed assurance cannot substitute method","relative and own-DID fragments","web key controller","web controller type is not coerced","HTTPS origin endpoint rules","first matching bad service cannot fall through","first ATproto service ID with bad type cannot fall through","first ATproto key ID with foreign controller cannot fall through","first ATproto key ID with unsupported JsonWebKey2020 cannot fall through","web service array budget","web response byte budget","p256 web legacy/modern canonical key equivalence","p256 web off-curve legacy point rejected","secp256k1 web legacy/modern canonical key equivalence","secp256k1 web off-curve legacy point rejected","legacy genesis exact DID/signature before maintained normalization"],"shared":["did:plc:u6mvp54h2xrrakjxhxbe63ii","did:plc:mynrv2lxcko243thvvf7c3iz"]}
check (22.19.0)	Run suite without the large boundary fixture	2026-10-02T03:41:32.9192661Z # Subtest: Chromium runs retained identity corpus and shared Node signed PLC fixtures
check (22.19.0)	Run suite without the large boundary fixture	2026-10-02T03:41:32.9193396Z ok 35 - Chromium runs retained identity corpus and shared Node signed PLC fixtures
check (22.19.0)	Run suite without the large boundary fixture	2026-10-02T03:41:32.9193812Z   ---
check (22.19.0)	Run suite without the large boundary fixture	2026-10-02T03:41:32.9194032Z   duration_ms: 848.493517
check (22.19.0)	Run suite without the large boundary fixture	2026-10-02T03:41:32.9194280Z   type: 'test'
check (22.19.0)	Run suite without the large boundary fixture	2026-10-02T03:41:32.9194489Z   ...
check (22.19.0)	Run suite without the large boundary fixture	2026-10-02T03:41:32.9205318Z # {"identityCases":["strict retained JSON positive","duplicate names","escaped duplicate names","nested duplicate names","comment","trailing comma","trailing value","empty JSON","deep JSON","UTF-8 BOM rejected","fatal UTF-8","response budget before parsing","JSON depth32 accepted","p256 whole-log canonical tip, earlier selection rejected","p256 truncated authenticity is not latestness; before/after compares tips","p256 exact genesis DID and row issuer","p256 signed genesis cannot invent another principal","p256 invalid operation signature","p256 valid-hash high-S signature rejected","p256 canonical unpadded signature encoding","p256 tombstone tip cannot select older active operation","p256 duplicate operation CID","p256 nullification annotations checked","p256 higher-priority recovery and strict timestamp ordering","p256 no lossy signed-field projection","secp256k1 whole-log canonical tip, earlier selection rejected","secp256k1 truncated authenticity is not latestness; before/after compares tips","secp256k1 exact genesis DID and row issuer","secp256k1 signed genesis cannot invent another principal","secp256k1 invalid operation signature","secp256k1 valid-hash high-S signature rejected","secp256k1 canonical unpadded signature encoding","secp256k1 tombstone tip cannot select older active operation","secp256k1 duplicate operation CID","secp256k1 nullification annotations checked","secp256k1 higher-priority recovery and strict timestamp ordering","secp256k1 no lossy signed-field projection","PLC total response budget","PLC row budget","PLC operation array budget","PLC operation byte budget","web observation assurance and ignored unrelated metadata","web exact document DID","ATproto hostname web restriction","typed assurance cannot substitute method","relative and own-DID fragments","web key controller","web controller type is not coerced","HTTPS origin endpoint rules","first matching bad service cannot fall through","first ATproto service ID with bad type cannot fall through","first ATproto key ID with foreign controller cannot fall through","first ATproto key ID with unsupported JsonWebKey2020 cannot fall through","web service array budget","web response byte budget","p256 web legacy/modern canonical key equivalence","p256 web off-curve legacy point rejected","secp256k1 web legacy/modern canonical key equivalence","secp256k1 web off-curve legacy point rejected","legacy genesis exact DID/signature before maintained normalization"]}
check (22.19.0)	Run suite without the large boundary fixture	2026-10-02T03:41:32.9214612Z # Subtest: retained identity JSON and PLC canonical-tip corpus
check (22.19.0)	Run suite without the large boundary fixture	2026-10-02T03:41:32.9215116Z ok 36 - retained identity JSON and PLC canonical-tip corpus
check (22.19.0)	Run suite without the large boundary fixture	2026-10-02T03:41:32.9215451Z   ---
check (22.19.0)	Run suite without the large boundary fixture	2026-10-02T03:41:32.9215659Z   duration_ms: 1291.901203
check (22.19.0)	Run suite without the large boundary fixture	2026-10-02T03:41:32.9215910Z   type: 'test'
check (22.19.0)	Run suite without the large boundary fixture	2026-10-02T03:41:32.9216127Z   ...
check (22.19.0)	Run suite without the large boundary fixture	2026-10-02T03:41:32.9217515Z # {"node":"v22.19.0","builtinUndici":"6.21.2","selectedAgentAlias":"undici_v6","selectedInstalledVersion":"6.29.0","selectedEntry":"/home/runner/work/atseq/atseq/node_modules/undici_v6/index.js","dispatchedCalls":7,"connectTimeDnsCalls":2,"privateConnections":0,"literalCases":6}
check (22.19.0)	Run suite without the large boundary fixture	2026-10-02T03:41:32.9219372Z # {"mockBodyPhases":true,"bodyReadFaultCases":11,"preservedBodyAtseqCases":1,"preservedRequestFaultCases":5,"consumedBeforeFailure":36,"resumed":true}
check (22.19.0)	Run suite without the large boundary fixture	2026-10-02T03:41:32.9221477Z # {"actualHttpTruncation":true,"termination":"destroy","code":"content_unavailable","name":"AtseqError","message":"Identity evidence body is unavailable","receivedBytes":1000}
check (22.19.0)	Run suite without the large boundary fixture	2026-10-02T03:41:32.9223654Z # {"actualHttpTruncation":true,"termination":"end","code":"content_unavailable","name":"AtseqError","message":"Identity evidence body is unavailable","receivedBytes":1000}
check (22.19.0)	Run suite without the large boundary fixture	2026-10-02T03:41:32.9225895Z # {"actualHttpTruncation":true,"termination":"resetAndDestroy","code":"content_unavailable","name":"AtseqError","message":"Identity evidence body is unavailable","receivedBytes":1000}
check (22.19.0)	Run suite without the large boundary fixture	2026-10-02T03:41:32.9227364Z # Subtest: production identity transport rejects literal/private addresses and connect-time DNS rebinding
check (22.19.0)	Run suite without the large boundary fixture	2026-10-02T03:41:32.9228310Z ok 37 - production identity transport rejects literal/private addresses and connect-time DNS rebinding
check (22.19.0)	Run suite without the large boundary fixture	2026-10-02T03:41:32.9229032Z   ---
check (22.19.0)	Run suite without the large boundary fixture	2026-10-02T03:41:32.9229248Z   duration_ms: 2734.651134
check (22.19.0)	Run suite without the large boundary fixture	2026-10-02T03:41:32.9229498Z   type: 'test'
check (22.19.0)	Run suite without the large boundary fixture	2026-10-02T03:41:32.9229702Z   ...
check (22.19.0)	Run suite without the large boundary fixture	2026-10-02T03:41:32.9230273Z # Subtest: identity transport applies credential/cache/redirect and failed-body total budgets (mock HTTP responses)
check (22.19.0)	Run suite without the large boundary fixture	2026-10-02T03:41:32.9231144Z ok 38 - identity transport applies credential/cache/redirect and failed-body total budgets (mock HTTP responses)
check (22.19.0)	Run suite without the large boundary fixture	2026-10-02T03:41:32.9231635Z   ---
check (22.19.0)	Run suite without the large boundary fixture	2026-10-02T03:41:32.9231828Z   duration_ms: 2386.402105
check (22.19.0)	Run suite without the large boundary fixture	2026-10-02T03:41:32.9232246Z   type: 'test'
check (22.19.0)	Run suite without the large boundary fixture	2026-10-02T03:41:32.9232439Z   ...
check (22.19.0)	Run suite without the large boundary fixture	2026-10-02T03:41:32.9232971Z # Subtest: identity transport classifies body-read failures and preserves request and Atseq faults (mock phases)
check (22.19.0)	Run suite without the large boundary fixture	2026-10-02T03:41:32.9233800Z ok 39 - identity transport classifies body-read failures and preserves request and Atseq faults (mock phases)
check (22.19.0)	Run suite without the large boundary fixture	2026-10-02T03:41:32.9234273Z   ---
check (22.19.0)	Run suite without the large boundary fixture	2026-10-02T03:41:32.9234594Z   duration_ms: 2451.945885
check (22.19.0)	Run suite without the large boundary fixture	2026-10-02T03:41:32.9234823Z   type: 'test'
check (22.19.0)	Run suite without the large boundary fixture	2026-10-02T03:41:32.9235016Z   ...
check (22.19.0)	Run suite without the large boundary fixture	2026-10-02T03:41:32.9235511Z # Subtest: identity body reader classifies a real destroy HTTP socket (injected loopback transport)
check (22.19.0)	Run suite without the large boundary fixture	2026-10-02T03:41:32.9236261Z ok 40 - identity body reader classifies a real destroy HTTP socket (injected loopback transport)
check (22.19.0)	Run suite without the large boundary fixture	2026-10-02T03:41:32.9236705Z   ---
check (22.19.0)	Run suite without the large boundary fixture	2026-10-02T03:41:32.9236905Z   duration_ms: 2461.57267
check (22.19.0)	Run suite without the large boundary fixture	2026-10-02T03:41:32.9237134Z   type: 'test'
check (22.19.0)	Run suite without the large boundary fixture	2026-10-02T03:41:32.9237338Z   ...
check (22.19.0)	Run suite without the large boundary fixture	2026-10-02T03:41:32.9237800Z # Subtest: identity body reader classifies a real end HTTP socket (injected loopback transport)
check (22.19.0)	Run suite without the large boundary fixture	2026-10-02T03:41:32.9238497Z ok 41 - identity body reader classifies a real end HTTP socket (injected loopback transport)
check (22.19.0)	Run suite without the large boundary fixture	2026-10-02T03:41:32.9239235Z   ---
check (22.19.0)	Run suite without the large boundary fixture	2026-10-02T03:41:32.9239519Z   duration_ms: 2435.041464
check (22.19.0)	Run suite without the large boundary fixture	2026-10-02T03:41:32.9239921Z   type: 'test'
check (22.19.0)	Run suite without the large boundary fixture	2026-10-02T03:41:32.9240420Z   ...
check (22.19.0)	Run suite without the large boundary fixture	2026-10-02T03:41:32.9257507Z # Subtest: identity body reader classifies a real resetAndDestroy HTTP socket (injected loopback transport)
check (22.19.0)	Run suite without the large boundary fixture	2026-10-02T03:41:32.9259519Z ok 42 - identity body reader classifies a real resetAndDestroy HTTP socket (injected loopback transport)
check (22.19.0)	Run suite without the large boundary fixture	2026-10-02T03:41:32.9260379Z   ---
check (22.19.0)	Run suite without the large boundary fixture	2026-10-02T03:41:32.9260723Z   duration_ms: 2689.386778
check (22.19.0)	Run suite without the large boundary fixture	2026-10-02T03:41:32.9261106Z   type: 'test'
check (22.19.0)	Run suite without the large boundary fixture	2026-10-02T03:41:32.9261419Z   ...
check (22.19.0)	Run suite without the large boundary fixture	2026-10-02T03:41:39.1829973Z # Subtest: Node resolution consumes stdin payloads larger than 64 KiB
check (22.19.0)	Run suite without the large boundary fixture	2026-10-02T03:41:39.1861091Z ok 43 - Node resolution consumes stdin payloads larger than 64 KiB
check (22.19.0)	Run suite without the large boundary fixture	2026-10-02T03:41:39.1865844Z   ---
check (22.19.0)	Run suite without the large boundary fixture	2026-10-02T03:41:39.1866364Z   duration_ms: 10979.645794
check (22.19.0)	Run suite without the large boundary fixture	2026-10-02T03:41:39.1866879Z   type: 'test'
check (22.19.0)	Run suite without the large boundary fixture	2026-10-02T03:41:39.1867371Z   ...
check (22.19.0)	Run suite without the large boundary fixture	2026-10-02T03:41:39.1868381Z # Subtest: package file patches and unlisted nested resolution fail before interpretation
check (22.19.0)	Run suite without the large boundary fixture	2026-10-02T03:41:39.1869988Z ok 44 - package file patches and unlisted nested resolution fail before interpretation
check (22.19.0)	Run suite without the large boundary fixture	2026-10-02T03:41:39.1870902Z   ---
check (22.19.0)	Run suite without the large boundary fixture	2026-10-02T03:41:39.1871440Z   duration_ms: 10878.589515
check (22.19.0)	Run suite without the large boundary fixture	2026-10-02T03:41:39.1872026Z   type: 'test'
check (22.19.0)	Run suite without the large boundary fixture	2026-10-02T03:41:39.1872556Z   ...
check (22.19.0)	Run suite without the large boundary fixture	2026-10-02T03:41:39.2417659Z # Subtest: loader shape mutations remain coded input failures, including manifest and view edges
check (22.19.0)	Run suite without the large boundary fixture	2026-10-02T03:41:39.2419336Z ok 45 - loader shape mutations remain coded input failures, including manifest and view edges
check (22.19.0)	Run suite without the large boundary fixture	2026-10-02T03:41:39.2427382Z   ---
check (22.19.0)	Run suite without the large boundary fixture	2026-10-02T03:41:39.2461140Z   duration_ms: 16309.93962
check (22.19.0)	Run suite without the large boundary fixture	2026-10-02T03:41:39.2461814Z   type: 'test'
check (22.19.0)	Run suite without the large boundary fixture	2026-10-02T03:41:39.2462313Z   ...
check (22.19.0)	Run suite without the large boundary fixture	2026-10-02T03:41:39.2463071Z # 3260 loader mutations checked against two loadable baselines
check (22.19.0)	Run suite without the large boundary fixture	2026-10-02T03:41:43.5973838Z # {"cases":24,"metrics":{"tombstones":[{"name":"tombstone-churn","current":302,"bytes":31,"rows":0,"deletionMarkers":0,"generations":2,"pins":0,"values":0},{"name":"tombstone-small-quota","current":152,"bytes":31,"rows":0,"deletionMarkers":0,"generations":2,"pins":0,"values":0},{"name":"tombstone-repeated-delete","current":53,"bytes":31,"rows":0,"deletionMarkers":0,"generations":2,"pins":0,"values":0},{"name":"tombstone-pinned-value","current":17,"bytes":31,"rows":0,"deletionMarkers":0,"generations":2,"pins":0,"values":0}],"commit":{"cursorContinuations":4,"payloadReads":0,"payloadAdds":1},"page":{"cursorContinuations":12,"payloadReads":10,"payloadAdds":0},"pinRelease":{"cursorContinuations":1004,"payloadReads":0,"payloadAdds":0},"storage":{"historyRows":500,"storedVersions":501,"logicalBytes":137794}},"quota":{"case":"actual Chromium quota abort preserves generation","generation":1,"attemptedBytes":4194304,"observed":{"code":"quota","causeName":"QuotaExceededError","causeMessage":""},"override":{"usage":0,"quota":1048576,"overrideActive":true,"usageBreakdown":[{"storageType":"file_systems","usage":0},{"storageType":"indexeddb","usage":0},{"storageType":"cache_storage","usage":0},{"storageType":"service_workers","usage":0}]}},"crashes":[{"phase":"before","generation":1,"observedRequests":88},{"phase":"after","generation":2,"observedRequests":0}]}
check (22.19.0)	Run suite without the large boundary fixture	2026-10-02T03:41:43.7464333Z # Subtest: real Chromium IndexedDB shares storage corpus, physical quota and renderer crashes
check (22.19.0)	Run suite without the large boundary fixture	2026-10-02T03:41:43.7465974Z ok 46 - real Chromium IndexedDB shares storage corpus, physical quota and renderer crashes
check (22.19.0)	Run suite without the large boundary fixture	2026-10-02T03:41:43.7466957Z   ---
check (22.19.0)	Run suite without the large boundary fixture	2026-10-02T03:41:43.7467455Z   duration_ms: 9510.313061
check (22.19.0)	Run suite without the large boundary fixture	2026-10-02T03:41:43.7468008Z   type: 'test'
check (22.19.0)	Run suite without the large boundary fixture	2026-10-02T03:41:43.7468483Z   ...
check (22.19.0)	Run suite without the large boundary fixture	2026-10-02T03:41:43.7890439Z # (node:5081) ExperimentalWarning: SQLite is an experimental feature and might change at any time
check (22.19.0)	Run suite without the large boundary fixture	2026-10-02T03:41:43.7910634Z # (Use `node --trace-warnings ...` to show where the warning was created)
check (22.19.0)	Run suite without the large boundary fixture	2026-10-02T03:41:43.7925705Z # {"node":"v22.19.0","cases":26,"incremental":{"historyRows":500,"precedingChangedKeys":1,"actualRetirementKeys":1,"storedVersions":501,"sqlPlan":[{"id":3,"parent":0,"notused":61,"detail":"SEARCH local_rows USING INDEX local_rows_generation (generation=?)"}],"logicalUsage":{"bytes":137794,"rows":501}},"tombstones":[{"name":"tombstone-churn","current":302,"bytes":31,"rows":0,"deletionMarkers":0,"generations":2,"pins":0},{"name":"tombstone-small-quota","current":152,"bytes":31,"rows":0,"deletionMarkers":0,"generations":2,"pins":0},{"name":"tombstone-repeated-delete","current":53,"bytes":31,"rows":0,"deletionMarkers":0,"generations":2,"pins":0},{"name":"tombstone-pinned-value","current":17,"bytes":31,"rows":0,"deletionMarkers":0,"generations":2,"pins":0}]}
check (22.19.0)	Run suite without the large boundary fixture	2026-10-02T03:41:43.7928608Z # Subtest: real SQLite generations, coherent abort/crash recovery and incremental retirement
check (22.19.0)	Run suite without the large boundary fixture	2026-10-02T03:41:43.7929780Z ok 47 - real SQLite generations, coherent abort/crash recovery and incremental retirement
check (22.19.0)	Run suite without the large boundary fixture	2026-10-02T03:41:43.7930232Z   ---
check (22.19.0)	Run suite without the large boundary fixture	2026-10-02T03:41:43.7930448Z   duration_ms: 1392.27924
check (22.19.0)	Run suite without the large boundary fixture	2026-10-02T03:41:43.7930707Z   type: 'test'
check (22.19.0)	Run suite without the large boundary fixture	2026-10-02T03:41:43.7930924Z   ...
check (22.19.0)	Run suite without the large boundary fixture	2026-10-02T03:42:42.0239564Z # {"node":"v22.19.0","chromium":"153.0.8010.12","cases":["initial selected epoch and immutable grant admission","genesis role disable changes revision to unsigned request CID","stale assignment cannot revive disabled role","second immutable grant admission","one referenced grant cannot union another grant role scope","explicit one-grant owner role administration","role no-change retains its effective revision","source grant deletion does not revoke retained device authority","terminal revoke before first grant admission needs no target grant or epoch","never-admitted terminal revoked grant cannot be revived","fresh repeated revoke no-op advances observation floor","same grant path with different CID cannot edit admitted signer","linked epoch reset retires all earlier grants without walking them","queued old-epoch device operation is ineffective","never-seen pre-reset grant cannot enter current epoch","fresh reset epoch needs fresh exact grant admission","copied backup cannot restore a retired epoch","authentic lower repository revision cannot lower ordinary admission floor","greater revision does not repair a conflicting epoch predecessor","appointed recovery permits lower floor only with never-accepted fresh epoch","appointed recovery cannot revive a retired epoch","stale signed recovery consumes descriptor but changes no epoch or floor","govern may explicitly remove owner without revoking devices","routine admission after recovery preserves fresh scope","participation grant does not appoint owner/admin authority","appointed governance assigns domain role without target device grant","govern adds fifteen certify-only pairs while preserving mixed recovery exactly","recovery input bound does not waive sixteen combined-pair capacity","govern cannot alter lower powers on a mixed recover pair","specific capacity route first prunes one non-recover certifier by govern","specific capacity route then rotates recovery preserving old governance","removed recovery signer cannot rotate newly appointed peers","specific capacity route newly appointed recovery replaces governance only","one recovery signer may remove all existing governance without removing certify","one recovery signer may restore a selected governance pair","whole-map replacement equality ignores object property insertion order","claimed-key P1 root cannot substitute for authentic retained app identity","authentic app history truncation changes before/after tip even with unchanged key and PDS","complete selected root proves claimed entry absent: invalid history","missing native tree node stalls without proven absence","missing exact retained method chunk stalls rather than granting authority","invalid device signature stays invalid before delegated checks","authentic app publication cannot rebind descriptor subject","signed published ordinary action stalls without supported source/action derivation and preserves prior","repeated recovery request/descriptor is invalid before missing observation fetch","same actor nonce with changed signed contents is invalid before live-grant denial","unknown app initializes current epoch without replaying pre-app resets; secp256k1 repo and P-256 device","secp256k1 repository key does not change P-256 owner role authorization","hostname web observation/native grant retains weaker assurance class","web account publication still needs a separate P-256 actor signature and owner scope","sixteen mixed recover/certify pairs cannot add a new recovery pair without govern","disabled recovery-to-govern policy cannot manufacture a capacity escape","recover/certify alone cannot prune lower powers through setControl","native app repository key cannot appoint governance by itself"],"fixtureBytes":25222438,"fixtureSha256":"0c9d2b829d0ae4c70f1722f62323969d2b27a0bc8a7720bd1f3a8c4e6988339e","bundleBytes":785333,"bundleSha256":"4d5bd1e093e98e1796f942ad8c2044e57eb297cc83494f3bba4614cb70456893","exactWholeSnapshotsAgree":true}
check (22.19.0)	Run suite without the large boundary fixture	2026-10-02T03:42:42.1130266Z # Subtest: Chromium replays exact Node-produced authenticated authority vectors and complete snapshots
check (22.19.0)	Run suite without the large boundary fixture	2026-10-02T03:42:42.1160088Z ok 48 - Chromium replays exact Node-produced authenticated authority vectors and complete snapshots
check (22.19.0)	Run suite without the large boundary fixture	2026-10-02T03:42:42.1179515Z   ---
check (22.19.0)	Run suite without the large boundary fixture	2026-10-02T03:42:42.1180633Z   duration_ms: 61275.867053
check (22.19.0)	Run suite without the large boundary fixture	2026-10-02T03:42:42.1181044Z   type: 'test'
check (22.19.0)	Run suite without the large boundary fixture	2026-10-02T03:42:42.1181384Z   ...
check (22.19.0)	Run suite without the large boundary fixture	2026-10-02T03:42:42.4749379Z # {"cases":["initial selected epoch and immutable grant admission","genesis role disable changes revision to unsigned request CID","stale assignment cannot revive disabled role","second immutable grant admission","one referenced grant cannot union another grant role scope","explicit one-grant owner role administration","role no-change retains its effective revision","source grant deletion does not revoke retained device authority","terminal revoke before first grant admission needs no target grant or epoch","never-admitted terminal revoked grant cannot be revived","fresh repeated revoke no-op advances observation floor","same grant path with different CID cannot edit admitted signer","linked epoch reset retires all earlier grants without walking them","queued old-epoch device operation is ineffective","never-seen pre-reset grant cannot enter current epoch","fresh reset epoch needs fresh exact grant admission","copied backup cannot restore a retired epoch","authentic lower repository revision cannot lower ordinary admission floor","greater revision does not repair a conflicting epoch predecessor","appointed recovery permits lower floor only with never-accepted fresh epoch","appointed recovery cannot revive a retired epoch","stale signed recovery consumes descriptor but changes no epoch or floor","govern may explicitly remove owner without revoking devices","routine admission after recovery preserves fresh scope","participation grant does not appoint owner/admin authority","appointed governance assigns domain role without target device grant","govern adds fifteen certify-only pairs while preserving mixed recovery exactly","recovery input bound does not waive sixteen combined-pair capacity","govern cannot alter lower powers on a mixed recover pair","specific capacity route first prunes one non-recover certifier by govern","specific capacity route then rotates recovery preserving old governance","removed recovery signer cannot rotate newly appointed peers","specific capacity route newly appointed recovery replaces governance only","one recovery signer may remove all existing governance without removing certify","one recovery signer may restore a selected governance pair","whole-map replacement equality ignores object property insertion order","claimed-key P1 root cannot substitute for authentic retained app identity","authentic app history truncation changes before/after tip even with unchanged key and PDS","complete selected root proves claimed entry absent: invalid history","missing native tree node stalls without proven absence","missing exact retained method chunk stalls rather than granting authority","invalid device signature stays invalid before delegated checks","authentic app publication cannot rebind descriptor subject","signed published ordinary action stalls without supported source/action derivation and preserves prior","repeated recovery request/descriptor is invalid before missing observation fetch","same actor nonce with changed signed contents is invalid before live-grant denial","unknown app initializes current epoch without replaying pre-app resets; secp256k1 repo and P-256 device","secp256k1 repository key does not change P-256 owner role authorization","hostname web observation/native grant retains weaker assurance class","web account publication still needs a separate P-256 actor signature and owner scope","sixteen mixed recover/certify pairs cannot add a new recovery pair without govern","disabled recovery-to-govern policy cannot manufacture a capacity escape","recover/certify alone cannot prune lower powers through setControl","native app repository key cannot appoint governance by itself"],"authoritySnapshotBytes":14131,"retainedPublicFixtureBytes":22804670,"noPrivateKeysRetained":true}
check (22.19.0)	Run suite without the large boundary fixture	2026-10-02T03:42:42.4768374Z # Subtest: native participant authority, role revisions and recovery use authenticated retained evidence
check (22.19.0)	Run suite without the large boundary fixture	2026-10-02T03:42:42.4772472Z ok 49 - native participant authority, role revisions and recovery use authenticated retained evidence
check (22.19.0)	Run suite without the large boundary fixture	2026-10-02T03:42:42.4773272Z   ---
check (22.19.0)	Run suite without the large boundary fixture	2026-10-02T03:42:42.4773587Z   duration_ms: 7863.60445
check (22.19.0)	Run suite without the large boundary fixture	2026-10-02T03:42:42.4773940Z   type: 'test'
check (22.19.0)	Run suite without the large boundary fixture	2026-10-02T03:42:42.4774221Z   ...
check (22.19.0)	Run suite without the large boundary fixture	2026-10-02T03:42:42.4774768Z # {"browserCases":51,"bundleBytes":480134,"shared":["p256","secp256k1"]}
check (22.19.0)	Run suite without the large boundary fixture	2026-10-02T03:42:42.4775708Z # Subtest: Chromium executes native hostile cases and shared Node key/commit fixtures
check (22.19.0)	Run suite without the large boundary fixture	2026-10-02T03:42:42.4776731Z ok 50 - Chromium executes native hostile cases and shared Node key/commit fixtures
check (22.19.0)	Run suite without the large boundary fixture	2026-10-02T03:42:42.4777376Z   ---
check (22.19.0)	Run suite without the large boundary fixture	2026-10-02T03:42:42.4777688Z   duration_ms: 1231.169045
check (22.19.0)	Run suite without the large boundary fixture	2026-10-02T03:42:42.4778046Z   type: 'test'
check (22.19.0)	Run suite without the large boundary fixture	2026-10-02T03:42:42.4778339Z   ...
check (22.19.0)	Run suite without the large boundary fixture	2026-10-02T03:42:42.4797874Z # {"nativeProofCases":["root fields, raw membership, absence and whole-tree checks","non-forgeable capability","wrong DID","wrong key","wrong root","truncated CAR","CAR byte budget: resource limit and sufficient-budget recovery","block count budget: resource limit and sufficient-budget recovery","block byte budget: resource limit and sufficient-budget recovery","header budget: resource limit and sufficient-budget recovery","native header depth budget: resource limit and sufficient-budget recovery","CAR type and truncated/zero header are input before local header policy","unknown and nonpositive/fractional/nonfinite/unsafe bounds remain caller input errors","corrupt block","wrong record CID","path protocol syntax/1024 maximum precede stricter local character policy","path node, full-tree node and walker-depth budgets are resource limits","node-entry policy yields resource limit and sufficient-budget recovery","native cached-node depth is local policy distinct from Atseq wire depth","cached native block bytes obey resource policy","caller CAR, options and returned-byte mutation isolation","sparse missing evidence distinct from absence","missing record bytes","full-export cache recovery","failed admission preserves prior evidence","single-CAR cache byte/count budgets are resource limits","LRU eviction yields missing evidence","optional expected root","exactly one selected CAR root","oversized authenticated admission is atomic","p256 legacy/compressed/off-curve keys and compact low-S signatures","secp256k1 legacy/compressed/off-curve keys and compact low-S signatures","wrong-layer signed MST node","unordered signed MST keys","wrong child layer","overlapping child interval","signed walked interval fault overrides withheld child for lookup and full tree","signed walked interval fault overrides node-load limit before withheld child for lookup and full tree","canonical MST fields","invalid node shape precedes local node-entry policy","canonical empty repository root","height-one signed empty non-root MST node","leaf signed empty non-root MST node","untrimmed keyless root is invalid input","noncanonical signed MST CBOR is invalid input","maintained MST deserialization errors are invalid input","noncanonical commit CBOR is invalid input","lookup/tree preserve observed runtime/resource/input/missing failures instead of cleanup depth error","genuine walker runtime faults retain identity","native depth limit does not claim validity; raised policy detects malformed commit","native membership cannot bypass strict Atseq record limits"]}
check (22.19.0)	Run suite without the large boundary fixture	2026-10-02T03:42:42.4815167Z # Subtest: native repository proof corpus rejects hostile inputs and separates missing evidence
check (22.19.0)	Run suite without the large boundary fixture	2026-10-02T03:42:42.4816419Z ok 51 - native repository proof corpus rejects hostile inputs and separates missing evidence
check (22.19.0)	Run suite without the large boundary fixture	2026-10-02T03:42:42.4817136Z   ---
check (22.19.0)	Run suite without the large boundary fixture	2026-10-02T03:42:42.4817456Z   duration_ms: 1464.753287
check (22.19.0)	Run suite without the large boundary fixture	2026-10-02T03:42:42.4817839Z   type: 'test'
check (22.19.0)	Run suite without the large boundary fixture	2026-10-02T03:42:42.4818152Z   ...
check (22.19.0)	Run suite without the large boundary fixture	2026-10-02T03:42:42.4819320Z # Subtest: isolated native foundation agrees with independent fixtures in Node and Chromium
check (22.19.0)	Run suite without the large boundary fixture	2026-10-02T03:42:42.4820178Z     # Subtest: independent exact block disableRoleIntent
check (22.19.0)	Run suite without the large boundary fixture	2026-10-02T03:42:42.4820795Z     ok 1 - independent exact block disableRoleIntent
check (22.19.0)	Run suite without the large boundary fixture	2026-10-02T03:42:42.4821258Z       ---
check (22.19.0)	Run suite without the large boundary fixture	2026-10-02T03:42:42.4821577Z       duration_ms: 1.534016
check (22.19.0)	Run suite without the large boundary fixture	2026-10-02T03:42:42.4821939Z       type: 'test'
check (22.19.0)	Run suite without the large boundary fixture	2026-10-02T03:42:42.4822238Z       ...
check (22.19.0)	Run suite without the large boundary fixture	2026-10-02T03:42:42.4822637Z     # Subtest: independent exact block appBinding
check (22.19.0)	Run suite without the large boundary fixture	2026-10-02T03:42:42.4823215Z     ok 2 - independent exact block appBinding
check (22.19.0)	Run suite without the large boundary fixture	2026-10-02T03:42:42.4823651Z       ---
check (22.19.0)	Run suite without the large boundary fixture	2026-10-02T03:42:42.4823957Z       duration_ms: 0.151574
check (22.19.0)	Run suite without the large boundary fixture	2026-10-02T03:42:42.4824399Z       type: 'test'
check (22.19.0)	Run suite without the large boundary fixture	2026-10-02T03:42:42.4824718Z       ...
check (22.19.0)	Run suite without the large boundary fixture	2026-10-02T03:42:42.4825110Z     # Subtest: independent exact block receipt
check (22.19.0)	Run suite without the large boundary fixture	2026-10-02T03:42:42.4825646Z     ok 3 - independent exact block receipt
check (22.19.0)	Run suite without the large boundary fixture	2026-10-02T03:42:42.4826099Z       ---
check (22.19.0)	Run suite without the large boundary fixture	2026-10-02T03:42:42.4826399Z       duration_ms: 0.106107
check (22.19.0)	Run suite without the large boundary fixture	2026-10-02T03:42:42.4826770Z       type: 'test'
check (22.19.0)	Run suite without the large boundary fixture	2026-10-02T03:42:42.4827090Z       ...
check (22.19.0)	Run suite without the large boundary fixture	2026-10-02T03:42:42.4827498Z     # Subtest: independent exact block definition
check (22.19.0)	Run suite without the large boundary fixture	2026-10-02T03:42:42.4828059Z     ok 4 - independent exact block definition
check (22.19.0)	Run suite without the large boundary fixture	2026-10-02T03:42:42.4828499Z       ---
check (22.19.0)	Run suite without the large boundary fixture	2026-10-02T03:42:42.4829171Z       duration_ms: 0.110123
check (22.19.0)	Run suite without the large boundary fixture	2026-10-02T03:42:42.4829534Z       type: 'test'
check (22.19.0)	Run suite without the large boundary fixture	2026-10-02T03:42:42.4829836Z       ...
check (22.19.0)	Run suite without the large boundary fixture	2026-10-02T03:42:42.4830210Z     # Subtest: independent exact block policy
check (22.19.0)	Run suite without the large boundary fixture	2026-10-02T03:42:42.4830706Z     ok 5 - independent exact block policy
check (22.19.0)	Run suite without the large boundary fixture	2026-10-02T03:42:42.4831152Z       ---
check (22.19.0)	Run suite without the large boundary fixture	2026-10-02T03:42:42.4831454Z       duration_ms: 0.090855
check (22.19.0)	Run suite without the large boundary fixture	2026-10-02T03:42:42.4831810Z       type: 'test'
check (22.19.0)	Run suite without the large boundary fixture	2026-10-02T03:42:42.4832122Z       ...
check (22.19.0)	Run suite without the large boundary fixture	2026-10-02T03:42:42.4832510Z     # Subtest: independent exact block genesis
check (22.19.0)	Run suite without the large boundary fixture	2026-10-02T03:42:42.4833035Z     ok 6 - independent exact block genesis
check (22.19.0)	Run suite without the large boundary fixture	2026-10-02T03:42:42.4833710Z       ---
check (22.19.0)	Run suite without the large boundary fixture	2026-10-02T03:42:42.4834010Z       duration_ms: 0.13501
check (22.19.0)	Run suite without the large boundary fixture	2026-10-02T03:42:42.4834365Z       type: 'test'
check (22.19.0)	Run suite without the large boundary fixture	2026-10-02T03:42:42.4834675Z       ...
check (22.19.0)	Run suite without the large boundary fixture	2026-10-02T03:42:42.4835046Z     # Subtest: independent exact block epoch
check (22.19.0)	Run suite without the large boundary fixture	2026-10-02T03:42:42.4835552Z     ok 7 - independent exact block epoch
check (22.19.0)	Run suite without the large boundary fixture	2026-10-02T03:42:42.4835973Z       ---
check (22.19.0)	Run suite without the large boundary fixture	2026-10-02T03:42:42.4836272Z       duration_ms: 0.117274
check (22.19.0)	Run suite without the large boundary fixture	2026-10-02T03:42:42.4836810Z       type: 'test'
check (22.19.0)	Run suite without the large boundary fixture	2026-10-02T03:42:42.4837113Z       ...
check (22.19.0)	Run suite without the large boundary fixture	2026-10-02T03:42:42.4837528Z     # Subtest: independent exact block epochCurrent
check (22.19.0)	Run suite without the large boundary fixture	2026-10-02T03:42:42.4838112Z     ok 8 - independent exact block epochCurrent
check (22.19.0)	Run suite without the large boundary fixture	2026-10-02T03:42:42.4838558Z       ---
check (22.19.0)	Run suite without the large boundary fixture	2026-10-02T03:42:42.4839005Z       duration_ms: 0.167269
check (22.19.0)	Run suite without the large boundary fixture	2026-10-02T03:42:42.4839366Z       type: 'test'
check (22.19.0)	Run suite without the large boundary fixture	2026-10-02T03:42:42.4839670Z       ...
check (22.19.0)	Run suite without the large boundary fixture	2026-10-02T03:42:42.4840033Z     # Subtest: independent exact block grant
check (22.19.0)	Run suite without the large boundary fixture	2026-10-02T03:42:42.4840542Z     ok 9 - independent exact block grant
check (22.19.0)	Run suite without the large boundary fixture	2026-10-02T03:42:42.4840967Z       ---
check (22.19.0)	Run suite without the large boundary fixture	2026-10-02T03:42:42.4841261Z       duration_ms: 0.354025
check (22.19.0)	Run suite without the large boundary fixture	2026-10-02T03:42:42.4841618Z       type: 'test'
check (22.19.0)	Run suite without the large boundary fixture	2026-10-02T03:42:42.4841918Z       ...
check (22.19.0)	Run suite without the large boundary fixture	2026-10-02T03:42:42.4842286Z     # Subtest: independent exact block revoke
check (22.19.0)	Run suite without the large boundary fixture	2026-10-02T03:42:42.4842809Z     ok 10 - independent exact block revoke
check (22.19.0)	Run suite without the large boundary fixture	2026-10-02T03:42:42.4843229Z       ---
check (22.19.0)	Run suite without the large boundary fixture	2026-10-02T03:42:42.4843524Z       duration_ms: 0.15534
check (22.19.0)	Run suite without the large boundary fixture	2026-10-02T03:42:42.4843890Z       type: 'test'
check (22.19.0)	Run suite without the large boundary fixture	2026-10-02T03:42:42.4844188Z       ...
check (22.19.0)	Run suite without the large boundary fixture	2026-10-02T03:42:42.4844562Z     # Subtest: independent exact block intent
check (22.19.0)	Run suite without the large boundary fixture	2026-10-02T03:42:42.4845066Z     ok 11 - independent exact block intent
check (22.19.0)	Run suite without the large boundary fixture	2026-10-02T03:42:42.4845479Z       ---
check (22.19.0)	Run suite without the large boundary fixture	2026-10-02T03:42:42.4845771Z       duration_ms: 0.08757
check (22.19.0)	Run suite without the large boundary fixture	2026-10-02T03:42:42.4846121Z       type: 'test'
check (22.19.0)	Run suite without the large boundary fixture	2026-10-02T03:42:42.4846429Z       ...
check (22.19.0)	Run suite without the large boundary fixture	2026-10-02T03:42:42.4846787Z     # Subtest: independent exact block signed
check (22.19.0)	Run suite without the large boundary fixture	2026-10-02T03:42:42.4847286Z     ok 12 - independent exact block signed
check (22.19.0)	Run suite without the large boundary fixture	2026-10-02T03:42:42.4847700Z       ---
check (22.19.0)	Run suite without the large boundary fixture	2026-10-02T03:42:42.4847998Z       duration_ms: 0.073469
check (22.19.0)	Run suite without the large boundary fixture	2026-10-02T03:42:42.4848351Z       type: 'test'
check (22.19.0)	Run suite without the large boundary fixture	2026-10-02T03:42:42.4848649Z       ...
check (22.19.0)	Run suite without the large boundary fixture	2026-10-02T03:42:42.4852013Z     # Subtest: independent exact block entry
check (22.19.0)	Run suite without the large boundary fixture	2026-10-02T03:42:42.4852589Z     ok 13 - independent exact block entry
check (22.19.0)	Run suite without the large boundary fixture	2026-10-02T03:42:42.4853031Z       ---
check (22.19.0)	Run suite without the large boundary fixture	2026-10-02T03:42:42.4853356Z       duration_ms: 0.070675
check (22.19.0)	Run suite without the large boundary fixture	2026-10-02T03:42:42.4853731Z       type: 'test'
check (22.19.0)	Run suite without the large boundary fixture	2026-10-02T03:42:42.4854059Z       ...
check (22.19.0)	Run suite without the large boundary fixture	2026-10-02T03:42:42.4854451Z     # Subtest: independent exact block head
check (22.19.0)	Run suite without the large boundary fixture	2026-10-02T03:42:42.4854991Z     ok 14 - independent exact block head
check (22.19.0)	Run suite without the large boundary fixture	2026-10-02T03:42:42.4855421Z       ---
check (22.19.0)	Run suite without the large boundary fixture	2026-10-02T03:42:42.4855735Z       duration_ms: 0.050855
check (22.19.0)	Run suite without the large boundary fixture	2026-10-02T03:42:42.4856110Z       type: 'test'
check (22.19.0)	Run suite without the large boundary fixture	2026-10-02T03:42:42.4856425Z       ...
check (22.19.0)	Run suite without the large boundary fixture	2026-10-02T03:42:42.4856812Z     # Subtest: independent exact block account
check (22.19.0)	Run suite without the large boundary fixture	2026-10-02T03:42:42.4857351Z     ok 15 - independent exact block account
check (22.19.0)	Run suite without the large boundary fixture	2026-10-02T03:42:42.4857774Z       ---
check (22.19.0)	Run suite without the large boundary fixture	2026-10-02T03:42:42.4858067Z       duration_ms: 0.069563
check (22.19.0)	Run suite without the large boundary fixture	2026-10-02T03:42:42.4858425Z       type: 'test'
check (22.19.0)	Run suite without the large boundary fixture	2026-10-02T03:42:42.4868496Z       ...
check (22.19.0)	Run suite without the large boundary fixture	2026-10-02T03:42:42.4869239Z     # Subtest: independent exact block observation
check (22.19.0)	Run suite without the large boundary fixture	2026-10-02T03:42:42.4869886Z     ok 16 - independent exact block observation
check (22.19.0)	Run suite without the large boundary fixture	2026-10-02T03:42:42.4870375Z       ---
check (22.19.0)	Run suite without the large boundary fixture	2026-10-02T03:42:42.4870702Z       duration_ms: 0.044526
check (22.19.0)	Run suite without the large boundary fixture	2026-10-02T03:42:42.4871090Z       type: 'test'
check (22.19.0)	Run suite without the large boundary fixture	2026-10-02T03:42:42.4871419Z       ...
check (22.19.0)	Run suite without the large boundary fixture	2026-10-02T03:42:42.4871867Z     # Subtest: independent exact block accountEntry
check (22.19.0)	Run suite without the large boundary fixture	2026-10-02T03:42:42.4872459Z     ok 17 - independent exact block accountEntry
check (22.19.0)	Run suite without the large boundary fixture	2026-10-02T03:42:42.4872905Z       ---
check (22.19.0)	Run suite without the large boundary fixture	2026-10-02T03:42:42.4873202Z       duration_ms: 0.039228
check (22.19.0)	Run suite without the large boundary fixture	2026-10-02T03:42:42.4873574Z       type: 'test'
check (22.19.0)	Run suite without the large boundary fixture	2026-10-02T03:42:42.4873874Z       ...
check (22.19.0)	Run suite without the large boundary fixture	2026-10-02T03:42:42.4874246Z     # Subtest: independent exact block chunk0
check (22.19.0)	Run suite without the large boundary fixture	2026-10-02T03:42:42.4874776Z     ok 18 - independent exact block chunk0
check (22.19.0)	Run suite without the large boundary fixture	2026-10-02T03:42:42.4875190Z       ---
check (22.19.0)	Run suite without the large boundary fixture	2026-10-02T03:42:42.4875480Z       duration_ms: 0.115351
check (22.19.0)	Run suite without the large boundary fixture	2026-10-02T03:42:42.4876136Z       type: 'test'
check (22.19.0)	Run suite without the large boundary fixture	2026-10-02T03:42:42.4876439Z       ...
check (22.19.0)	Run suite without the large boundary fixture	2026-10-02T03:42:42.4876816Z     # Subtest: independent exact block chunk1
check (22.19.0)	Run suite without the large boundary fixture	2026-10-02T03:42:42.4877324Z     ok 19 - independent exact block chunk1
check (22.19.0)	Run suite without the large boundary fixture	2026-10-02T03:42:42.4877737Z       ---
check (22.19.0)	Run suite without the large boundary fixture	2026-10-02T03:42:42.4878037Z       duration_ms: 0.079207
check (22.19.0)	Run suite without the large boundary fixture	2026-10-02T03:42:42.4878390Z       type: 'test'
check (22.19.0)	Run suite without the large boundary fixture	2026-10-02T03:42:42.4878847Z       ...
check (22.19.0)	Run suite without the large boundary fixture	2026-10-02T03:42:42.4892644Z     # Subtest: independent exact block manifest
check (22.19.0)	Run suite without the large boundary fixture	2026-10-02T03:42:42.4893238Z     ok 20 - independent exact block manifest
check (22.19.0)	Run suite without the large boundary fixture	2026-10-02T03:42:42.4893694Z       ---
check (22.19.0)	Run suite without the large boundary fixture	2026-10-02T03:42:42.4894000Z       duration_ms: 0.07442
check (22.19.0)	Run suite without the large boundary fixture	2026-10-02T03:42:42.4894429Z       type: 'test'
check (22.19.0)	Run suite without the large boundary fixture	2026-10-02T03:42:42.4894747Z       ...
check (22.19.0)	Run suite without the large boundary fixture	2026-10-02T03:42:42.4895122Z     # Subtest: independent exact block file
check (22.19.0)	Run suite without the large boundary fixture	2026-10-02T03:42:42.4895657Z     ok 21 - independent exact block file
check (22.19.0)	Run suite without the large boundary fixture	2026-10-02T03:42:42.4896079Z       ---
check (22.19.0)	Run suite without the large boundary fixture	2026-10-02T03:42:42.4896385Z       duration_ms: 0.071897
check (22.19.0)	Run suite without the large boundary fixture	2026-10-02T03:42:42.4896760Z       type: 'test'
check (22.19.0)	Run suite without the large boundary fixture	2026-10-02T03:42:42.4897081Z       ...
check (22.19.0)	Run suite without the large boundary fixture	2026-10-02T03:42:42.4897484Z     # Subtest: independent exact block setControl
check (22.19.0)	Run suite without the large boundary fixture	2026-10-02T03:42:42.4898042Z     ok 22 - independent exact block setControl
check (22.19.0)	Run suite without the large boundary fixture	2026-10-02T03:42:42.4898495Z       ---
check (22.19.0)	Run suite without the large boundary fixture	2026-10-02T03:42:42.4898981Z       duration_ms: 0.13465
check (22.19.0)	Run suite without the large boundary fixture	2026-10-02T03:42:42.4899354Z       type: 'test'
check (22.19.0)	Run suite without the large boundary fixture	2026-10-02T03:42:42.4899672Z       ...
check (22.19.0)	Run suite without the large boundary fixture	2026-10-02T03:42:42.4900080Z     # Subtest: independent exact block setRecovery
check (22.19.0)	Run suite without the large boundary fixture	2026-10-02T03:42:42.4900665Z     ok 23 - independent exact block setRecovery
check (22.19.0)	Run suite without the large boundary fixture	2026-10-02T03:42:42.4901116Z       ---
check (22.19.0)	Run suite without the large boundary fixture	2026-10-02T03:42:42.4901423Z       duration_ms: 0.074431
check (22.19.0)	Run suite without the large boundary fixture	2026-10-02T03:42:42.4901785Z       type: 'test'
check (22.19.0)	Run suite without the large boundary fixture	2026-10-02T03:42:42.4902097Z       ...
check (22.19.0)	Run suite without the large boundary fixture	2026-10-02T03:42:42.4902478Z     # Subtest: independent exact block setOwner
check (22.19.0)	Run suite without the large boundary fixture	2026-10-02T03:42:42.4903007Z     ok 24 - independent exact block setOwner
check (22.19.0)	Run suite without the large boundary fixture	2026-10-02T03:42:42.4903427Z       ---
check (22.19.0)	Run suite without the large boundary fixture	2026-10-02T03:42:42.4903711Z       duration_ms: 0.0741
check (22.19.0)	Run suite without the large boundary fixture	2026-10-02T03:42:42.4904050Z       type: 'test'
check (22.19.0)	Run suite without the large boundary fixture	2026-10-02T03:42:42.4904341Z       ...
check (22.19.0)	Run suite without the large boundary fixture	2026-10-02T03:42:42.4904713Z     # Subtest: independent exact block setRole
check (22.19.0)	Run suite without the large boundary fixture	2026-10-02T03:42:42.4905299Z     ok 25 - independent exact block setRole
check (22.19.0)	Run suite without the large boundary fixture	2026-10-02T03:42:42.4905700Z       ---
check (22.19.0)	Run suite without the large boundary fixture	2026-10-02T03:42:42.4905975Z       duration_ms: 0.078797
check (22.19.0)	Run suite without the large boundary fixture	2026-10-02T03:42:42.4906328Z       type: 'test'
check (22.19.0)	Run suite without the large boundary fixture	2026-10-02T03:42:42.4906637Z       ...
check (22.19.0)	Run suite without the large boundary fixture	2026-10-02T03:42:42.4907031Z     # Subtest: independent exact block activate
check (22.19.0)	Run suite without the large boundary fixture	2026-10-02T03:42:42.4907579Z     ok 26 - independent exact block activate
check (22.19.0)	Run suite without the large boundary fixture	2026-10-02T03:42:42.4908025Z       ---
check (22.19.0)	Run suite without the large boundary fixture	2026-10-02T03:42:42.4908321Z       duration_ms: 0.064666
check (22.19.0)	Run suite without the large boundary fixture	2026-10-02T03:42:42.4911677Z       type: 'test'
check (22.19.0)	Run suite without the large boundary fixture	2026-10-02T03:42:42.4912052Z       ...
check (22.19.0)	Run suite without the large boundary fixture	2026-10-02T03:42:42.4912499Z     # Subtest: independent exact block recoverParticipant
check (22.19.0)	Run suite without the large boundary fixture	2026-10-02T03:42:42.4913165Z     ok 27 - independent exact block recoverParticipant
check (22.19.0)	Run suite without the large boundary fixture	2026-10-02T03:42:42.4913641Z       ---
check (22.19.0)	Run suite without the large boundary fixture	2026-10-02T03:42:42.4913928Z       duration_ms: 0.061822
check (22.19.0)	Run suite without the large boundary fixture	2026-10-02T03:42:42.4914262Z       type: 'test'
check (22.19.0)	Run suite without the large boundary fixture	2026-10-02T03:42:42.4914559Z       ...
check (22.19.0)	Run suite without the large boundary fixture	2026-10-02T03:42:42.4914957Z     # Subtest: independent exact block recoverGovernance
check (22.19.0)	Run suite without the large boundary fixture	2026-10-02T03:42:42.4915532Z     ok 28 - independent exact block recoverGovernance
check (22.19.0)	Run suite without the large boundary fixture	2026-10-02T03:42:42.4915961Z       ---
check (22.19.0)	Run suite without the large boundary fixture	2026-10-02T03:42:42.4916247Z       duration_ms: 0.062563
check (22.19.0)	Run suite without the large boundary fixture	2026-10-02T03:42:42.4916581Z       type: 'test'
check (22.19.0)	Run suite without the large boundary fixture	2026-10-02T03:42:42.4916870Z       ...
check (22.19.0)	Run suite without the large boundary fixture	2026-10-02T03:42:42.4917288Z     # Subtest: independent exact block assignRole
check (22.19.0)	Run suite without the large boundary fixture	2026-10-02T03:42:42.4917878Z     ok 29 - independent exact block assignRole
check (22.19.0)	Run suite without the large boundary fixture	2026-10-02T03:42:42.4918321Z       ---
check (22.19.0)	Run suite without the large boundary fixture	2026-10-02T03:42:42.4918608Z       duration_ms: 0.059298
check (22.19.0)	Run suite without the large boundary fixture	2026-10-02T03:42:42.4919154Z       type: 'test'
check (22.19.0)	Run suite without the large boundary fixture	2026-10-02T03:42:42.4919436Z       ...
check (22.19.0)	Run suite without the large boundary fixture	2026-10-02T03:42:42.4919837Z     # Subtest: independent exact block advanceEpoch
check (22.19.0)	Run suite without the large boundary fixture	2026-10-02T03:42:42.4920376Z     ok 30 - independent exact block advanceEpoch
check (22.19.0)	Run suite without the large boundary fixture	2026-10-02T03:42:42.4920793Z       ---
check (22.19.0)	Run suite without the large boundary fixture	2026-10-02T03:42:42.4921083Z       duration_ms: 0.064085
check (22.19.0)	Run suite without the large boundary fixture	2026-10-02T03:42:42.4921428Z       type: 'test'
check (22.19.0)	Run suite without the large boundary fixture	2026-10-02T03:42:42.4921968Z       ...
check (22.19.0)	Run suite without the large boundary fixture	2026-10-02T03:42:42.4922336Z     # Subtest: independent exact block revokeGrant
check (22.19.0)	Run suite without the large boundary fixture	2026-10-02T03:42:42.4922877Z     ok 31 - independent exact block revokeGrant
check (22.19.0)	Run suite without the large boundary fixture	2026-10-02T03:42:42.4923329Z       ---
check (22.19.0)	Run suite without the large boundary fixture	2026-10-02T03:42:42.4923610Z       duration_ms: 0.060039
check (22.19.0)	Run suite without the large boundary fixture	2026-10-02T03:42:42.4923936Z       type: 'test'
check (22.19.0)	Run suite without the large boundary fixture	2026-10-02T03:42:42.4924272Z       ...
check (22.19.0)	Run suite without the large boundary fixture	2026-10-02T03:42:42.4924732Z     # Subtest: native record canonical keys and exact owned bytes
check (22.19.0)	Run suite without the large boundary fixture	2026-10-02T03:42:42.4925614Z     ok 32 - native record canonical keys and exact owned bytes
check (22.19.0)	Run suite without the large boundary fixture	2026-10-02T03:42:42.4926125Z       ---
check (22.19.0)	Run suite without the large boundary fixture	2026-10-02T03:42:42.4926420Z       duration_ms: 0.052819
check (22.19.0)	Run suite without the large boundary fixture	2026-10-02T03:42:42.4926761Z       type: 'test'
check (22.19.0)	Run suite without the large boundary fixture	2026-10-02T03:42:42.4927058Z       ...
check (22.19.0)	Run suite without the large boundary fixture	2026-10-02T03:42:42.4927515Z     # Subtest: positive safe positions and full genesis paths
check (22.19.0)	Run suite without the large boundary fixture	2026-10-02T03:42:42.4928152Z     ok 33 - positive safe positions and full genesis paths
check (22.19.0)	Run suite without the large boundary fixture	2026-10-02T03:42:42.4928653Z       ---
check (22.19.0)	Run suite without the large boundary fixture	2026-10-02T03:42:42.4929123Z       duration_ms: 0.089262
check (22.19.0)	Run suite without the large boundary fixture	2026-10-02T03:42:42.4929494Z       type: 'test'
check (22.19.0)	Run suite without the large boundary fixture	2026-10-02T03:42:42.4929796Z       ...
check (22.19.0)	Run suite without the large boundary fixture	2026-10-02T03:42:42.4930235Z     # Subtest: genesis external pin is exact and required
check (22.19.0)	Run suite without the large boundary fixture	2026-10-02T03:42:42.4930856Z     ok 34 - genesis external pin is exact and required
check (22.19.0)	Run suite without the large boundary fixture	2026-10-02T03:42:42.4931328Z       ---
check (22.19.0)	Run suite without the large boundary fixture	2026-10-02T03:42:42.4931635Z       duration_ms: 0.098466
check (22.19.0)	Run suite without the large boundary fixture	2026-10-02T03:42:42.4931988Z       type: 'test'
check (22.19.0)	Run suite without the large boundary fixture	2026-10-02T03:42:42.4932302Z       ...
check (22.19.0)	Run suite without the large boundary fixture	2026-10-02T03:42:42.4932783Z     # Subtest: head zero/genesis equivalence and append overflow
check (22.19.0)	Run suite without the large boundary fixture	2026-10-02T03:42:42.4933482Z     ok 35 - head zero/genesis equivalence and append overflow
check (22.19.0)	Run suite without the large boundary fixture	2026-10-02T03:42:42.4933981Z       ---
check (22.19.0)	Run suite without the large boundary fixture	2026-10-02T03:42:42.4934283Z       duration_ms: 0.058927
check (22.19.0)	Run suite without the large boundary fixture	2026-10-02T03:42:42.4934640Z       type: 'test'
check (22.19.0)	Run suite without the large boundary fixture	2026-10-02T03:42:42.4934948Z       ...
check (22.19.0)	Run suite without the large boundary fixture	2026-10-02T03:42:42.4935499Z     # Subtest: two valid signatures share unsigned request and retry identity
check (22.19.0)	Run suite without the large boundary fixture	2026-10-02T03:42:42.4936358Z     ok 36 - two valid signatures share unsigned request and retry identity
check (22.19.0)	Run suite without the large boundary fixture	2026-10-02T03:42:42.4936942Z       ---
check (22.19.0)	Run suite without the large boundary fixture	2026-10-02T03:42:42.4937239Z       duration_ms: 0.055472
check (22.19.0)	Run suite without the large boundary fixture	2026-10-02T03:42:42.4937608Z       type: 'test'
check (22.19.0)	Run suite without the large boundary fixture	2026-10-02T03:42:42.4937914Z       ...
check (22.19.0)	Run suite without the large boundary fixture	2026-10-02T03:42:42.4938383Z     # Subtest: every mutated signed binding fails verification
check (22.19.0)	Run suite without the large boundary fixture	2026-10-02T03:42:42.4939571Z     ok 37 - every mutated signed binding fails verification
check (22.19.0)	Run suite without the large boundary fixture	2026-10-02T03:42:42.4940071Z       ---
check (22.19.0)	Run suite without the large boundary fixture	2026-10-02T03:42:42.4940368Z       duration_ms: 0.054861
check (22.19.0)	Run suite without the large boundary fixture	2026-10-02T03:42:42.4940734Z       type: 'test'
check (22.19.0)	Run suite without the large boundary fixture	2026-10-02T03:42:42.4941039Z       ...
check (22.19.0)	Run suite without the large boundary fixture	2026-10-02T03:42:42.4941612Z     # Subtest: P256 devices and control; dual repository curve representation
check (22.19.0)	Run suite without the large boundary fixture	2026-10-02T03:42:42.4942466Z     ok 38 - P256 devices and control; dual repository curve representation
check (22.19.0)	Run suite without the large boundary fixture	2026-10-02T03:42:42.4943038Z       ---
check (22.19.0)	Run suite without the large boundary fixture	2026-10-02T03:42:42.4943334Z       duration_ms: 0.051937
check (22.19.0)	Run suite without the large boundary fixture	2026-10-02T03:42:42.4943688Z       type: 'test'
check (22.19.0)	Run suite without the large boundary fixture	2026-10-02T03:42:42.4943998Z       ...
check (22.19.0)	Run suite without the large boundary fixture	2026-10-02T03:42:42.4944548Z     # Subtest: closed schemas reject extra fields, unknown unions and coercion
check (22.19.0)	Run suite without the large boundary fixture	2026-10-02T03:42:42.4945405Z     ok 39 - closed schemas reject extra fields, unknown unions and coercion
check (22.19.0)	Run suite without the large boundary fixture	2026-10-02T03:42:42.4945982Z       ---
check (22.19.0)	Run suite without the large boundary fixture	2026-10-02T03:42:42.4946297Z       duration_ms: 0.04747
check (22.19.0)	Run suite without the large boundary fixture	2026-10-02T03:42:42.4946656Z       type: 'test'
check (22.19.0)	Run suite without the large boundary fixture	2026-10-02T03:42:42.4946963Z       ...
check (22.19.0)	Run suite without the large boundary fixture	2026-10-02T03:42:42.4947478Z     # Subtest: ordinary entry content needs no extra ordering signature
check (22.19.0)	Run suite without the large boundary fixture	2026-10-02T03:42:42.4948255Z     ok 40 - ordinary entry content needs no extra ordering signature
check (22.19.0)	Run suite without the large boundary fixture	2026-10-02T03:42:42.4948945Z       ---
check (22.19.0)	Run suite without the large boundary fixture	2026-10-02T03:42:42.4949242Z       duration_ms: 0.049003
check (22.19.0)	Run suite without the large boundary fixture	2026-10-02T03:42:42.4949600Z       type: 'test'
check (22.19.0)	Run suite without the large boundary fixture	2026-10-02T03:42:42.4949909Z       ...
check (22.19.0)	Run suite without the large boundary fixture	2026-10-02T03:42:42.4950407Z     # Subtest: proof-derived outer context mismatch is invalid content
check (22.19.0)	Run suite without the large boundary fixture	2026-10-02T03:42:42.4951158Z     ok 41 - proof-derived outer context mismatch is invalid content
check (22.19.0)	Run suite without the large boundary fixture	2026-10-02T03:42:42.4951691Z       ---
check (22.19.0)	Run suite without the large boundary fixture	2026-10-02T03:42:42.4951990Z       duration_ms: 0.050596
check (22.19.0)	Run suite without the large boundary fixture	2026-10-02T03:42:42.4952337Z       type: 'test'
check (22.19.0)	Run suite without the large boundary fixture	2026-10-02T03:42:42.4952867Z       ...
check (22.19.0)	Run suite without the large boundary fixture	2026-10-02T03:42:42.4953474Z     # Subtest: observation projection binds everything except observation reference
check (22.19.0)	Run suite without the large boundary fixture	2026-10-02T03:42:42.4954422Z     ok 42 - observation projection binds everything except observation reference
check (22.19.0)	Run suite without the large boundary fixture	2026-10-02T03:42:42.4955039Z       ---
check (22.19.0)	Run suite without the large boundary fixture	2026-10-02T03:42:42.4955347Z       duration_ms: 0.076674
check (22.19.0)	Run suite without the large boundary fixture	2026-10-02T03:42:42.4955707Z       type: 'test'
check (22.19.0)	Run suite without the large boundary fixture	2026-10-02T03:42:42.4956197Z       ...
check (22.19.0)	Run suite without the large boundary fixture	2026-10-02T03:42:42.4956670Z     # Subtest: five-field metadata excludes enrolment identity
check (22.19.0)	Run suite without the large boundary fixture	2026-10-02T03:42:42.4957347Z     ok 43 - five-field metadata excludes enrolment identity
check (22.19.0)	Run suite without the large boundary fixture	2026-10-02T03:42:42.4957851Z       ---
check (22.19.0)	Run suite without the large boundary fixture	2026-10-02T03:42:42.4958161Z       duration_ms: 0.051737
check (22.19.0)	Run suite without the large boundary fixture	2026-10-02T03:42:42.4958523Z       type: 'test'
check (22.19.0)	Run suite without the large boundary fixture	2026-10-02T03:42:42.4958969Z       ...
check (22.19.0)	Run suite without the large boundary fixture	2026-10-02T03:42:42.4959580Z     # Subtest: chunked exact bytes keep raw file and native locator identities distinct
check (22.19.0)	Run suite without the large boundary fixture	2026-10-02T03:42:42.4960545Z     ok 44 - chunked exact bytes keep raw file and native locator identities distinct
check (22.19.0)	Run suite without the large boundary fixture	2026-10-02T03:42:42.4961183Z       ---
check (22.19.0)	Run suite without the large boundary fixture	2026-10-02T03:42:42.4961488Z       duration_ms: 0.059898
check (22.19.0)	Run suite without the large boundary fixture	2026-10-02T03:42:42.4961875Z       type: 'test'
check (22.19.0)	Run suite without the large boundary fixture	2026-10-02T03:42:42.4962186Z       ...
check (22.19.0)	Run suite without the large boundary fixture	2026-10-02T03:42:42.4962621Z     # Subtest: missing bytes and local limits stay transient
check (22.19.0)	Run suite without the large boundary fixture	2026-10-02T03:42:42.4963272Z     ok 45 - missing bytes and local limits stay transient
check (22.19.0)	Run suite without the large boundary fixture	2026-10-02T03:42:42.4963741Z       ---
check (22.19.0)	Run suite without the large boundary fixture	2026-10-02T03:42:42.4964038Z       duration_ms: 0.056915
check (22.19.0)	Run suite without the large boundary fixture	2026-10-02T03:42:42.4964388Z       type: 'test'
check (22.19.0)	Run suite without the large boundary fixture	2026-10-02T03:42:42.4964684Z       ...
check (22.19.0)	Run suite without the large boundary fixture	2026-10-02T03:42:42.4965161Z     # Subtest: chunk tampering and noncanonical chunk lengths fail
check (22.19.0)	Run suite without the large boundary fixture	2026-10-02T03:42:42.4965867Z     ok 46 - chunk tampering and noncanonical chunk lengths fail
check (22.19.0)	Run suite without the large boundary fixture	2026-10-02T03:42:42.4966370Z       ---
check (22.19.0)	Run suite without the large boundary fixture	2026-10-02T03:42:42.4966662Z       duration_ms: 0.05406
check (22.19.0)	Run suite without the large boundary fixture	2026-10-02T03:42:42.4967013Z       type: 'test'
check (22.19.0)	Run suite without the large boundary fixture	2026-10-02T03:42:42.4967318Z       ...
check (22.19.0)	Run suite without the large boundary fixture	2026-10-02T03:42:42.4967863Z     # Subtest: typed shape remains separate from native authority acceptance
check (22.19.0)	Run suite without the large boundary fixture	2026-10-02T03:42:42.4969215Z     ok 47 - typed shape remains separate from native authority acceptance
check (22.19.0)	Run suite without the large boundary fixture	2026-10-02T03:42:42.4969794Z       ---
check (22.19.0)	Run suite without the large boundary fixture	2026-10-02T03:42:42.4970100Z       duration_ms: 0.049273
check (22.19.0)	Run suite without the large boundary fixture	2026-10-02T03:42:42.4970467Z       type: 'test'
check (22.19.0)	Run suite without the large boundary fixture	2026-10-02T03:42:42.4970784Z       ...
check (22.19.0)	Run suite without the large boundary fixture	2026-10-02T03:42:42.4971281Z     # Subtest: account principals use PLC or hostname web throughout
check (22.19.0)	Run suite without the large boundary fixture	2026-10-02T03:42:42.4972022Z     ok 48 - account principals use PLC or hostname web throughout
check (22.19.0)	Run suite without the large boundary fixture	2026-10-02T03:42:42.4972543Z       ---
check (22.19.0)	Run suite without the large boundary fixture	2026-10-02T03:42:42.4972846Z       duration_ms: 0.159707
check (22.19.0)	Run suite without the large boundary fixture	2026-10-02T03:42:42.4973201Z       type: 'test'
check (22.19.0)	Run suite without the large boundary fixture	2026-10-02T03:42:42.4973525Z       ...
check (22.19.0)	Run suite without the large boundary fixture	2026-10-02T03:42:42.4974104Z     # Subtest: retained file-table order and unused assets remain exact identity
check (22.19.0)	Run suite without the large boundary fixture	2026-10-02T03:42:42.4974977Z     ok 49 - retained file-table order and unused assets remain exact identity
check (22.19.0)	Run suite without the large boundary fixture	2026-10-02T03:42:42.4975562Z       ---
check (22.19.0)	Run suite without the large boundary fixture	2026-10-02T03:42:42.4975854Z       duration_ms: 0.058667
check (22.19.0)	Run suite without the large boundary fixture	2026-10-02T03:42:42.4976206Z       type: 'test'
check (22.19.0)	Run suite without the large boundary fixture	2026-10-02T03:42:42.4976519Z       ...
check (22.19.0)	Run suite without the large boundary fixture	2026-10-02T03:42:42.4977023Z     # Subtest: high-S signatures do not create accepted retry aliases
check (22.19.0)	Run suite without the large boundary fixture	2026-10-02T03:42:42.4977763Z     ok 50 - high-S signatures do not create accepted retry aliases
check (22.19.0)	Run suite without the large boundary fixture	2026-10-02T03:42:42.4978297Z       ---
check (22.19.0)	Run suite without the large boundary fixture	2026-10-02T03:42:42.4978604Z       duration_ms: 0.071265
check (22.19.0)	Run suite without the large boundary fixture	2026-10-02T03:42:42.4979128Z       type: 'test'
check (22.19.0)	Run suite without the large boundary fixture	2026-10-02T03:42:42.4979424Z       ...
check (22.19.0)	Run suite without the large boundary fixture	2026-10-02T03:42:42.4980018Z     # Subtest: sparse receipt is closed framing, never self-appointed assurance
check (22.19.0)	Run suite without the large boundary fixture	2026-10-02T03:42:42.4980837Z     ok 51 - sparse receipt is closed framing, never self-appointed assurance
check (22.19.0)	Run suite without the large boundary fixture	2026-10-02T03:42:42.4981428Z       ---
check (22.19.0)	Run suite without the large boundary fixture	2026-10-02T03:42:42.4981731Z       duration_ms: 0.059398
check (22.19.0)	Run suite without the large boundary fixture	2026-10-02T03:42:42.4982092Z       type: 'test'
check (22.19.0)	Run suite without the large boundary fixture	2026-10-02T03:42:42.4982385Z       ...
check (22.19.0)	Run suite without the large boundary fixture	2026-10-02T03:42:42.4982910Z     # Subtest: native preparation does not advertise a new supported profile
check (22.19.0)	Run suite without the large boundary fixture	2026-10-02T03:42:42.4983721Z     ok 52 - native preparation does not advertise a new supported profile
check (22.19.0)	Run suite without the large boundary fixture	2026-10-02T03:42:42.4984470Z       ---
check (22.19.0)	Run suite without the large boundary fixture	2026-10-02T03:42:42.4984791Z       duration_ms: 0.066979
check (22.19.0)	Run suite without the large boundary fixture	2026-10-02T03:42:42.4985151Z       type: 'test'
check (22.19.0)	Run suite without the large boundary fixture	2026-10-02T03:42:42.4985457Z       ...
check (22.19.0)	Run suite without the large boundary fixture	2026-10-02T03:42:42.4986109Z     # Subtest: native shape returns owned immutable content and bounds enclosing blocks
check (22.19.0)	Run suite without the large boundary fixture	2026-10-02T03:42:42.4987053Z     ok 53 - native shape returns owned immutable content and bounds enclosing blocks
check (22.19.0)	Run suite without the large boundary fixture	2026-10-02T03:42:42.4987837Z       ---
check (22.19.0)	Run suite without the large boundary fixture	2026-10-02T03:42:42.4988115Z       duration_ms: 0.067229
check (22.19.0)	Run suite without the large boundary fixture	2026-10-02T03:42:42.4988453Z       type: 'test'
check (22.19.0)	Run suite without the large boundary fixture	2026-10-02T03:42:42.4988923Z       ...
check (22.19.0)	Run suite without the large boundary fixture	2026-10-02T03:42:42.4989618Z # ^[[33m[plugin builtin:vite-reporter] 
check (22.19.0)	Run suite without the large boundary fixture	2026-10-02T03:42:42.4990296Z # (!) Some chunks are larger than 500 kB after minification. Consider:
check (22.19.0)	Run suite without the large boundary fixture	2026-10-02T03:42:42.4991067Z # - Using dynamic import() to code-split the application
check (22.19.0)	Run suite without the large boundary fixture	2026-10-02T03:42:42.4992305Z # - Use build.rolldownOptions.output.codeSplitting to improve chunking: https://rolldown.rs/reference/OutputOptions.codeSplitting
check (22.19.0)	Run suite without the large boundary fixture	2026-10-02T03:42:42.4993792Z # - Adjust chunk size limit for this warning via build.chunkSizeWarningLimit.^[[39m
check (22.19.0)	Run suite without the large boundary fixture	2026-10-02T03:42:42.4994436Z     1..53
check (22.19.0)	Run suite without the large boundary fixture	2026-10-02T03:42:42.4995155Z ok 52 - isolated native foundation agrees with independent fixtures in Node and Chromium
check (22.19.0)	Run suite without the large boundary fixture	2026-10-02T03:42:42.4995815Z   ---
check (22.19.0)	Run suite without the large boundary fixture	2026-10-02T03:42:42.4996125Z   duration_ms: 2835.772895
check (22.19.0)	Run suite without the large boundary fixture	2026-10-02T03:42:42.4996483Z   type: 'test'
check (22.19.0)	Run suite without the large boundary fixture	2026-10-02T03:42:42.4996784Z   ...
check (22.19.0)	Run suite without the large boundary fixture	2026-10-02T03:43:24.0410358Z # Subtest: packed APIs, declarations, JSON CLI and host work in a fresh native Node consumer
check (22.19.0)	Run suite without the large boundary fixture	2026-10-02T03:43:24.0440708Z ok 53 - packed APIs, declarations, JSON CLI and host work in a fresh native Node consumer
check (22.19.0)	Run suite without the large boundary fixture	2026-10-02T03:43:24.0459622Z   ---
check (22.19.0)	Run suite without the large boundary fixture	2026-10-02T03:43:24.0470133Z   duration_ms: 91865.896098
check (22.19.0)	Run suite without the large boundary fixture	2026-10-02T03:43:24.0479763Z   type: 'test'
check (22.19.0)	Run suite without the large boundary fixture	2026-10-02T03:43:24.0480265Z   ...
check (22.19.0)	Run suite without the large boundary fixture	2026-10-02T03:43:24.0836409Z # (node:5555) ExperimentalWarning: SQLite is an experimental feature and might change at any time
check (22.19.0)	Run suite without the large boundary fixture	2026-10-02T03:43:24.0860057Z # (Use `node --trace-warnings ...` to show where the warning was created)
check (22.19.0)	Run suite without the large boundary fixture	2026-10-02T03:43:24.0861595Z # Subtest: two browser identities and the JSON CLI use generic participation flows
check (22.19.0)	Run suite without the large boundary fixture	2026-10-02T03:43:24.0900002Z     # Subtest: CLI preview opens the same source in the browser without publication
check (22.19.0)	Run suite without the large boundary fixture	2026-10-02T03:43:24.0923124Z     ok 1 - CLI preview opens the same source in the browser without publication
check (22.19.0)	Run suite without the large boundary fixture	2026-10-02T03:43:24.0949542Z       ---
check (22.19.0)	Run suite without the large boundary fixture	2026-10-02T03:43:24.0979580Z       duration_ms: 2691.848895
check (22.19.0)	Run suite without the large boundary fixture	2026-10-02T03:43:24.1069728Z       type: 'test'
check (22.19.0)	Run suite without the large boundary fixture	2026-10-02T03:43:24.1070687Z       ...
check (22.19.0)	Run suite without the large boundary fixture	2026-10-02T03:43:24.1076620Z     # Subtest: explicit identity and publication create an app once
check (22.19.0)	Run suite without the large boundary fixture	2026-10-02T03:43:24.1077723Z     ok 2 - explicit identity and publication create an app once
check (22.19.0)	Run suite without the large boundary fixture	2026-10-02T03:43:24.1078517Z       ---
check (22.19.0)	Run suite without the large boundary fixture	2026-10-02T03:43:24.1079255Z       duration_ms: 3053.711908
check (22.19.0)	Run suite without the large boundary fixture	2026-10-02T03:43:24.1079861Z       type: 'test'
check (22.19.0)	Run suite without the large boundary fixture	2026-10-02T03:43:24.1080385Z       ...
check (22.19.0)	Run suite without the large boundary fixture	2026-10-02T03:43:24.1081190Z     # Subtest: another browser can read before creating a distinct signing identity
check (22.19.0)	Run suite without the large boundary fixture	2026-10-02T03:43:24.1082361Z     ok 3 - another browser can read before creating a distinct signing identity
check (22.19.0)	Run suite without the large boundary fixture	2026-10-02T03:43:24.1083160Z       ---
check (22.19.0)	Run suite without the large boundary fixture	2026-10-02T03:43:24.1083650Z       duration_ms: 752.700999
check (22.19.0)	Run suite without the large boundary fixture	2026-10-02T03:43:24.1084228Z       type: 'test'
check (22.19.0)	Run suite without the large boundary fixture	2026-10-02T03:43:24.1084734Z       ...
check (22.19.0)	Run suite without the large boundary fixture	2026-10-02T03:43:24.1085541Z     # Subtest: offline double click retains one signed intent across reload and reconnect
check (22.19.0)	Run suite without the large boundary fixture	2026-10-02T03:43:24.1086770Z     ok 4 - offline double click retains one signed intent across reload and reconnect
check (22.19.0)	Run suite without the large boundary fixture	2026-10-02T03:43:24.1087677Z       ---
check (22.19.0)	Run suite without the large boundary fixture	2026-10-02T03:43:24.1088293Z       duration_ms: 990.242674
check (22.19.0)	Run suite without the large boundary fixture	2026-10-02T03:43:24.1089087Z       type: 'test'
check (22.19.0)	Run suite without the large boundary fixture	2026-10-02T03:43:24.1089628Z       ...
check (22.19.0)	Run suite without the large boundary fixture	2026-10-02T03:43:24.1090485Z     # Subtest: a competing browser action is recorded with an honest ineffective outcome
check (22.19.0)	Run suite without the large boundary fixture	2026-10-02T03:43:24.1091740Z     ok 5 - a competing browser action is recorded with an honest ineffective outcome
check (22.19.0)	Run suite without the large boundary fixture	2026-10-02T03:43:24.1092616Z       ---
check (22.19.0)	Run suite without the large boundary fixture	2026-10-02T03:43:24.1093643Z       duration_ms: 514.207825
check (22.19.0)	Run suite without the large boundary fixture	2026-10-02T03:43:24.1094217Z       type: 'test'
check (22.19.0)	Run suite without the large boundary fixture	2026-10-02T03:43:24.1094734Z       ...
check (22.19.0)	Run suite without the large boundary fixture	2026-10-02T03:43:24.1095508Z     # Subtest: CLI uses a third private key and keeps exact retry bytes in a file
check (22.19.0)	Run suite without the large boundary fixture	2026-10-02T03:43:24.1096635Z     ok 6 - CLI uses a third private key and keeps exact retry bytes in a file
check (22.19.0)	Run suite without the large boundary fixture	2026-10-02T03:43:24.1097464Z       ---
check (22.19.0)	Run suite without the large boundary fixture	2026-10-02T03:43:24.1098357Z       duration_ms: 11556.576311
check (22.19.0)	Run suite without the large boundary fixture	2026-10-02T03:43:24.1099151Z       type: 'test'
check (22.19.0)	Run suite without the large boundary fixture	2026-10-02T03:43:24.1099680Z       ...
check (22.19.0)	Run suite without the large boundary fixture	2026-10-02T03:43:24.1100489Z     # Subtest: narrow layout remains usable with keyboard focus and no script errors
check (22.19.0)	Run suite without the large boundary fixture	2026-10-02T03:43:24.1101632Z     ok 7 - narrow layout remains usable with keyboard focus and no script errors
check (22.19.0)	Run suite without the large boundary fixture	2026-10-02T03:43:24.1102495Z       ---
check (22.19.0)	Run suite without the large boundary fixture	2026-10-02T03:43:24.1102999Z       duration_ms: 429.826089
check (22.19.0)	Run suite without the large boundary fixture	2026-10-02T03:43:24.1103574Z       type: 'test'
check (22.19.0)	Run suite without the large boundary fixture	2026-10-02T03:43:24.1104095Z       ...
check (22.19.0)	Run suite without the large boundary fixture	2026-10-02T03:43:24.1104919Z     # Subtest: lost submit reply reconciles the retained intent without a second append
check (22.19.0)	Run suite without the large boundary fixture	2026-10-02T03:43:24.1106135Z     ok 8 - lost submit reply reconciles the retained intent without a second append
check (22.19.0)	Run suite without the large boundary fixture	2026-10-02T03:43:24.1106997Z       ---
check (22.19.0)	Run suite without the large boundary fixture	2026-10-02T03:43:24.1107495Z       duration_ms: 758.330156
check (22.19.0)	Run suite without the large boundary fixture	2026-10-02T03:43:24.1108075Z       type: 'test'
check (22.19.0)	Run suite without the large boundary fixture	2026-10-02T03:43:24.1108577Z       ...
check (22.19.0)	Run suite without the large boundary fixture	2026-10-02T03:43:24.1109576Z     # Subtest: transport refusal retains the original signed work and invents no entry
check (22.19.0)	Run suite without the large boundary fixture	2026-10-02T03:43:24.1110773Z     ok 9 - transport refusal retains the original signed work and invents no entry
check (22.19.0)	Run suite without the large boundary fixture	2026-10-02T03:43:24.1111587Z       ---
check (22.19.0)	Run suite without the large boundary fixture	2026-10-02T03:43:24.1112062Z       duration_ms: 701.411457
check (22.19.0)	Run suite without the large boundary fixture	2026-10-02T03:43:24.1112618Z       type: 'test'
check (22.19.0)	Run suite without the large boundary fixture	2026-10-02T03:43:24.1113108Z       ...
check (22.19.0)	Run suite without the large boundary fixture	2026-10-02T03:43:24.1114084Z     # Subtest: hostile template text stays text and rendering cannot sign or fetch external resources
check (22.19.0)	Run suite without the large boundary fixture	2026-10-02T03:43:24.1115407Z     ok 10 - hostile template text stays text and rendering cannot sign or fetch external resources
check (22.19.0)	Run suite without the large boundary fixture	2026-10-02T03:43:24.1116307Z       ---
check (22.19.0)	Run suite without the large boundary fixture	2026-10-02T03:43:24.1116832Z       duration_ms: 4456.905975
check (22.19.0)	Run suite without the large boundary fixture	2026-10-02T03:43:24.1117418Z       type: 'test'
check (22.19.0)	Run suite without the large boundary fixture	2026-10-02T03:43:24.1117916Z       ...
check (22.19.0)	Run suite without the large boundary fixture	2026-10-02T03:43:24.1118395Z     1..10
check (22.19.0)	Run suite without the large boundary fixture	2026-10-02T03:43:24.1119442Z ok 54 - two browser identities and the JSON CLI use generic participation flows
check (22.19.0)	Run suite without the large boundary fixture	2026-10-02T03:43:24.1120294Z   ---
check (22.19.0)	Run suite without the large boundary fixture	2026-10-02T03:43:24.1120826Z   duration_ms: 35647.620416
check (22.19.0)	Run suite without the large boundary fixture	2026-10-02T03:43:24.1121405Z   type: 'test'
check (22.19.0)	Run suite without the large boundary fixture	2026-10-02T03:43:24.1121915Z   ...
check (22.19.0)	Run suite without the large boundary fixture	2026-10-02T03:43:24.1122890Z # Subtest: PDS child keeps only OS paths and forced telemetry disable without mutating input
check (22.19.0)	Run suite without the large boundary fixture	2026-10-02T03:43:24.1124211Z ok 55 - PDS child keeps only OS paths and forced telemetry disable without mutating input
check (22.19.0)	Run suite without the large boundary fixture	2026-10-02T03:43:24.1125128Z   ---
check (22.19.0)	Run suite without the large boundary fixture	2026-10-02T03:43:24.1125656Z   duration_ms: 2.131392
check (22.19.0)	Run suite without the large boundary fixture	2026-10-02T03:43:24.1126226Z   type: 'test'
check (22.19.0)	Run suite without the large boundary fixture	2026-10-02T03:43:24.1126713Z   ...
check (22.19.0)	Run suite without the large boundary fixture	2026-10-02T03:43:24.1127864Z # Subtest: inherited telemetry preload exports with legacy spread and is blocked by the fixture allowlist
check (22.19.0)	Run suite without the large boundary fixture	2026-10-02T03:43:24.1129634Z ok 56 - inherited telemetry preload exports with legacy spread and is blocked by the fixture allowlist
check (22.19.0)	Run suite without the large boundary fixture	2026-10-02T03:43:24.1130635Z   ---
check (22.19.0)	Run suite without the large boundary fixture	2026-10-02T03:43:24.1131120Z   duration_ms: 21725.133411
check (22.19.0)	Run suite without the large boundary fixture	2026-10-02T03:43:24.1131659Z   type: 'test'
check (22.19.0)	Run suite without the large boundary fixture	2026-10-02T03:43:24.1132139Z   ...
check (22.19.0)	Run suite without the large boundary fixture	2026-10-02T03:43:24.1133130Z # (node:5998) ExperimentalWarning: SQLite is an experimental feature and might change at any time
check (22.19.0)	Run suite without the large boundary fixture	2026-10-02T03:43:24.1134424Z # (Use `node --trace-warnings ...` to show where the warning was created)
check (22.19.0)	Run suite without the large boundary fixture	2026-10-02T03:43:24.1135432Z # Subtest: real disposable PDS persistence and recovery
check (22.19.0)	Run suite without the large boundary fixture	2026-10-02T03:43:24.1136348Z     # Subtest: genesis and initial head are a verified empty prefix
check (22.19.0)	Run suite without the large boundary fixture	2026-10-02T03:43:24.1137317Z     ok 1 - genesis and initial head are a verified empty prefix
check (22.19.0)	Run suite without the large boundary fixture	2026-10-02T03:43:24.1138033Z       ---
check (22.19.0)	Run suite without the large boundary fixture	2026-10-02T03:43:24.1138510Z       duration_ms: 24.494923
check (22.19.0)	Run suite without the large boundary fixture	2026-10-02T03:43:24.1139291Z       type: 'test'
check (22.19.0)	Run suite without the large boundary fixture	2026-10-02T03:43:24.1139792Z       ...
check (22.19.0)	Run suite without the large boundary fixture	2026-10-02T03:43:24.1140826Z     # Subtest: provisioning refuses to replace an existing application log
check (22.19.0)	Run suite without the large boundary fixture	2026-10-02T03:43:24.1141856Z     ok 2 - provisioning refuses to replace an existing application log
check (22.19.0)	Run suite without the large boundary fixture	2026-10-02T03:43:24.1142623Z       ---
check (22.19.0)	Run suite without the large boundary fixture	2026-10-02T03:43:24.1143145Z       duration_ms: 67.811452
check (22.19.0)	Run suite without the large boundary fixture	2026-10-02T03:43:24.1143701Z       type: 'test'
check (22.19.0)	Run suite without the large boundary fixture	2026-10-02T03:43:24.1144186Z       ...
check (22.19.0)	Run suite without the large boundary fixture	2026-10-02T03:43:24.1144844Z     # Subtest: source blobs are retained and recovered by exact CID
check (22.19.0)	Run suite without the large boundary fixture	2026-10-02T03:43:24.1146101Z     ok 3 - source blobs are retained and recovered by exact CID
check (22.19.0)	Run suite without the large boundary fixture	2026-10-02T03:43:24.1146826Z       ---
check (22.19.0)	Run suite without the large boundary fixture	2026-10-02T03:43:24.1147310Z       duration_ms: 65.429867
check (22.19.0)	Run suite without the large boundary fixture	2026-10-02T03:43:24.1147872Z       type: 'test'
check (22.19.0)	Run suite without the large boundary fixture	2026-10-02T03:43:24.1148361Z       ...
check (22.19.0)	Run suite without the large boundary fixture	2026-10-02T03:43:24.1149170Z     # Subtest: reset refuses a live or unmarked directory
check (22.19.0)	Run suite without the large boundary fixture	2026-10-02T03:43:24.1149984Z     ok 4 - reset refuses a live or unmarked directory
check (22.19.0)	Run suite without the large boundary fixture	2026-10-02T03:43:24.1150667Z       ---
check (22.19.0)	Run suite without the large boundary fixture	2026-10-02T03:43:24.1151145Z       duration_ms: 4.316514
check (22.19.0)	Run suite without the large boundary fixture	2026-10-02T03:43:24.1151697Z       type: 'test'
check (22.19.0)	Run suite without the large boundary fixture	2026-10-02T03:43:24.1152180Z       ...
check (22.19.0)	Run suite without the large boundary fixture	2026-10-02T03:43:24.1152853Z     # Subtest: two concurrent submissions receive one contiguous order
check (22.19.0)	Run suite without the large boundary fixture	2026-10-02T03:43:24.1153818Z     ok 5 - two concurrent submissions receive one contiguous order
check (22.19.0)	Run suite without the large boundary fixture	2026-10-02T03:43:24.1154531Z       ---
check (22.19.0)	Run suite without the large boundary fixture	2026-10-02T03:43:24.1155026Z       duration_ms: 307.809053
check (22.19.0)	Run suite without the large boundary fixture	2026-10-02T03:43:24.1155603Z       type: 'test'
check (22.19.0)	Run suite without the large boundary fixture	2026-10-02T03:43:24.1156097Z       ...
check (22.19.0)	Run suite without the large boundary fixture	2026-10-02T03:43:24.1156822Z     # Subtest: same intent and a new valid signature return original receipt
check (22.19.0)	Run suite without the large boundary fixture	2026-10-02T03:43:24.1157878Z     ok 6 - same intent and a new valid signature return original receipt
check (22.19.0)	Run suite without the large boundary fixture	2026-10-02T03:43:24.1158648Z       ---
check (22.19.0)	Run suite without the large boundary fixture	2026-10-02T03:43:24.1159360Z       duration_ms: 120.026712
check (22.19.0)	Run suite without the large boundary fixture	2026-10-02T03:43:24.1159918Z       type: 'test'
check (22.19.0)	Run suite without the large boundary fixture	2026-10-02T03:43:24.1160532Z       ...
check (22.19.0)	Run suite without the large boundary fixture	2026-10-02T03:43:24.1161202Z     # Subtest: second local writer is refused while the lease is held
check (22.19.0)	Run suite without the large boundary fixture	2026-10-02T03:43:24.1162007Z     ok 7 - second local writer is refused while the lease is held
check (22.19.0)	Run suite without the large boundary fixture	2026-10-02T03:43:24.1162573Z       ---
check (22.19.0)	Run suite without the large boundary fixture	2026-10-02T03:43:24.1162906Z       duration_ms: 0.568273
check (22.19.0)	Run suite without the large boundary fixture	2026-10-02T03:43:24.1163285Z       type: 'test'
check (22.19.0)	Run suite without the large boundary fixture	2026-10-02T03:43:24.1163605Z       ...
check (22.19.0)	Run suite without the large boundary fixture	2026-10-02T03:43:24.1164222Z     # Subtest: official PDS process crash preserves acknowledged history and blobs
check (22.19.0)	Run suite without the large boundary fixture	2026-10-02T03:43:24.1165190Z     ok 8 - official PDS process crash preserves acknowledged history and blobs
check (22.19.0)	Run suite without the large boundary fixture	2026-10-02T03:43:24.1165822Z       ---
check (22.19.0)	Run suite without the large boundary fixture	2026-10-02T03:43:24.1166174Z       duration_ms: 2832.26344
check (22.19.0)	Run suite without the large boundary fixture	2026-10-02T03:43:24.1166579Z       type: 'test'
check (22.19.0)	Run suite without the large boundary fixture	2026-10-02T03:43:24.1166902Z       ...
check (22.19.0)	Run suite without the large boundary fixture	2026-10-02T03:43:24.1167476Z     # Subtest: a rejected conditional batch leaves entry and head unchanged
check (22.19.0)	Run suite without the large boundary fixture	2026-10-02T03:43:24.1168343Z     ok 9 - a rejected conditional batch leaves entry and head unchanged
check (22.19.0)	Run suite without the large boundary fixture	2026-10-02T03:43:24.1169108Z       ---
check (22.19.0)	Run suite without the large boundary fixture	2026-10-02T03:43:24.1169415Z       duration_ms: 163.642703
check (22.19.0)	Run suite without the large boundary fixture	2026-10-02T03:43:24.1169800Z       type: 'test'
check (22.19.0)	Run suite without the large boundary fixture	2026-10-02T03:43:24.1170099Z       ...
check (22.19.0)	Run suite without the large boundary fixture	2026-10-02T03:43:24.1170714Z     # Subtest: malformed commit replies cannot remove an append or provision condition
check (22.19.0)	Run suite without the large boundary fixture	2026-10-02T03:43:24.1171671Z     ok 10 - malformed commit replies cannot remove an append or provision condition
check (22.19.0)	Run suite without the large boundary fixture	2026-10-02T03:43:24.1172612Z       ---
check (22.19.0)	Run suite without the large boundary fixture	2026-10-02T03:43:24.1173130Z       duration_ms: 181.882692
check (22.19.0)	Run suite without the large boundary fixture	2026-10-02T03:43:24.1173642Z       type: 'test'
check (22.19.0)	Run suite without the large boundary fixture	2026-10-02T03:43:24.1174175Z       ...
check (22.19.0)	Run suite without the large boundary fixture	2026-10-02T03:43:24.1174798Z     # Subtest: an unrelated repo write races the append and is reconciled
check (22.19.0)	Run suite without the large boundary fixture	2026-10-02T03:43:24.1192438Z     ok 11 - an unrelated repo write races the append and is reconciled
check (22.19.0)	Run suite without the large boundary fixture	2026-10-02T03:43:24.1193150Z       ---
check (22.19.0)	Run suite without the large boundary fixture	2026-10-02T03:43:24.1193488Z       duration_ms: 298.466265
check (22.19.0)	Run suite without the large boundary fixture	2026-10-02T03:43:24.1193892Z       type: 'test'
check (22.19.0)	Run suite without the large boundary fixture	2026-10-02T03:43:24.1196285Z       ...
check (22.19.0)	Run suite without the large boundary fixture	2026-10-02T03:43:24.1196913Z     # Subtest: lost HTTP response after commit resolves to one original receipt
check (22.19.0)	Run suite without the large boundary fixture	2026-10-02T03:43:24.1197817Z     ok 12 - lost HTTP response after commit resolves to one original receipt
check (22.19.0)	Run suite without the large boundary fixture	2026-10-02T03:43:24.1198416Z       ---
check (22.19.0)	Run suite without the large boundary fixture	2026-10-02T03:43:24.1199258Z       duration_ms: 168.657188
check (22.19.0)	Run suite without the large boundary fixture	2026-10-02T03:43:24.1199657Z       type: 'test'
check (22.19.0)	Run suite without the large boundary fixture	2026-10-02T03:43:24.1199974Z       ...
check (22.19.0)	Run suite without the large boundary fixture	2026-10-02T03:43:24.1200545Z     # Subtest: a different writer process cannot acquire the same local lease
check (22.19.0)	Run suite without the large boundary fixture	2026-10-02T03:43:24.1201412Z     ok 13 - a different writer process cannot acquire the same local lease
check (22.19.0)	Run suite without the large boundary fixture	2026-10-02T03:43:24.1203448Z       ---
check (22.19.0)	Run suite without the large boundary fixture	2026-10-02T03:43:24.1204108Z       duration_ms: 2545.123761
check (22.19.0)	Run suite without the large boundary fixture	2026-10-02T03:43:24.1204531Z       type: 'test'
check (22.19.0)	Run suite without the large boundary fixture	2026-10-02T03:43:24.1204854Z       ...
check (22.19.0)	Run suite without the large boundary fixture	2026-10-02T03:43:24.1205489Z     # Subtest: writer crash after commit but before acknowledgment recovers one receipt
check (22.19.0)	Run suite without the large boundary fixture	2026-10-02T03:43:24.1206488Z     ok 14 - writer crash after commit but before acknowledgment recovers one receipt
check (22.19.0)	Run suite without the large boundary fixture	2026-10-02T03:43:24.1207132Z       ---
check (22.19.0)	Run suite without the large boundary fixture	2026-10-02T03:43:24.1207482Z       duration_ms: 2790.802313
check (22.19.0)	Run suite without the large boundary fixture	2026-10-02T03:43:24.1207873Z       type: 'test'
check (22.19.0)	Run suite without the large boundary fixture	2026-10-02T03:43:24.1208202Z       ...
check (22.19.0)	Run suite without the large boundary fixture	2026-10-02T03:43:24.1209173Z     # Subtest: writer crash after acknowledgment keeps receipt and no domain effect claim
check (22.19.0)	Run suite without the large boundary fixture	2026-10-02T03:43:24.1210189Z     ok 15 - writer crash after acknowledgment keeps receipt and no domain effect claim
check (22.19.0)	Run suite without the large boundary fixture	2026-10-02T03:43:24.1210840Z       ---
check (22.19.0)	Run suite without the large boundary fixture	2026-10-02T03:43:24.1211148Z       duration_ms: 3078.07777
check (22.19.0)	Run suite without the large boundary fixture	2026-10-02T03:43:24.1211524Z       type: 'test'
check (22.19.0)	Run suite without the large boundary fixture	2026-10-02T03:43:24.1211849Z       ...
check (22.19.0)	Run suite without the large boundary fixture	2026-10-02T03:43:24.1212405Z     # Subtest: XRPC rejects a foreign receipt anchor and malformed submission
check (22.19.0)	Run suite without the large boundary fixture	2026-10-02T03:43:24.1213260Z     ok 16 - XRPC rejects a foreign receipt anchor and malformed submission
check (22.19.0)	Run suite without the large boundary fixture	2026-10-02T03:43:24.1213846Z       ---
check (22.19.0)	Run suite without the large boundary fixture	2026-10-02T03:43:24.1214158Z       duration_ms: 113.074871
check (22.19.0)	Run suite without the large boundary fixture	2026-10-02T03:43:24.1214534Z       type: 'test'
check (22.19.0)	Run suite without the large boundary fixture	2026-10-02T03:43:24.1214847Z       ...
check (22.19.0)	Run suite without the large boundary fixture	2026-10-02T03:43:24.1215389Z     # Subtest: bootstrap at a chosen head catches up without notifications
check (22.19.0)	Run suite without the large boundary fixture	2026-10-02T03:43:24.1216203Z     ok 17 - bootstrap at a chosen head catches up without notifications
check (22.19.0)	Run suite without the large boundary fixture	2026-10-02T03:43:24.1216770Z       ---
check (22.19.0)	Run suite without the large boundary fixture	2026-10-02T03:43:24.1217089Z       duration_ms: 550.64431
check (22.19.0)	Run suite without the large boundary fixture	2026-10-02T03:43:24.1217463Z       type: 'test'
check (22.19.0)	Run suite without the large boundary fixture	2026-10-02T03:43:24.1217772Z       ...
check (22.19.0)	Run suite without the large boundary fixture	2026-10-02T03:43:24.1218455Z     # Subtest: repository CAR contains retention references but blobs require explicit export
check (22.19.0)	Run suite without the large boundary fixture	2026-10-02T03:43:24.1220012Z     ok 18 - repository CAR contains retention references but blobs require explicit export
check (22.19.0)	Run suite without the large boundary fixture	2026-10-02T03:43:24.1220717Z       ---
check (22.19.0)	Run suite without the large boundary fixture	2026-10-02T03:43:24.1221050Z       duration_ms: 35.125914
check (22.19.0)	Run suite without the large boundary fixture	2026-10-02T03:43:24.1221424Z       type: 'test'
check (22.19.0)	Run suite without the large boundary fixture	2026-10-02T03:43:24.1221722Z       ...
check (22.19.0)	Run suite without the large boundary fixture	2026-10-02T03:43:24.1222365Z     # Subtest: missing and tampered source references fail, then recover by exact content
check (22.19.0)	Run suite without the large boundary fixture	2026-10-02T03:43:24.1223383Z     ok 19 - missing and tampered source references fail, then recover by exact content
check (22.19.0)	Run suite without the large boundary fixture	2026-10-02T03:43:24.1224041Z       ---
check (22.19.0)	Run suite without the large boundary fixture	2026-10-02T03:43:24.1224343Z       duration_ms: 134.669139
check (22.19.0)	Run suite without the large boundary fixture	2026-10-02T03:43:24.1224727Z       type: 'test'
check (22.19.0)	Run suite without the large boundary fixture	2026-10-02T03:43:24.1225042Z       ...
check (22.19.0)	Run suite without the large boundary fixture	2026-10-02T03:43:24.1225698Z     # Subtest: missing or corrupted physical blob bytes never satisfy a source CID
check (22.19.0)	Run suite without the large boundary fixture	2026-10-02T03:43:24.1226630Z     ok 20 - missing or corrupted physical blob bytes never satisfy a source CID
check (22.19.0)	Run suite without the large boundary fixture	2026-10-02T03:43:24.1227235Z       ---
check (22.19.0)	Run suite without the large boundary fixture	2026-10-02T03:43:24.1227549Z       duration_ms: 27.058705
check (22.19.0)	Run suite without the large boundary fixture	2026-10-02T03:43:24.1227921Z       type: 'test'
check (22.19.0)	Run suite without the large boundary fixture	2026-10-02T03:43:24.1228239Z       ...
check (22.19.0)	Run suite without the large boundary fixture	2026-10-02T03:43:24.1229119Z     # Subtest: a retained verified head refuses repository rollback and signed-entry corruption
check (22.19.0)	Run suite without the large boundary fixture	2026-10-02T03:43:24.1230232Z     ok 21 - a retained verified head refuses repository rollback and signed-entry corruption
check (22.19.0)	Run suite without the large boundary fixture	2026-10-02T03:43:24.1230926Z       ---
check (22.19.0)	Run suite without the large boundary fixture	2026-10-02T03:43:24.1231243Z       duration_ms: 358.93782
check (22.19.0)	Run suite without the large boundary fixture	2026-10-02T03:43:24.1231635Z       type: 'test'
check (22.19.0)	Run suite without the large boundary fixture	2026-10-02T03:43:24.1231950Z       ...
check (22.19.0)	Run suite without the large boundary fixture	2026-10-02T03:43:24.1232537Z     # Subtest: chosen-head catch-up verifies a prefix spanning real PDS pages
check (22.19.0)	Run suite without the large boundary fixture	2026-10-02T03:43:24.1233449Z     ok 22 - chosen-head catch-up verifies a prefix spanning real PDS pages
check (22.19.0)	Run suite without the large boundary fixture	2026-10-02T03:43:24.1234295Z       ---
check (22.19.0)	Run suite without the large boundary fixture	2026-10-02T03:43:24.1234630Z       duration_ms: 1446.627226
check (22.19.0)	Run suite without the large boundary fixture	2026-10-02T03:43:24.1235012Z       type: 'test'
check (22.19.0)	Run suite without the large boundary fixture	2026-10-02T03:43:24.1235322Z       ...
check (22.19.0)	Run suite without the large boundary fixture	2026-10-02T03:43:24.1236031Z     # Subtest: PDS compare-and-swap excludes competing writers even with the local lease bypassed
check (22.19.0)	Run suite without the large boundary fixture	2026-10-02T03:43:24.1237163Z     ok 23 - PDS compare-and-swap excludes competing writers even with the local lease bypassed
check (22.19.0)	Run suite without the large boundary fixture	2026-10-02T03:43:24.1238103Z       ---
check (22.19.0)	Run suite without the large boundary fixture	2026-10-02T03:43:24.1238454Z       duration_ms: 3334.120385
check (22.19.0)	Run suite without the large boundary fixture	2026-10-02T03:43:24.1239026Z       type: 'test'
check (22.19.0)	Run suite without the large boundary fixture	2026-10-02T03:43:24.1239340Z       ...
check (22.19.0)	Run suite without the large boundary fixture	2026-10-02T03:43:24.1239614Z     1..23
check (22.19.0)	Run suite without the large boundary fixture	2026-10-02T03:43:24.1240086Z ok 57 - real disposable PDS persistence and recovery
check (22.19.0)	Run suite without the large boundary fixture	2026-10-02T03:43:24.1240580Z   ---
check (22.19.0)	Run suite without the large boundary fixture	2026-10-02T03:43:24.1240893Z   duration_ms: 26145.248743
check (22.19.0)	Run suite without the large boundary fixture	2026-10-02T03:43:24.1241276Z   type: 'test'
check (22.19.0)	Run suite without the large boundary fixture	2026-10-02T03:43:24.1241587Z   ...
check (22.19.0)	Run suite without the large boundary fixture	2026-10-02T03:43:24.1242348Z # Subtest: interpretation observation preserves exact projection and restores all methods
check (22.19.0)	Run suite without the large boundary fixture	2026-10-02T03:43:24.1243579Z ok 58 - interpretation observation preserves exact projection and restores all methods
check (22.19.0)	Run suite without the large boundary fixture	2026-10-02T03:43:24.1244276Z   ---
check (22.19.0)	Run suite without the large boundary fixture	2026-10-02T03:43:24.1244583Z   duration_ms: 1264.050978
check (22.19.0)	Run suite without the large boundary fixture	2026-10-02T03:43:24.1244954Z   type: 'test'
check (22.19.0)	Run suite without the large boundary fixture	2026-10-02T03:43:24.1245260Z   ...
check (22.19.0)	Run suite without the large boundary fixture	2026-10-02T03:43:24.1246121Z # Subtest: HTTP observer counts actual UTF-8 bodies, omits sensitive URL fields and restores after failure
check (22.19.0)	Run suite without the large boundary fixture	2026-10-02T03:43:24.1247467Z ok 59 - HTTP observer counts actual UTF-8 bodies, omits sensitive URL fields and restores after failure
check (22.19.0)	Run suite without the large boundary fixture	2026-10-02T03:43:24.1248230Z   ---
check (22.19.0)	Run suite without the large boundary fixture	2026-10-02T03:43:24.1248544Z   duration_ms: 52.073
check (22.19.0)	Run suite without the large boundary fixture	2026-10-02T03:43:24.1249061Z   type: 'test'
check (22.19.0)	Run suite without the large boundary fixture	2026-10-02T03:43:24.1249359Z   ...
check (22.19.0)	Run suite without the large boundary fixture	2026-10-02T03:43:24.1250136Z # Subtest: benchmark observation counts actual operations and restores WebCrypto after failure
check (22.19.0)	Run suite without the large boundary fixture	2026-10-02T03:43:24.1251330Z ok 60 - benchmark observation counts actual operations and restores WebCrypto after failure
check (22.19.0)	Run suite without the large boundary fixture	2026-10-02T03:43:24.1252036Z   ---
check (22.19.0)	Run suite without the large boundary fixture	2026-10-02T03:43:24.1252341Z   duration_ms: 8.284131
check (22.19.0)	Run suite without the large boundary fixture	2026-10-02T03:43:24.1252701Z   type: 'test'
check (22.19.0)	Run suite without the large boundary fixture	2026-10-02T03:43:24.1254487Z   ...
check (22.19.0)	Run suite without the large boundary fixture	2026-10-02T03:43:24.1255398Z # Subtest: v2 contract identities agree with independent encoder vectors and exclude implementation provenance
check (22.19.0)	Run suite without the large boundary fixture	2026-10-02T03:43:24.1256828Z ok 61 - v2 contract identities agree with independent encoder vectors and exclude implementation provenance
check (22.19.0)	Run suite without the large boundary fixture	2026-10-02T03:43:24.1257635Z   ---
check (22.19.0)	Run suite without the large boundary fixture	2026-10-02T03:43:24.1257963Z   duration_ms: 1185.330418
check (22.19.0)	Run suite without the large boundary fixture	2026-10-02T03:43:24.1258331Z   type: 'test'
check (22.19.0)	Run suite without the large boundary fixture	2026-10-02T03:43:24.1258634Z   ...
check (22.19.0)	Run suite without the large boundary fixture	2026-10-02T03:43:24.1259674Z # Subtest: unapproved, missing and duplicated installed dependency sets fail closed
check (22.19.0)	Run suite without the large boundary fixture	2026-10-02T03:43:24.1260737Z ok 62 - unapproved, missing and duplicated installed dependency sets fail closed
check (22.19.0)	Run suite without the large boundary fixture	2026-10-02T03:43:24.1261375Z   ---
check (22.19.0)	Run suite without the large boundary fixture	2026-10-02T03:43:24.1261678Z   duration_ms: 81.032612
check (22.19.0)	Run suite without the large boundary fixture	2026-10-02T03:43:24.1262044Z   type: 'test'
check (22.19.0)	Run suite without the large boundary fixture	2026-10-02T03:43:24.1262345Z   ...
check (22.19.0)	Run suite without the large boundary fixture	2026-10-02T03:43:24.1262977Z # Subtest: host-only errors do not widen semantic interpretation outcomes
check (22.19.0)	Run suite without the large boundary fixture	2026-10-02T03:43:24.1263910Z ok 63 - host-only errors do not widen semantic interpretation outcomes
check (22.19.0)	Run suite without the large boundary fixture	2026-10-02T03:43:24.1264481Z   ---
check (22.19.0)	Run suite without the large boundary fixture	2026-10-02T03:43:24.1264780Z   duration_ms: 0.401756
check (22.19.0)	Run suite without the large boundary fixture	2026-10-02T03:43:24.1265131Z   type: 'test'
check (22.19.0)	Run suite without the large boundary fixture	2026-10-02T03:43:24.1265442Z   ...
check (22.19.0)	Run suite without the large boundary fixture	2026-10-02T03:43:24.1266160Z # Subtest: host snapshot stays coherent during writes and rebuilds after cache deletion
check (22.19.0)	Run suite without the large boundary fixture	2026-10-02T03:43:24.1267254Z ok 64 - host snapshot stays coherent during writes and rebuilds after cache deletion
check (22.19.0)	Run suite without the large boundary fixture	2026-10-02T03:43:24.1267900Z   ---
check (22.19.0)	Run suite without the large boundary fixture	2026-10-02T03:43:24.1268196Z   duration_ms: 1992.42069
check (22.19.0)	Run suite without the large boundary fixture	2026-10-02T03:43:24.1268548Z   type: 'test'
check (22.19.0)	Run suite without the large boundary fixture	2026-10-02T03:43:24.1269156Z   ...
check (22.19.0)	Run suite without the large boundary fixture	2026-10-02T03:43:24.1269780Z # Subtest: protocol vectors and rejection corpus agree in Node and Chromium
check (22.19.0)	Run suite without the large boundary fixture	2026-10-02T03:43:24.1270633Z     # Subtest: independent CBOR and CID: profile
check (22.19.0)	Run suite without the large boundary fixture	2026-10-02T03:43:24.1271202Z     ok 1 - independent CBOR and CID: profile
check (22.19.0)	Run suite without the large boundary fixture	2026-10-02T03:43:24.1271643Z       ---
check (22.19.0)	Run suite without the large boundary fixture	2026-10-02T03:43:24.1271945Z       duration_ms: 0.99762
check (22.19.0)	Run suite without the large boundary fixture	2026-10-02T03:43:24.1272599Z       type: 'test'
check (22.19.0)	Run suite without the large boundary fixture	2026-10-02T03:43:24.1272914Z       ...
check (22.19.0)	Run suite without the large boundary fixture	2026-10-02T03:43:24.1273315Z     # Subtest: independent CBOR and CID: definition
check (22.19.0)	Run suite without the large boundary fixture	2026-10-02T03:43:24.1273882Z     ok 2 - independent CBOR and CID: definition
check (22.19.0)	Run suite without the large boundary fixture	2026-10-02T03:43:24.1274317Z       ---
check (22.19.0)	Run suite without the large boundary fixture	2026-10-02T03:43:24.1274625Z       duration_ms: 0.126858
check (22.19.0)	Run suite without the large boundary fixture	2026-10-02T03:43:24.1274998Z       type: 'test'
check (22.19.0)	Run suite without the large boundary fixture	2026-10-02T03:43:24.1275314Z       ...
check (22.19.0)	Run suite without the large boundary fixture	2026-10-02T03:43:24.1275909Z     # Subtest: independent CBOR and CID: genesis
check (22.19.0)	Run suite without the large boundary fixture	2026-10-02T03:43:24.1276468Z     ok 3 - independent CBOR and CID: genesis
check (22.19.0)	Run suite without the large boundary fixture	2026-10-02T03:43:24.1276889Z       ---
check (22.19.0)	Run suite without the large boundary fixture	2026-10-02T03:43:24.1277181Z       duration_ms: 0.100079
check (22.19.0)	Run suite without the large boundary fixture	2026-10-02T03:43:24.1277551Z       type: 'test'
check (22.19.0)	Run suite without the large boundary fixture	2026-10-02T03:43:24.1277856Z       ...
check (22.19.0)	Run suite without the large boundary fixture	2026-10-02T03:43:24.1278233Z     # Subtest: independent CBOR and CID: intent
check (22.19.0)	Run suite without the large boundary fixture	2026-10-02T03:43:24.1278961Z     ok 4 - independent CBOR and CID: intent
check (22.19.0)	Run suite without the large boundary fixture	2026-10-02T03:43:24.1279347Z       ---
check (22.19.0)	Run suite without the large boundary fixture	2026-10-02T03:43:24.1279640Z       duration_ms: 0.102181
check (22.19.0)	Run suite without the large boundary fixture	2026-10-02T03:43:24.1280007Z       type: 'test'
check (22.19.0)	Run suite without the large boundary fixture	2026-10-02T03:43:24.1280310Z       ...
check (22.19.0)	Run suite without the large boundary fixture	2026-10-02T03:43:24.1280688Z     # Subtest: independent CBOR and CID: signed
check (22.19.0)	Run suite without the large boundary fixture	2026-10-02T03:43:24.1281205Z     ok 5 - independent CBOR and CID: signed
check (22.19.0)	Run suite without the large boundary fixture	2026-10-02T03:43:24.1281631Z       ---
check (22.19.0)	Run suite without the large boundary fixture	2026-10-02T03:43:24.1281930Z       duration_ms: 0.084986
check (22.19.0)	Run suite without the large boundary fixture	2026-10-02T03:43:24.1282294Z       type: 'test'
check (22.19.0)	Run suite without the large boundary fixture	2026-10-02T03:43:24.1282606Z       ...
check (22.19.0)	Run suite without the large boundary fixture	2026-10-02T03:43:24.1283005Z     # Subtest: independent CBOR and CID: entry
check (22.19.0)	Run suite without the large boundary fixture	2026-10-02T03:43:24.1283485Z     ok 6 - independent CBOR and CID: entry
check (22.19.0)	Run suite without the large boundary fixture	2026-10-02T03:43:24.1283886Z       ---
check (22.19.0)	Run suite without the large boundary fixture	2026-10-02T03:43:24.1284181Z       duration_ms: 0.075852
check (22.19.0)	Run suite without the large boundary fixture	2026-10-02T03:43:24.1284537Z       type: 'test'
check (22.19.0)	Run suite without the large boundary fixture	2026-10-02T03:43:24.1284843Z       ...
check (22.19.0)	Run suite without the large boundary fixture	2026-10-02T03:43:24.1285198Z     # Subtest: independent CBOR and CID: head
check (22.19.0)	Run suite without the large boundary fixture	2026-10-02T03:43:24.1285710Z     ok 7 - independent CBOR and CID: head
check (22.19.0)	Run suite without the large boundary fixture	2026-10-02T03:43:24.1286130Z       ---
check (22.19.0)	Run suite without the large boundary fixture	2026-10-02T03:43:24.1286417Z       duration_ms: 0.165626
check (22.19.0)	Run suite without the large boundary fixture	2026-10-02T03:43:24.1286771Z       type: 'test'
check (22.19.0)	Run suite without the large boundary fixture	2026-10-02T03:43:24.1287088Z       ...
check (22.19.0)	Run suite without the large boundary fixture	2026-10-02T03:43:24.1287598Z     # Subtest: application descriptor CID matches independent vector
check (22.19.0)	Run suite without the large boundary fixture	2026-10-02T03:43:24.1288340Z     ok 8 - application descriptor CID matches independent vector
check (22.19.0)	Run suite without the large boundary fixture	2026-10-02T03:43:24.1289324Z       ---
check (22.19.0)	Run suite without the large boundary fixture	2026-10-02T03:43:24.1289635Z       duration_ms: 0.160689
check (22.19.0)	Run suite without the large boundary fixture	2026-10-02T03:43:24.1290008Z       type: 'test'
check (22.19.0)	Run suite without the large boundary fixture	2026-10-02T03:43:24.1290314Z       ...
check (22.19.0)	Run suite without the large boundary fixture	2026-10-02T03:43:24.1290726Z     # Subtest: independent actor signature verifies
check (22.19.0)	Run suite without the large boundary fixture	2026-10-02T03:43:24.1291315Z     ok 9 - independent actor signature verifies
check (22.19.0)	Run suite without the large boundary fixture	2026-10-02T03:43:24.1291763Z       ---
check (22.19.0)	Run suite without the large boundary fixture	2026-10-02T03:43:24.1292056Z       duration_ms: 0.257762
check (22.19.0)	Run suite without the large boundary fixture	2026-10-02T03:43:24.1292412Z       type: 'test'
check (22.19.0)	Run suite without the large boundary fixture	2026-10-02T03:43:24.1294178Z       ...
check (22.19.0)	Run suite without the large boundary fixture	2026-10-02T03:43:24.1294631Z     # Subtest: independent sequencer signature verifies
check (22.19.0)	Run suite without the large boundary fixture	2026-10-02T03:43:24.1295259Z     ok 10 - independent sequencer signature verifies
check (22.19.0)	Run suite without the large boundary fixture	2026-10-02T03:43:24.1295728Z       ---
check (22.19.0)	Run suite without the large boundary fixture	2026-10-02T03:43:24.1296042Z       duration_ms: 0.12153
check (22.19.0)	Run suite without the large boundary fixture	2026-10-02T03:43:24.1296418Z       type: 'test'
check (22.19.0)	Run suite without the large boundary fixture	2026-10-02T03:43:24.1296741Z       ...
check (22.19.0)	Run suite without the large boundary fixture	2026-10-02T03:43:24.1297303Z     # Subtest: two valid signature encodings share content identity and receipt
check (22.19.0)	Run suite without the large boundary fixture	2026-10-02T03:43:24.1298190Z     ok 11 - two valid signature encodings share content identity and receipt
check (22.19.0)	Run suite without the large boundary fixture	2026-10-02T03:43:24.1299120Z       ---
check (22.19.0)	Run suite without the large boundary fixture	2026-10-02T03:43:24.1299432Z       duration_ms: 0.058978
check (22.19.0)	Run suite without the large boundary fixture	2026-10-02T03:43:24.1299809Z       type: 'test'
check (22.19.0)	Run suite without the large boundary fixture	2026-10-02T03:43:24.1300132Z       ...
check (22.19.0)	Run suite without the large boundary fixture	2026-10-02T03:43:24.1300498Z     # Subtest: changed intent app rejected
check (22.19.0)	Run suite without the large boundary fixture	2026-10-02T03:43:24.1301006Z     ok 12 - changed intent app rejected
check (22.19.0)	Run suite without the large boundary fixture	2026-10-02T03:43:24.1301424Z       ---
check (22.19.0)	Run suite without the large boundary fixture	2026-10-02T03:43:24.1301723Z       duration_ms: 0.049143
check (22.19.0)	Run suite without the large boundary fixture	2026-10-02T03:43:24.1302081Z       type: 'test'
check (22.19.0)	Run suite without the large boundary fixture	2026-10-02T03:43:24.1302394Z       ...
check (22.19.0)	Run suite without the large boundary fixture	2026-10-02T03:43:24.1302785Z     # Subtest: changed intent genesis rejected
check (22.19.0)	Run suite without the large boundary fixture	2026-10-02T03:43:24.1303311Z     ok 13 - changed intent genesis rejected
check (22.19.0)	Run suite without the large boundary fixture	2026-10-02T03:43:24.1303747Z       ---
check (22.19.0)	Run suite without the large boundary fixture	2026-10-02T03:43:24.1304068Z       duration_ms: 0.040871
check (22.19.0)	Run suite without the large boundary fixture	2026-10-02T03:43:24.1304710Z       type: 'test'
check (22.19.0)	Run suite without the large boundary fixture	2026-10-02T03:43:24.1305020Z       ...
check (22.19.0)	Run suite without the large boundary fixture	2026-10-02T03:43:24.1305425Z     # Subtest: changed intent definition rejected
check (22.19.0)	Run suite without the large boundary fixture	2026-10-02T03:43:24.1305993Z     ok 14 - changed intent definition rejected
check (22.19.0)	Run suite without the large boundary fixture	2026-10-02T03:43:24.1306432Z       ---
check (22.19.0)	Run suite without the large boundary fixture	2026-10-02T03:43:24.1306741Z       duration_ms: 0.041252
check (22.19.0)	Run suite without the large boundary fixture	2026-10-02T03:43:24.1307116Z       type: 'test'
check (22.19.0)	Run suite without the large boundary fixture	2026-10-02T03:43:24.1307625Z       ...
check (22.19.0)	Run suite without the large boundary fixture	2026-10-02T03:43:24.1308029Z     # Subtest: changed intent payload rejected
check (22.19.0)	Run suite without the large boundary fixture	2026-10-02T03:43:24.1308573Z     ok 15 - changed intent payload rejected
check (22.19.0)	Run suite without the large boundary fixture	2026-10-02T03:43:24.1309210Z       ---
check (22.19.0)	Run suite without the large boundary fixture	2026-10-02T03:43:24.1309528Z       duration_ms: 0.04025
check (22.19.0)	Run suite without the large boundary fixture	2026-10-02T03:43:24.1309902Z       type: 'test'
check (22.19.0)	Run suite without the large boundary fixture	2026-10-02T03:43:24.1310213Z       ...
check (22.19.0)	Run suite without the large boundary fixture	2026-10-02T03:43:24.1310661Z     # Subtest: changed intent extra payload field rejected
check (22.19.0)	Run suite without the large boundary fixture	2026-10-02T03:43:24.1311320Z     ok 16 - changed intent extra payload field rejected
check (22.19.0)	Run suite without the large boundary fixture	2026-10-02T03:43:24.1311803Z       ---
check (22.19.0)	Run suite without the large boundary fixture	2026-10-02T03:43:24.1312121Z       duration_ms: 0.079808
check (22.19.0)	Run suite without the large boundary fixture	2026-10-02T03:43:24.1312492Z       type: 'test'
check (22.19.0)	Run suite without the large boundary fixture	2026-10-02T03:43:24.1312811Z       ...
check (22.19.0)	Run suite without the large boundary fixture	2026-10-02T03:43:24.1313181Z     # Subtest: changed intent nonce rejected
check (22.19.0)	Run suite without the large boundary fixture	2026-10-02T03:43:24.1313676Z     ok 17 - changed intent nonce rejected
check (22.19.0)	Run suite without the large boundary fixture	2026-10-02T03:43:24.1314100Z       ---
check (22.19.0)	Run suite without the large boundary fixture	2026-10-02T03:43:24.1314395Z       duration_ms: 0.079388
check (22.19.0)	Run suite without the large boundary fixture	2026-10-02T03:43:24.1314757Z       type: 'test'
check (22.19.0)	Run suite without the large boundary fixture	2026-10-02T03:43:24.1315074Z       ...
check (22.19.0)	Run suite without the large boundary fixture	2026-10-02T03:43:24.1315442Z     # Subtest: changed intent action rejected
check (22.19.0)	Run suite without the large boundary fixture	2026-10-02T03:43:24.1315958Z     ok 18 - changed intent action rejected
check (22.19.0)	Run suite without the large boundary fixture	2026-10-02T03:43:24.1316381Z       ---
check (22.19.0)	Run suite without the large boundary fixture	2026-10-02T03:43:24.1316675Z       duration_ms: 0.081551
check (22.19.0)	Run suite without the large boundary fixture	2026-10-02T03:43:24.1317041Z       type: 'test'
check (22.19.0)	Run suite without the large boundary fixture	2026-10-02T03:43:24.1317349Z       ...
check (22.19.0)	Run suite without the large boundary fixture	2026-10-02T03:43:24.1317746Z     # Subtest: changed intent actor key rejected
check (22.19.0)	Run suite without the large boundary fixture	2026-10-02T03:43:24.1318295Z     ok 19 - changed intent actor key rejected
check (22.19.0)	Run suite without the large boundary fixture	2026-10-02T03:43:24.1318908Z       ---
check (22.19.0)	Run suite without the large boundary fixture	2026-10-02T03:43:24.1319210Z       duration_ms: 0.078226
check (22.19.0)	Run suite without the large boundary fixture	2026-10-02T03:43:24.1319573Z       type: 'test'
check (22.19.0)	Run suite without the large boundary fixture	2026-10-02T03:43:24.1319878Z       ...
check (22.19.0)	Run suite without the large boundary fixture	2026-10-02T03:43:24.1320266Z     # Subtest: changed intent version rejected
check (22.19.0)	Run suite without the large boundary fixture	2026-10-02T03:43:24.1320783Z     ok 20 - changed intent version rejected
check (22.19.0)	Run suite without the large boundary fixture	2026-10-02T03:43:24.1321196Z       ---
check (22.19.0)	Run suite without the large boundary fixture	2026-10-02T03:43:24.1321494Z       duration_ms: 0.081571
check (22.19.0)	Run suite without the large boundary fixture	2026-10-02T03:43:24.1321859Z       type: 'test'
check (22.19.0)	Run suite without the large boundary fixture	2026-10-02T03:43:24.1322161Z       ...
check (22.19.0)	Run suite without the large boundary fixture	2026-10-02T03:43:24.1322542Z     # Subtest: changed intent domain rejected
check (22.19.0)	Run suite without the large boundary fixture	2026-10-02T03:43:24.1323051Z     ok 21 - changed intent domain rejected
check (22.19.0)	Run suite without the large boundary fixture	2026-10-02T03:43:24.1323473Z       ---
check (22.19.0)	Run suite without the large boundary fixture	2026-10-02T03:43:24.1323774Z       duration_ms: 0.071536
check (22.19.0)	Run suite without the large boundary fixture	2026-10-02T03:43:24.1324127Z       type: 'test'
check (22.19.0)	Run suite without the large boundary fixture	2026-10-02T03:43:24.1324433Z       ...
check (22.19.0)	Run suite without the large boundary fixture	2026-10-02T03:43:24.1324925Z     # Subtest: unknown framework fields are refused, never stripped
check (22.19.0)	Run suite without the large boundary fixture	2026-10-02T03:43:24.1325665Z     ok 22 - unknown framework fields are refused, never stripped
check (22.19.0)	Run suite without the large boundary fixture	2026-10-02T03:43:24.1326189Z       ---
check (22.19.0)	Run suite without the large boundary fixture	2026-10-02T03:43:24.1326491Z       duration_ms: 0.07419
check (22.19.0)	Run suite without the large boundary fixture	2026-10-02T03:43:24.1326851Z       type: 'test'
check (22.19.0)	Run suite without the large boundary fixture	2026-10-02T03:43:24.1327165Z       ...
check (22.19.0)	Run suite without the large boundary fixture	2026-10-02T03:43:24.1327540Z     # Subtest: genesis anchor cannot be replaced
check (22.19.0)	Run suite without the large boundary fixture	2026-10-02T03:43:24.1328343Z     ok 23 - genesis anchor cannot be replaced
check (22.19.0)	Run suite without the large boundary fixture	2026-10-02T03:43:24.1328875Z       ---
check (22.19.0)	Run suite without the large boundary fixture	2026-10-02T03:43:24.1329142Z       duration_ms: 0.099758
check (22.19.0)	Run suite without the large boundary fixture	2026-10-02T03:43:24.1329499Z       type: 'test'
check (22.19.0)	Run suite without the large boundary fixture	2026-10-02T03:43:24.1329846Z       ...
check (22.19.0)	Run suite without the large boundary fixture	2026-10-02T03:43:24.1330230Z     # Subtest: duplicate genesis activation keys rejected
check (22.19.0)	Run suite without the large boundary fixture	2026-10-02T03:43:24.1330759Z     ok 24 - duplicate genesis activation keys rejected
check (22.19.0)	Run suite without the large boundary fixture	2026-10-02T03:43:24.1331150Z       ---
check (22.19.0)	Run suite without the large boundary fixture	2026-10-02T03:43:24.1331397Z       duration_ms: 0.073429
check (22.19.0)	Run suite without the large boundary fixture	2026-10-02T03:43:24.1331697Z       type: 'test'
check (22.19.0)	Run suite without the large boundary fixture	2026-10-02T03:43:24.1331952Z       ...
check (22.19.0)	Run suite without the large boundary fixture	2026-10-02T03:43:24.1332257Z     # Subtest: signature bit flip rejected
check (22.19.0)	Run suite without the large boundary fixture	2026-10-02T03:43:24.1332746Z     ok 25 - signature bit flip rejected
check (22.19.0)	Run suite without the large boundary fixture	2026-10-02T03:43:24.1333125Z       ---
check (22.19.0)	Run suite without the large boundary fixture	2026-10-02T03:43:24.1333405Z       duration_ms: 0.071446
check (22.19.0)	Run suite without the large boundary fixture	2026-10-02T03:43:24.1334015Z       type: 'test'
check (22.19.0)	Run suite without the large boundary fixture	2026-10-02T03:43:24.1334292Z       ...
check (22.19.0)	Run suite without the large boundary fixture	2026-10-02T03:43:24.1334879Z     # Subtest: signature verification and key import host faults retain their identity
check (22.19.0)	Run suite without the large boundary fixture	2026-10-02T03:43:24.1335807Z     ok 26 - signature verification and key import host faults retain their identity
check (22.19.0)	Run suite without the large boundary fixture	2026-10-02T03:43:24.1336404Z       ---
check (22.19.0)	Run suite without the large boundary fixture	2026-10-02T03:43:24.1336708Z       duration_ms: 0.084606
check (22.19.0)	Run suite without the large boundary fixture	2026-10-02T03:43:24.1337355Z       type: 'test'
check (22.19.0)	Run suite without the large boundary fixture	2026-10-02T03:43:24.1337659Z       ...
check (22.19.0)	Run suite without the large boundary fixture	2026-10-02T03:43:24.1337996Z     # Subtest: high-S variant rejected
check (22.19.0)	Run suite without the large boundary fixture	2026-10-02T03:43:24.1338421Z     ok 27 - high-S variant rejected
check (22.19.0)	Run suite without the large boundary fixture	2026-10-02T03:43:24.1339183Z       ---
check (22.19.0)	Run suite without the large boundary fixture	2026-10-02T03:43:24.1339469Z       duration_ms: 0.085658
check (22.19.0)	Run suite without the large boundary fixture	2026-10-02T03:43:24.1339807Z       type: 'test'
check (22.19.0)	Run suite without the large boundary fixture	2026-10-02T03:43:24.1340092Z       ...
check (22.19.0)	Run suite without the large boundary fixture	2026-10-02T03:43:24.1340461Z     # Subtest: wire rejects duplicate map key
check (22.19.0)	Run suite without the large boundary fixture	2026-10-02T03:43:24.1340990Z     ok 28 - wire rejects duplicate map key
check (22.19.0)	Run suite without the large boundary fixture	2026-10-02T03:43:24.1341408Z       ---
check (22.19.0)	Run suite without the large boundary fixture	2026-10-02T03:43:24.1341709Z       duration_ms: 0.077986
check (22.19.0)	Run suite without the large boundary fixture	2026-10-02T03:43:24.1342040Z       type: 'test'
check (22.19.0)	Run suite without the large boundary fixture	2026-10-02T03:43:24.1342357Z       ...
check (22.19.0)	Run suite without the large boundary fixture	2026-10-02T03:43:24.1342738Z     # Subtest: wire rejects noncanonical key order
check (22.19.0)	Run suite without the large boundary fixture	2026-10-02T03:43:24.1343290Z     ok 29 - wire rejects noncanonical key order
check (22.19.0)	Run suite without the large boundary fixture	2026-10-02T03:43:24.1343804Z       ---
check (22.19.0)	Run suite without the large boundary fixture	2026-10-02T03:43:24.1344101Z       duration_ms: 0.071446
check (22.19.0)	Run suite without the large boundary fixture	2026-10-02T03:43:24.1344456Z       type: 'test'
check (22.19.0)	Run suite without the large boundary fixture	2026-10-02T03:43:24.1344767Z       ...
check (22.19.0)	Run suite without the large boundary fixture	2026-10-02T03:43:24.1345164Z     # Subtest: wire rejects long integer encoding
check (22.19.0)	Run suite without the large boundary fixture	2026-10-02T03:43:24.1345721Z     ok 30 - wire rejects long integer encoding
check (22.19.0)	Run suite without the large boundary fixture	2026-10-02T03:43:24.1346162Z       ---
check (22.19.0)	Run suite without the large boundary fixture	2026-10-02T03:43:24.1346458Z       duration_ms: 0.076563
check (22.19.0)	Run suite without the large boundary fixture	2026-10-02T03:43:24.1346803Z       type: 'test'
check (22.19.0)	Run suite without the large boundary fixture	2026-10-02T03:43:24.1347093Z       ...
check (22.19.0)	Run suite without the large boundary fixture	2026-10-02T03:43:24.1347503Z     # Subtest: wire rejects float encoding of integer
check (22.19.0)	Run suite without the large boundary fixture	2026-10-02T03:43:24.1348067Z     ok 31 - wire rejects float encoding of integer
check (22.19.0)	Run suite without the large boundary fixture	2026-10-02T03:43:24.1348523Z       ---
check (22.19.0)	Run suite without the large boundary fixture	2026-10-02T03:43:24.1349055Z       duration_ms: 0.070234
check (22.19.0)	Run suite without the large boundary fixture	2026-10-02T03:43:24.1349418Z       type: 'test'
check (22.19.0)	Run suite without the large boundary fixture	2026-10-02T03:43:24.1349719Z       ...
check (22.19.0)	Run suite without the large boundary fixture	2026-10-02T03:43:24.1350087Z     # Subtest: wire rejects negative zero
check (22.19.0)	Run suite without the large boundary fixture	2026-10-02T03:43:24.1350599Z     ok 32 - wire rejects negative zero
check (22.19.0)	Run suite without the large boundary fixture	2026-10-02T03:43:24.1351017Z       ---
check (22.19.0)	Run suite without the large boundary fixture	2026-10-02T03:43:24.1351313Z       duration_ms: 0.065067
check (22.19.0)	Run suite without the large boundary fixture	2026-10-02T03:43:24.1351674Z       type: 'test'
check (22.19.0)	Run suite without the large boundary fixture	2026-10-02T03:43:24.1351968Z       ...
check (22.19.0)	Run suite without the large boundary fixture	2026-10-02T03:43:24.1352330Z     # Subtest: wire rejects indefinite array
check (22.19.0)	Run suite without the large boundary fixture	2026-10-02T03:43:24.1352846Z     ok 33 - wire rejects indefinite array
check (22.19.0)	Run suite without the large boundary fixture	2026-10-02T03:43:24.1353257Z       ---
check (22.19.0)	Run suite without the large boundary fixture	2026-10-02T03:43:24.1353554Z       duration_ms: 0.095402
check (22.19.0)	Run suite without the large boundary fixture	2026-10-02T03:43:24.1353918Z       type: 'test'
check (22.19.0)	Run suite without the large boundary fixture	2026-10-02T03:43:24.1354221Z       ...
check (22.19.0)	Run suite without the large boundary fixture	2026-10-02T03:43:24.1354580Z     # Subtest: wire rejects trailing bytes
check (22.19.0)	Run suite without the large boundary fixture	2026-10-02T03:43:24.1355078Z     ok 34 - wire rejects trailing bytes
check (22.19.0)	Run suite without the large boundary fixture	2026-10-02T03:43:24.1355504Z       ---
check (22.19.0)	Run suite without the large boundary fixture	2026-10-02T03:43:24.1355802Z       duration_ms: 0.084435
check (22.19.0)	Run suite without the large boundary fixture	2026-10-02T03:43:24.1356166Z       type: 'test'
check (22.19.0)	Run suite without the large boundary fixture	2026-10-02T03:43:24.1356471Z       ...
check (22.19.0)	Run suite without the large boundary fixture	2026-10-02T03:43:24.1356854Z     # Subtest: wire rejects non-string map key
check (22.19.0)	Run suite without the large boundary fixture	2026-10-02T03:43:24.1357389Z     ok 35 - wire rejects non-string map key
check (22.19.0)	Run suite without the large boundary fixture	2026-10-02T03:43:24.1357825Z       ---
check (22.19.0)	Run suite without the large boundary fixture	2026-10-02T03:43:24.1358124Z       duration_ms: 0.080059
check (22.19.0)	Run suite without the large boundary fixture	2026-10-02T03:43:24.1358474Z       type: 'test'
check (22.19.0)	Run suite without the large boundary fixture	2026-10-02T03:43:24.1358936Z       ...
check (22.19.0)	Run suite without the large boundary fixture	2026-10-02T03:43:24.1359287Z     # Subtest: wire rejects unsupported tag
check (22.19.0)	Run suite without the large boundary fixture	2026-10-02T03:43:24.1359775Z     ok 36 - wire rejects unsupported tag
check (22.19.0)	Run suite without the large boundary fixture	2026-10-02T03:43:24.1360185Z       ---
check (22.19.0)	Run suite without the large boundary fixture	2026-10-02T03:43:24.1360484Z       duration_ms: 0.091966
check (22.19.0)	Run suite without the large boundary fixture	2026-10-02T03:43:24.1360827Z       type: 'test'
check (22.19.0)	Run suite without the large boundary fixture	2026-10-02T03:43:24.1361128Z       ...
check (22.19.0)	Run suite without the large boundary fixture	2026-10-02T03:43:24.1361499Z     # Subtest: wire rejects truncated string
check (22.19.0)	Run suite without the large boundary fixture	2026-10-02T03:43:24.1361998Z     ok 37 - wire rejects truncated string
check (22.19.0)	Run suite without the large boundary fixture	2026-10-02T03:43:24.1362392Z       ---
check (22.19.0)	Run suite without the large boundary fixture	2026-10-02T03:43:24.1362691Z       duration_ms: 0.082633
check (22.19.0)	Run suite without the large boundary fixture	2026-10-02T03:43:24.1364558Z       type: 'test'
check (22.19.0)	Run suite without the large boundary fixture	2026-10-02T03:43:24.1365126Z       ...
check (22.19.0)	Run suite without the large boundary fixture	2026-10-02T03:43:24.1365528Z     # Subtest: wire rejects huge truncated array
check (22.19.0)	Run suite without the large boundary fixture	2026-10-02T03:43:24.1366092Z     ok 38 - wire rejects huge truncated array
check (22.19.0)	Run suite without the large boundary fixture	2026-10-02T03:43:24.1366539Z       ---
check (22.19.0)	Run suite without the large boundary fixture	2026-10-02T03:43:24.1366844Z       duration_ms: 0.071556
check (22.19.0)	Run suite without the large boundary fixture	2026-10-02T03:43:24.1367226Z       type: 'test'
check (22.19.0)	Run suite without the large boundary fixture	2026-10-02T03:43:24.1367538Z       ...
check (22.19.0)	Run suite without the large boundary fixture	2026-10-02T03:43:24.1367968Z     # Subtest: wire $type is a string in nested records
check (22.19.0)	Run suite without the large boundary fixture	2026-10-02T03:43:24.1369044Z     ok 39 - wire $type is a string in nested records
check (22.19.0)	Run suite without the large boundary fixture	2026-10-02T03:43:24.1369513Z       ---
check (22.19.0)	Run suite without the large boundary fixture	2026-10-02T03:43:24.1369806Z       duration_ms: 0.068822
check (22.19.0)	Run suite without the large boundary fixture	2026-10-02T03:43:24.1370159Z       type: 'test'
check (22.19.0)	Run suite without the large boundary fixture	2026-10-02T03:43:24.1370463Z       ...
check (22.19.0)	Run suite without the large boundary fixture	2026-10-02T03:43:24.1370939Z     # Subtest: wire invalid UTF-8 has the same code in every engine
check (22.19.0)	Run suite without the large boundary fixture	2026-10-02T03:43:24.1371650Z     ok 40 - wire invalid UTF-8 has the same code in every engine
check (22.19.0)	Run suite without the large boundary fixture	2026-10-02T03:43:24.1372389Z       ---
check (22.19.0)	Run suite without the large boundary fixture	2026-10-02T03:43:24.1372694Z       duration_ms: 0.070375
check (22.19.0)	Run suite without the large boundary fixture	2026-10-02T03:43:24.1373078Z       type: 'test'
check (22.19.0)	Run suite without the large boundary fixture	2026-10-02T03:43:24.1373400Z       ...
check (22.19.0)	Run suite without the large boundary fixture	2026-10-02T03:43:24.1373936Z     # Subtest: nested CID tags are refused without recursion in every engine
check (22.19.0)	Run suite without the large boundary fixture	2026-10-02T03:43:24.1374781Z     ok 41 - nested CID tags are refused without recursion in every engine
check (22.19.0)	Run suite without the large boundary fixture	2026-10-02T03:43:24.1375340Z       ---
check (22.19.0)	Run suite without the large boundary fixture	2026-10-02T03:43:24.1375639Z       duration_ms: 0.06765
check (22.19.0)	Run suite without the large boundary fixture	2026-10-02T03:43:24.1375994Z       type: 'test'
check (22.19.0)	Run suite without the large boundary fixture	2026-10-02T03:43:24.1376317Z       ...
check (22.19.0)	Run suite without the large boundary fixture	2026-10-02T03:43:24.1376886Z     # Subtest: array nesting accepts the depth limit and refuses the next level
check (22.19.0)	Run suite without the large boundary fixture	2026-10-02T03:43:24.1377771Z     ok 42 - array nesting accepts the depth limit and refuses the next level
check (22.19.0)	Run suite without the large boundary fixture	2026-10-02T03:43:24.1378356Z       ---
check (22.19.0)	Run suite without the large boundary fixture	2026-10-02T03:43:24.1378650Z       duration_ms: 0.138375
check (22.19.0)	Run suite without the large boundary fixture	2026-10-02T03:43:24.1379224Z       type: 'test'
check (22.19.0)	Run suite without the large boundary fixture	2026-10-02T03:43:24.1379534Z       ...
check (22.19.0)	Run suite without the large boundary fixture	2026-10-02T03:43:24.1380032Z     # Subtest: incomplete base64 has a deterministic input code
check (22.19.0)	Run suite without the large boundary fixture	2026-10-02T03:43:24.1380720Z     ok 43 - incomplete base64 has a deterministic input code
check (22.19.0)	Run suite without the large boundary fixture	2026-10-02T03:43:24.1381235Z       ---
check (22.19.0)	Run suite without the large boundary fixture	2026-10-02T03:43:24.1381541Z       duration_ms: 0.092877
check (22.19.0)	Run suite without the large boundary fixture	2026-10-02T03:43:24.1381900Z       type: 'test'
check (22.19.0)	Run suite without the large boundary fixture	2026-10-02T03:43:24.1382199Z       ...
check (22.19.0)	Run suite without the large boundary fixture	2026-10-02T03:43:24.1382874Z     # Subtest: wire rejects deep nesting
check (22.19.0)	Run suite without the large boundary fixture	2026-10-02T03:43:24.1383368Z     ok 44 - wire rejects deep nesting
check (22.19.0)	Run suite without the large boundary fixture	2026-10-02T03:43:24.1383781Z       ---
check (22.19.0)	Run suite without the large boundary fixture	2026-10-02T03:43:24.1384083Z       duration_ms: 0.102092
check (22.19.0)	Run suite without the large boundary fixture	2026-10-02T03:43:24.1384450Z       type: 'test'
check (22.19.0)	Run suite without the large boundary fixture	2026-10-02T03:43:24.1384754Z       ...
check (22.19.0)	Run suite without the large boundary fixture	2026-10-02T03:43:24.1385108Z     # Subtest: wire block byte boundary
check (22.19.0)	Run suite without the large boundary fixture	2026-10-02T03:43:24.1385591Z     ok 45 - wire block byte boundary
check (22.19.0)	Run suite without the large boundary fixture	2026-10-02T03:43:24.1385989Z       ---
check (22.19.0)	Run suite without the large boundary fixture	2026-10-02T03:43:24.1387766Z       duration_ms: 0.109412
check (22.19.0)	Run suite without the large boundary fixture	2026-10-02T03:43:24.1388157Z       type: 'test'
check (22.19.0)	Run suite without the large boundary fixture	2026-10-02T03:43:24.1388475Z       ...
check (22.19.0)	Run suite without the large boundary fixture	2026-10-02T03:43:24.1389042Z     # Subtest: wire input rejects undefined field
check (22.19.0)	Run suite without the large boundary fixture	2026-10-02T03:43:24.1389626Z     ok 46 - wire input rejects undefined field
check (22.19.0)	Run suite without the large boundary fixture	2026-10-02T03:43:24.1390066Z       ---
check (22.19.0)	Run suite without the large boundary fixture	2026-10-02T03:43:24.1390377Z       duration_ms: 0.072147
check (22.19.0)	Run suite without the large boundary fixture	2026-10-02T03:43:24.1390738Z       type: 'test'
check (22.19.0)	Run suite without the large boundary fixture	2026-10-02T03:43:24.1391054Z       ...
check (22.19.0)	Run suite without the large boundary fixture	2026-10-02T03:43:24.1391468Z     # Subtest: wire input rejects negative zero value
check (22.19.0)	Run suite without the large boundary fixture	2026-10-02T03:43:24.1392062Z     ok 47 - wire input rejects negative zero value
check (22.19.0)	Run suite without the large boundary fixture	2026-10-02T03:43:24.1392534Z       ---
check (22.19.0)	Run suite without the large boundary fixture	2026-10-02T03:43:24.1392826Z       duration_ms: 0.062162
check (22.19.0)	Run suite without the large boundary fixture	2026-10-02T03:43:24.1393202Z       type: 'test'
check (22.19.0)	Run suite without the large boundary fixture	2026-10-02T03:43:24.1393508Z       ...
check (22.19.0)	Run suite without the large boundary fixture	2026-10-02T03:43:24.1393923Z     # Subtest: wire input rejects malformed Unicode key
check (22.19.0)	Run suite without the large boundary fixture	2026-10-02T03:43:24.1394542Z     ok 48 - wire input rejects malformed Unicode key
check (22.19.0)	Run suite without the large boundary fixture	2026-10-02T03:43:24.1395033Z       ---
check (22.19.0)	Run suite without the large boundary fixture	2026-10-02T03:43:24.1395336Z       duration_ms: 0.062803
check (22.19.0)	Run suite without the large boundary fixture	2026-10-02T03:43:24.1395702Z       type: 'test'
check (22.19.0)	Run suite without the large boundary fixture	2026-10-02T03:43:24.1396012Z       ...
check (22.19.0)	Run suite without the large boundary fixture	2026-10-02T03:43:24.1396456Z     # Subtest: wire input rejects malformed Unicode value
check (22.19.0)	Run suite without the large boundary fixture	2026-10-02T03:43:24.1397090Z     ok 49 - wire input rejects malformed Unicode value
check (22.19.0)	Run suite without the large boundary fixture	2026-10-02T03:43:24.1397906Z       ---
check (22.19.0)	Run suite without the large boundary fixture	2026-10-02T03:43:24.1398214Z       duration_ms: 0.083644
check (22.19.0)	Run suite without the large boundary fixture	2026-10-02T03:43:24.1398576Z       type: 'test'
check (22.19.0)	Run suite without the large boundary fixture	2026-10-02T03:43:24.1399035Z       ...
check (22.19.0)	Run suite without the large boundary fixture	2026-10-02T03:43:24.1399446Z     # Subtest: wire input rejects extra bytes member
check (22.19.0)	Run suite without the large boundary fixture	2026-10-02T03:43:24.1400045Z     ok 50 - wire input rejects extra bytes member
check (22.19.0)	Run suite without the large boundary fixture	2026-10-02T03:43:24.1400499Z       ---
check (22.19.0)	Run suite without the large boundary fixture	2026-10-02T03:43:24.1400805Z       duration_ms: 0.071336
check (22.19.0)	Run suite without the large boundary fixture	2026-10-02T03:43:24.1401326Z       type: 'test'
check (22.19.0)	Run suite without the large boundary fixture	2026-10-02T03:43:24.1401629Z       ...
check (22.19.0)	Run suite without the large boundary fixture	2026-10-02T03:43:24.1402046Z     # Subtest: wire input rejects noncanonical base64
check (22.19.0)	Run suite without the large boundary fixture	2026-10-02T03:43:24.1402645Z     ok 51 - wire input rejects noncanonical base64
check (22.19.0)	Run suite without the large boundary fixture	2026-10-02T03:43:24.1403113Z       ---
check (22.19.0)	Run suite without the large boundary fixture	2026-10-02T03:43:24.1403415Z       duration_ms: 0.062433
check (22.19.0)	Run suite without the large boundary fixture	2026-10-02T03:43:24.1403786Z       type: 'test'
check (22.19.0)	Run suite without the large boundary fixture	2026-10-02T03:43:24.1404087Z       ...
check (22.19.0)	Run suite without the large boundary fixture	2026-10-02T03:43:24.1404478Z     # Subtest: wire input rejects padded base64
check (22.19.0)	Run suite without the large boundary fixture	2026-10-02T03:43:24.1405038Z     ok 52 - wire input rejects padded base64
check (22.19.0)	Run suite without the large boundary fixture	2026-10-02T03:43:24.1405486Z       ---
check (22.19.0)	Run suite without the large boundary fixture	2026-10-02T03:43:24.1405786Z       duration_ms: 0.058737
check (22.19.0)	Run suite without the large boundary fixture	2026-10-02T03:43:24.1406147Z       type: 'test'
check (22.19.0)	Run suite without the large boundary fixture	2026-10-02T03:43:24.1406459Z       ...
check (22.19.0)	Run suite without the large boundary fixture	2026-10-02T03:43:24.1406848Z     # Subtest: wire input rejects extra CID member
check (22.19.0)	Run suite without the large boundary fixture	2026-10-02T03:43:24.1407412Z     ok 53 - wire input rejects extra CID member
check (22.19.0)	Run suite without the large boundary fixture	2026-10-02T03:43:24.1407859Z       ---
check (22.19.0)	Run suite without the large boundary fixture	2026-10-02T03:43:24.1408156Z       duration_ms: 0.058416
check (22.19.0)	Run suite without the large boundary fixture	2026-10-02T03:43:24.1408524Z       type: 'test'
check (22.19.0)	Run suite without the large boundary fixture	2026-10-02T03:43:24.1409170Z       ...
check (22.19.0)	Run suite without the large boundary fixture	2026-10-02T03:43:24.1409604Z     # Subtest: wire input rejects reserved data-model field
check (22.19.0)	Run suite without the large boundary fixture	2026-10-02T03:43:24.1410265Z     ok 54 - wire input rejects reserved data-model field
check (22.19.0)	Run suite without the large boundary fixture	2026-10-02T03:43:24.1410745Z       ---
check (22.19.0)	Run suite without the large boundary fixture	2026-10-02T03:43:24.1411057Z       duration_ms: 0.06093
check (22.19.0)	Run suite without the large boundary fixture	2026-10-02T03:43:24.1411419Z       type: 'test'
check (22.19.0)	Run suite without the large boundary fixture	2026-10-02T03:43:24.1411730Z       ...
check (22.19.0)	Run suite without the large boundary fixture	2026-10-02T03:43:24.1412122Z     # Subtest: wire input rejects unsafe integer
check (22.19.0)	Run suite without the large boundary fixture	2026-10-02T03:43:24.1412676Z     ok 55 - wire input rejects unsafe integer
check (22.19.0)	Run suite without the large boundary fixture	2026-10-02T03:43:24.1413115Z       ---
check (22.19.0)	Run suite without the large boundary fixture	2026-10-02T03:43:24.1413417Z       duration_ms: 0.066238
check (22.19.0)	Run suite without the large boundary fixture	2026-10-02T03:43:24.1413777Z       type: 'test'
check (22.19.0)	Run suite without the large boundary fixture	2026-10-02T03:43:24.1414080Z       ...
check (22.19.0)	Run suite without the large boundary fixture	2026-10-02T03:43:24.1414463Z     # Subtest: wire input rejects float value
check (22.19.0)	Run suite without the large boundary fixture	2026-10-02T03:43:24.1414974Z     ok 56 - wire input rejects float value
check (22.19.0)	Run suite without the large boundary fixture	2026-10-02T03:43:24.1415398Z       ---
check (22.19.0)	Run suite without the large boundary fixture	2026-10-02T03:43:24.1415692Z       duration_ms: 0.069763
check (22.19.0)	Run suite without the large boundary fixture	2026-10-02T03:43:24.1416067Z       type: 'test'
check (22.19.0)	Run suite without the large boundary fixture	2026-10-02T03:43:24.1416374Z       ...
check (22.19.0)	Run suite without the large boundary fixture	2026-10-02T03:43:24.1416744Z     # Subtest: wire input rejects invalid CID
check (22.19.0)	Run suite without the large boundary fixture	2026-10-02T03:43:24.1417276Z     ok 57 - wire input rejects invalid CID
check (22.19.0)	Run suite without the large boundary fixture	2026-10-02T03:43:24.1417950Z       ---
check (22.19.0)	Run suite without the large boundary fixture	2026-10-02T03:43:24.1418202Z       duration_ms: 0.07413
check (22.19.0)	Run suite without the large boundary fixture	2026-10-02T03:43:24.1418515Z       type: 'test'
check (22.19.0)	Run suite without the large boundary fixture	2026-10-02T03:43:24.1418966Z       ...
check (22.19.0)	Run suite without the large boundary fixture	2026-10-02T03:43:24.1419436Z     # Subtest: UTF-8 map ordering and absent/null remain distinct
check (22.19.0)	Run suite without the large boundary fixture	2026-10-02T03:43:24.1420171Z     ok 58 - UTF-8 map ordering and absent/null remain distinct
check (22.19.0)	Run suite without the large boundary fixture	2026-10-02T03:43:24.1420701Z       ---
check (22.19.0)	Run suite without the large boundary fixture	2026-10-02T03:43:24.1420995Z       duration_ms: 0.073639
check (22.19.0)	Run suite without the large boundary fixture	2026-10-02T03:43:24.1421362Z       type: 'test'
check (22.19.0)	Run suite without the large boundary fixture	2026-10-02T03:43:24.1421671Z       ...
check (22.19.0)	Run suite without the large boundary fixture	2026-10-02T03:43:24.1422127Z     # Subtest: live signing verifies without a second SHA-256
check (22.19.0)	Run suite without the large boundary fixture	2026-10-02T03:43:24.1422783Z     ok 59 - live signing verifies without a second SHA-256
check (22.19.0)	Run suite without the large boundary fixture	2026-10-02T03:43:24.1423310Z       ---
check (22.19.0)	Run suite without the large boundary fixture	2026-10-02T03:43:24.1423613Z       duration_ms: 0.069553
check (22.19.0)	Run suite without the large boundary fixture	2026-10-02T03:43:24.1423977Z       type: 'test'
check (22.19.0)	Run suite without the large boundary fixture	2026-10-02T03:43:24.1424282Z       ...
check (22.19.0)	Run suite without the large boundary fixture	2026-10-02T03:43:24.1424640Z     # Subtest: wrong signing key rejected
check (22.19.0)	Run suite without the large boundary fixture	2026-10-02T03:43:24.1425146Z     ok 60 - wrong signing key rejected
check (22.19.0)	Run suite without the large boundary fixture	2026-10-02T03:43:24.1425558Z       ---
check (22.19.0)	Run suite without the large boundary fixture	2026-10-02T03:43:24.1425850Z       duration_ms: 0.057115
check (22.19.0)	Run suite without the large boundary fixture	2026-10-02T03:43:24.1426205Z       type: 'test'
check (22.19.0)	Run suite without the large boundary fixture	2026-10-02T03:43:24.1426514Z       ...
check (22.19.0)	Run suite without the large boundary fixture	2026-10-02T03:43:24.1426878Z     # Subtest: wrong curve rejected
check (22.19.0)	Run suite without the large boundary fixture	2026-10-02T03:43:24.1427352Z     ok 61 - wrong curve rejected
check (22.19.0)	Run suite without the large boundary fixture	2026-10-02T03:43:24.1427977Z       ---
check (22.19.0)	Run suite without the large boundary fixture	2026-10-02T03:43:24.1428295Z       duration_ms: 0.048863
check (22.19.0)	Run suite without the large boundary fixture	2026-10-02T03:43:24.1428665Z       type: 'test'
check (22.19.0)	Run suite without the large boundary fixture	2026-10-02T03:43:24.1429158Z       ...
check (22.19.0)	Run suite without the large boundary fixture	2026-10-02T03:43:24.1429647Z     # Subtest: verify rejects a valid secp256k1 actor signature
check (22.19.0)	Run suite without the large boundary fixture	2026-10-02T03:43:24.1430327Z     ok 62 - verify rejects a valid secp256k1 actor signature
check (22.19.0)	Run suite without the large boundary fixture	2026-10-02T03:43:24.1430815Z       ---
check (22.19.0)	Run suite without the large boundary fixture	2026-10-02T03:43:24.1431119Z       duration_ms: 0.04699
check (22.19.0)	Run suite without the large boundary fixture	2026-10-02T03:43:24.1431674Z       type: 'test'
check (22.19.0)	Run suite without the large boundary fixture	2026-10-02T03:43:24.1431988Z       ...
check (22.19.0)	Run suite without the large boundary fixture	2026-10-02T03:43:24.1432603Z     # Subtest: verify rejects an uncompressed P-256 did:key with a valid signature
check (22.19.0)	Run suite without the large boundary fixture	2026-10-02T03:43:24.1433517Z     ok 63 - verify rejects an uncompressed P-256 did:key with a valid signature
check (22.19.0)	Run suite without the large boundary fixture	2026-10-02T03:43:24.1434101Z       ---
check (22.19.0)	Run suite without the large boundary fixture	2026-10-02T03:43:24.1434390Z       duration_ms: 0.048042
check (22.19.0)	Run suite without the large boundary fixture	2026-10-02T03:43:24.1434736Z       type: 'test'
check (22.19.0)	Run suite without the large boundary fixture	2026-10-02T03:43:24.1435027Z       ...
check (22.19.0)	Run suite without the large boundary fixture	2026-10-02T03:43:24.1435548Z     # Subtest: verify rejects a valid entry proof for a foreign sequencer
check (22.19.0)	Run suite without the large boundary fixture	2026-10-02T03:43:24.1436358Z     ok 64 - verify rejects a valid entry proof for a foreign sequencer
check (22.19.0)	Run suite without the large boundary fixture	2026-10-02T03:43:24.1436922Z       ---
check (22.19.0)	Run suite without the large boundary fixture	2026-10-02T03:43:24.1437230Z       duration_ms: 0.051847
check (22.19.0)	Run suite without the large boundary fixture	2026-10-02T03:43:24.1437590Z       type: 'test'
check (22.19.0)	Run suite without the large boundary fixture	2026-10-02T03:43:24.1437897Z       ...
check (22.19.0)	Run suite without the large boundary fixture	2026-10-02T03:43:24.1438393Z     # Subtest: verify rejects a valid entry proof for a foreign app
check (22.19.0)	Run suite without the large boundary fixture	2026-10-02T03:43:24.1440398Z     ok 65 - verify rejects a valid entry proof for a foreign app
check (22.19.0)	Run suite without the large boundary fixture	2026-10-02T03:43:24.1440957Z       ---
check (22.19.0)	Run suite without the large boundary fixture	2026-10-02T03:43:24.1441263Z       duration_ms: 0.06054
check (22.19.0)	Run suite without the large boundary fixture	2026-10-02T03:43:24.1441623Z       type: 'test'
check (22.19.0)	Run suite without the large boundary fixture	2026-10-02T03:43:24.1441940Z       ...
check (22.19.0)	Run suite without the large boundary fixture	2026-10-02T03:43:24.1442504Z     # Subtest: verify rejects a valid entry proof for a foreign genesis
check (22.19.0)	Run suite without the large boundary fixture	2026-10-02T03:43:24.1443311Z     ok 66 - verify rejects a valid entry proof for a foreign genesis
check (22.19.0)	Run suite without the large boundary fixture	2026-10-02T03:43:24.1443919Z       ---
check (22.19.0)	Run suite without the large boundary fixture	2026-10-02T03:43:24.1444222Z       duration_ms: 0.072307
check (22.19.0)	Run suite without the large boundary fixture	2026-10-02T03:43:24.1444589Z       type: 'test'
check (22.19.0)	Run suite without the large boundary fixture	2026-10-02T03:43:24.1444935Z       ...
check (22.19.0)	Run suite without the large boundary fixture	2026-10-02T03:43:24.1445372Z     # Subtest: head targeting a foreign app is rejected
check (22.19.0)	Run suite without the large boundary fixture	2026-10-02T03:43:24.1445984Z     ok 67 - head targeting a foreign app is rejected
check (22.19.0)	Run suite without the large boundary fixture	2026-10-02T03:43:24.1446458Z       ---
check (22.19.0)	Run suite without the large boundary fixture	2026-10-02T03:43:24.1446770Z       duration_ms: 0.064796
check (22.19.0)	Run suite without the large boundary fixture	2026-10-02T03:43:24.1447143Z       type: 'test'
check (22.19.0)	Run suite without the large boundary fixture	2026-10-02T03:43:24.1447457Z       ...
check (22.19.0)	Run suite without the large boundary fixture	2026-10-02T03:43:24.1447910Z     # Subtest: head targeting a foreign genesis is rejected
check (22.19.0)	Run suite without the large boundary fixture	2026-10-02T03:43:24.1448559Z     ok 68 - head targeting a foreign genesis is rejected
check (22.19.0)	Run suite without the large boundary fixture	2026-10-02T03:43:24.1449349Z       ---
check (22.19.0)	Run suite without the large boundary fixture	2026-10-02T03:43:24.1449635Z       duration_ms: 0.072387
check (22.19.0)	Run suite without the large boundary fixture	2026-10-02T03:43:24.1449925Z       type: 'test'
check (22.19.0)	Run suite without the large boundary fixture	2026-10-02T03:43:24.1450163Z       ...
check (22.19.0)	Run suite without the large boundary fixture	2026-10-02T03:43:24.1450561Z     # Subtest: history follows signed positions, not arrival order
check (22.19.0)	Run suite without the large boundary fixture	2026-10-02T03:43:24.1451123Z     ok 69 - history follows signed positions, not arrival order
check (22.19.0)	Run suite without the large boundary fixture	2026-10-02T03:43:24.1451536Z       ---
check (22.19.0)	Run suite without the large boundary fixture	2026-10-02T03:43:24.1451781Z       duration_ms: 0.06124
check (22.19.0)	Run suite without the large boundary fixture	2026-10-02T03:43:24.1452071Z       type: 'test'
check (22.19.0)	Run suite without the large boundary fixture	2026-10-02T03:43:24.1452339Z       ...
check (22.19.0)	Run suite without the large boundary fixture	2026-10-02T03:43:24.1452690Z     # Subtest: empty genesis prefix
check (22.19.0)	Run suite without the large boundary fixture	2026-10-02T03:43:24.1453364Z     ok 70 - empty genesis prefix
check (22.19.0)	Run suite without the large boundary fixture	2026-10-02T03:43:24.1453748Z       ---
check (22.19.0)	Run suite without the large boundary fixture	2026-10-02T03:43:24.1454064Z       duration_ms: 0.064285
check (22.19.0)	Run suite without the large boundary fixture	2026-10-02T03:43:24.1454441Z       type: 'test'
check (22.19.0)	Run suite without the large boundary fixture	2026-10-02T03:43:24.1454742Z       ...
check (22.19.0)	Run suite without the large boundary fixture	2026-10-02T03:43:24.1455149Z     # Subtest: missing history cannot appear current
check (22.19.0)	Run suite without the large boundary fixture	2026-10-02T03:43:24.1455747Z     ok 71 - missing history cannot appear current
check (22.19.0)	Run suite without the large boundary fixture	2026-10-02T03:43:24.1456195Z       ---
check (22.19.0)	Run suite without the large boundary fixture	2026-10-02T03:43:24.1456487Z       duration_ms: 0.059228
check (22.19.0)	Run suite without the large boundary fixture	2026-10-02T03:43:24.1456842Z       type: 'test'
check (22.19.0)	Run suite without the large boundary fixture	2026-10-02T03:43:24.1457149Z       ...
check (22.19.0)	Run suite without the large boundary fixture	2026-10-02T03:43:24.1457514Z     # Subtest: duplicate positions rejected
check (22.19.0)	Run suite without the large boundary fixture	2026-10-02T03:43:24.1458024Z     ok 72 - duplicate positions rejected
check (22.19.0)	Run suite without the large boundary fixture	2026-10-02T03:43:24.1458486Z       ---
check (22.19.0)	Run suite without the large boundary fixture	2026-10-02T03:43:24.1459028Z       duration_ms: 0.062322
check (22.19.0)	Run suite without the large boundary fixture	2026-10-02T03:43:24.1459388Z       type: 'test'
check (22.19.0)	Run suite without the large boundary fixture	2026-10-02T03:43:24.1460010Z       ...
check (22.19.0)	Run suite without the large boundary fixture	2026-10-02T03:43:24.1460528Z     # Subtest: altered predecessor invalidates proof
check (22.19.0)	Run suite without the large boundary fixture	2026-10-02T03:43:24.1461133Z     ok 73 - altered predecessor invalidates proof
check (22.19.0)	Run suite without the large boundary fixture	2026-10-02T03:43:24.1461808Z       ---
check (22.19.0)	Run suite without the large boundary fixture	2026-10-02T03:43:24.1462230Z       duration_ms: 0.057175
check (22.19.0)	Run suite without the large boundary fixture	2026-10-02T03:43:24.1462648Z       type: 'test'
check (22.19.0)	Run suite without the large boundary fixture	2026-10-02T03:43:24.1462977Z       ...
check (22.19.0)	Run suite without the large boundary fixture	2026-10-02T03:43:24.1463502Z     # Subtest: valid signature on wrong predecessor still rejected
check (22.19.0)	Run suite without the large boundary fixture	2026-10-02T03:43:24.1464486Z     ok 74 - valid signature on wrong predecessor still rejected
check (22.19.0)	Run suite without the large boundary fixture	2026-10-02T03:43:24.1465010Z       ---
check (22.19.0)	Run suite without the large boundary fixture	2026-10-02T03:43:24.1465363Z       duration_ms: 0.140809
check (22.19.0)	Run suite without the large boundary fixture	2026-10-02T03:43:24.1465748Z       type: 'test'
check (22.19.0)	Run suite without the large boundary fixture	2026-10-02T03:43:24.1466109Z       ...
check (22.19.0)	Run suite without the large boundary fixture	2026-10-02T03:43:24.1466647Z     # Subtest: valid signature on skipped position still rejected
check (22.19.0)	Run suite without the large boundary fixture	2026-10-02T03:43:24.1467430Z     ok 75 - valid signature on skipped position still rejected
check (22.19.0)	Run suite without the large boundary fixture	2026-10-02T03:43:24.1467976Z       ---
check (22.19.0)	Run suite without the large boundary fixture	2026-10-02T03:43:24.1468319Z       duration_ms: 0.112006
check (22.19.0)	Run suite without the large boundary fixture	2026-10-02T03:43:24.1468855Z       type: 'test'
check (22.19.0)	Run suite without the large boundary fixture	2026-10-02T03:43:24.1469184Z       ...
check (22.19.0)	Run suite without the large boundary fixture	2026-10-02T03:43:24.1469589Z     # Subtest: altered chosen head rejected
check (22.19.0)	Run suite without the large boundary fixture	2026-10-02T03:43:24.1470147Z     ok 76 - altered chosen head rejected
check (22.19.0)	Run suite without the large boundary fixture	2026-10-02T03:43:24.1470611Z       ---
check (22.19.0)	Run suite without the large boundary fixture	2026-10-02T03:43:24.1470934Z       duration_ms: 0.063945
check (22.19.0)	Run suite without the large boundary fixture	2026-10-02T03:43:24.1471334Z       type: 'test'
check (22.19.0)	Run suite without the large boundary fixture	2026-10-02T03:43:24.1471663Z       ...
check (22.19.0)	Run suite without the large boundary fixture	2026-10-02T03:43:24.1472083Z     # Subtest: position zero is genesis only
check (22.19.0)	Run suite without the large boundary fixture	2026-10-02T03:43:24.1472639Z     ok 77 - position zero is genesis only
check (22.19.0)	Run suite without the large boundary fixture	2026-10-02T03:43:24.1473117Z       ---
check (22.19.0)	Run suite without the large boundary fixture	2026-10-02T03:43:24.1473431Z       duration_ms: 0.064485
check (22.19.0)	Run suite without the large boundary fixture	2026-10-02T03:43:24.1473812Z       type: 'test'
check (22.19.0)	Run suite without the large boundary fixture	2026-10-02T03:43:24.1474142Z       ...
check (22.19.0)	Run suite without the large boundary fixture	2026-10-02T03:43:24.1474635Z     # Subtest: entry keys have fixed width and safe bounds
check (22.19.0)	Run suite without the large boundary fixture	2026-10-02T03:43:24.1475332Z     ok 78 - entry keys have fixed width and safe bounds
check (22.19.0)	Run suite without the large boundary fixture	2026-10-02T03:43:24.1475858Z       ---
check (22.19.0)	Run suite without the large boundary fixture	2026-10-02T03:43:24.1476191Z       duration_ms: 0.059108
check (22.19.0)	Run suite without the large boundary fixture	2026-10-02T03:43:24.1476596Z       type: 'test'
check (22.19.0)	Run suite without the large boundary fixture	2026-10-02T03:43:24.1476943Z       ...
check (22.19.0)	Run suite without the large boundary fixture	2026-10-02T03:43:24.1477525Z     # Subtest: conflicting content under retained nonce is rejected
check (22.19.0)	Run suite without the large boundary fixture	2026-10-02T03:43:24.1478296Z     ok 79 - conflicting content under retained nonce is rejected
check (22.19.0)	Run suite without the large boundary fixture	2026-10-02T03:43:24.1480787Z       ---
check (22.19.0)	Run suite without the large boundary fixture	2026-10-02T03:43:24.1481116Z       duration_ms: 0.050345
check (22.19.0)	Run suite without the large boundary fixture	2026-10-02T03:43:24.1481484Z       type: 'test'
check (22.19.0)	Run suite without the large boundary fixture	2026-10-02T03:43:24.1481802Z       ...
check (22.19.0)	Run suite without the large boundary fixture	2026-10-02T03:43:24.1482192Z     # Subtest: same retry identity cannot be recorded twice
check (22.19.0)	Run suite without the large boundary fixture	2026-10-02T03:43:24.1482742Z     ok 80 - same retry identity cannot be recorded twice
check (22.19.0)	Run suite without the large boundary fixture	2026-10-02T03:43:24.1483132Z       ---
check (22.19.0)	Run suite without the large boundary fixture	2026-10-02T03:43:24.1483421Z       duration_ms: 0.048061
check (22.19.0)	Run suite without the large boundary fixture	2026-10-02T03:43:24.1483741Z       type: 'test'
check (22.19.0)	Run suite without the large boundary fixture	2026-10-02T03:43:24.1484001Z       ...
check (22.19.0)	Run suite without the large boundary fixture	2026-10-02T03:43:24.1484342Z     # Subtest: nonce exact width
check (22.19.0)	Run suite without the large boundary fixture	2026-10-02T03:43:24.1484756Z     ok 81 - nonce exact width
check (22.19.0)	Run suite without the large boundary fixture	2026-10-02T03:43:24.1485137Z       ---
check (22.19.0)	Run suite without the large boundary fixture	2026-10-02T03:43:24.1485444Z       duration_ms: 0.051437
check (22.19.0)	Run suite without the large boundary fixture	2026-10-02T03:43:24.1485811Z       type: 'test'
check (22.19.0)	Run suite without the large boundary fixture	2026-10-02T03:43:24.1486122Z       ...
check (22.19.0)	Run suite without the large boundary fixture	2026-10-02T03:43:24.1486474Z     # Subtest: signature exact width
check (22.19.0)	Run suite without the large boundary fixture	2026-10-02T03:43:24.1486939Z     ok 82 - signature exact width
check (22.19.0)	Run suite without the large boundary fixture	2026-10-02T03:43:24.1487328Z       ---
check (22.19.0)	Run suite without the large boundary fixture	2026-10-02T03:43:24.1487629Z       duration_ms: 0.076022
check (22.19.0)	Run suite without the large boundary fixture	2026-10-02T03:43:24.1502523Z       type: 'test'
check (22.19.0)	Run suite without the large boundary fixture	2026-10-02T03:43:24.1502894Z       ...
check (22.19.0)	Run suite without the large boundary fixture	2026-10-02T03:43:24.1503398Z     # Subtest: action payload exact JSON byte boundary
check (22.19.0)	Run suite without the large boundary fixture	2026-10-02T03:43:24.1503976Z     ok 83 - action payload exact JSON byte boundary
check (22.19.0)	Run suite without the large boundary fixture	2026-10-02T03:43:24.1504412Z       ---
check (22.19.0)	Run suite without the large boundary fixture	2026-10-02T03:43:24.1504701Z       duration_ms: 0.061472
check (22.19.0)	Run suite without the large boundary fixture	2026-10-02T03:43:24.1505030Z       type: 'test'
check (22.19.0)	Run suite without the large boundary fixture	2026-10-02T03:43:24.1505335Z       ...
check (22.19.0)	Run suite without the large boundary fixture	2026-10-02T03:43:24.1505853Z     # Subtest: framework validation retains unknown action content
check (22.19.0)	Run suite without the large boundary fixture	2026-10-02T03:43:24.1506574Z     ok 84 - framework validation retains unknown action content
check (22.19.0)	Run suite without the large boundary fixture	2026-10-02T03:43:24.1507035Z       ---
check (22.19.0)	Run suite without the large boundary fixture	2026-10-02T03:43:24.1507310Z       duration_ms: 0.3707
check (22.19.0)	Run suite without the large boundary fixture	2026-10-02T03:43:24.1507895Z       type: 'test'
check (22.19.0)	Run suite without the large boundary fixture	2026-10-02T03:43:24.1508180Z       ...
check (22.19.0)	Run suite without the large boundary fixture	2026-10-02T03:43:24.1508628Z     # Subtest: fixed XRPC schemas load and validate through Lexicon
check (22.19.0)	Run suite without the large boundary fixture	2026-10-02T03:43:24.1509449Z     ok 85 - fixed XRPC schemas load and validate through Lexicon
check (22.19.0)	Run suite without the large boundary fixture	2026-10-02T03:43:24.1509957Z       ---
check (22.19.0)	Run suite without the large boundary fixture	2026-10-02T03:43:24.1510259Z       duration_ms: 0.077045
check (22.19.0)	Run suite without the large boundary fixture	2026-10-02T03:43:24.1510629Z       type: 'test'
check (22.19.0)	Run suite without the large boundary fixture	2026-10-02T03:43:24.1511158Z       ...
check (22.19.0)	Run suite without the large boundary fixture	2026-10-02T03:43:24.1511874Z # ^[[33m[plugin builtin:vite-reporter] 
check (22.19.0)	Run suite without the large boundary fixture	2026-10-02T03:43:24.1512612Z # (!) Some chunks are larger than 500 kB after minification. Consider:
check (22.19.0)	Run suite without the large boundary fixture	2026-10-02T03:43:24.1513323Z # - Using dynamic import() to code-split the application
check (22.19.0)	Run suite without the large boundary fixture	2026-10-02T03:43:24.1514491Z # - Use build.rolldownOptions.output.codeSplitting to improve chunking: https://rolldown.rs/reference/OutputOptions.codeSplitting
check (22.19.0)	Run suite without the large boundary fixture	2026-10-02T03:43:24.1515813Z # - Adjust chunk size limit for this warning via build.chunkSizeWarningLimit.^[[39m
check (22.19.0)	Run suite without the large boundary fixture	2026-10-02T03:43:24.1516403Z     1..85
check (22.19.0)	Run suite without the large boundary fixture	2026-10-02T03:43:24.1516943Z ok 65 - protocol vectors and rejection corpus agree in Node and Chromium
check (22.19.0)	Run suite without the large boundary fixture	2026-10-02T03:43:24.1517487Z   ---
check (22.19.0)	Run suite without the large boundary fixture	2026-10-02T03:43:24.1517790Z   duration_ms: 2407.707284
check (22.19.0)	Run suite without the large boundary fixture	2026-10-02T03:43:24.1518161Z   type: 'test'
check (22.19.0)	Run suite without the large boundary fixture	2026-10-02T03:43:24.1518463Z   ...
check (22.19.0)	Run suite without the large boundary fixture	2026-10-02T03:43:27.2888622Z # Subtest: application interpretation agrees in Node and a Chromium worker
check (22.19.0)	Run suite without the large boundary fixture	2026-10-02T03:43:27.2894785Z     # Subtest: CAR round trip owns exact source bytes
check (22.19.0)	Run suite without the large boundary fixture	2026-10-02T03:43:27.2898570Z     ok 1 - CAR round trip owns exact source bytes
check (22.19.0)	Run suite without the large boundary fixture	2026-10-02T03:43:27.2908160Z       ---
check (22.19.0)	Run suite without the large boundary fixture	2026-10-02T03:43:27.2917880Z       duration_ms: 1.036428
check (22.19.0)	Run suite without the large boundary fixture	2026-10-02T03:43:27.2999435Z       type: 'test'
check (22.19.0)	Run suite without the large boundary fixture	2026-10-02T03:43:27.3021126Z       ...
check (22.19.0)	Run suite without the large boundary fixture	2026-10-02T03:43:27.3070044Z     # Subtest: two unrelated definitions resolve schemas and retained views
check (22.19.0)	Run suite without the large boundary fixture	2026-10-02T03:43:27.3071275Z     ok 2 - two unrelated definitions resolve schemas and retained views
check (22.19.0)	Run suite without the large boundary fixture	2026-10-02T03:43:27.3072072Z       ---
check (22.19.0)	Run suite without the large boundary fixture	2026-10-02T03:43:27.3072580Z       duration_ms: 0.130724
check (22.19.0)	Run suite without the large boundary fixture	2026-10-02T03:43:27.3073184Z       type: 'test'
check (22.19.0)	Run suite without the large boundary fixture	2026-10-02T03:43:27.3073677Z       ...
check (22.19.0)	Run suite without the large boundary fixture	2026-10-02T03:43:27.3074363Z     # Subtest: initial state comes only from the pinned definition
check (22.19.0)	Run suite without the large boundary fixture	2026-10-02T03:43:27.3075271Z     ok 3 - initial state comes only from the pinned definition
check (22.19.0)	Run suite without the large boundary fixture	2026-10-02T03:43:27.3075943Z       ---
check (22.19.0)	Run suite without the large boundary fixture	2026-10-02T03:43:27.3076412Z       duration_ms: 0.14125
check (22.19.0)	Run suite without the large boundary fixture	2026-10-02T03:43:27.3076953Z       type: 'test'
check (22.19.0)	Run suite without the large boundary fixture	2026-10-02T03:43:27.3077450Z       ...
check (22.19.0)	Run suite without the large boundary fixture	2026-10-02T03:43:27.3078114Z     # Subtest: fold and query match independently specified values
check (22.19.0)	Run suite without the large boundary fixture	2026-10-02T03:43:27.3079177Z     ok 4 - fold and query match independently specified values
check (22.19.0)	Run suite without the large boundary fixture	2026-10-02T03:43:27.3079869Z       ---
check (22.19.0)	Run suite without the large boundary fixture	2026-10-02T03:43:27.3080339Z       duration_ms: 0.183522
check (22.19.0)	Run suite without the large boundary fixture	2026-10-02T03:43:27.3080890Z       type: 'test'
check (22.19.0)	Run suite without the large boundary fixture	2026-10-02T03:43:27.3081378Z       ...
check (22.19.0)	Run suite without the large boundary fixture	2026-10-02T03:43:27.3082034Z     # Subtest: rainfall summary covers the maximum valid aggregate
check (22.19.0)	Run suite without the large boundary fixture	2026-10-02T03:43:27.3082941Z     ok 5 - rainfall summary covers the maximum valid aggregate
check (22.19.0)	Run suite without the large boundary fixture	2026-10-02T03:43:27.3083665Z       ---
check (22.19.0)	Run suite without the large boundary fixture	2026-10-02T03:43:27.3084157Z       duration_ms: 0.106008
check (22.19.0)	Run suite without the large boundary fixture	2026-10-02T03:43:27.3084698Z       type: 'test'
check (22.19.0)	Run suite without the large boundary fixture	2026-10-02T03:43:27.3085190Z       ...
check (22.19.0)	Run suite without the large boundary fixture	2026-10-02T03:43:27.3085816Z     # Subtest: malformed domain input is retained ineffective
check (22.19.0)	Run suite without the large boundary fixture	2026-10-02T03:43:27.3086681Z     ok 6 - malformed domain input is retained ineffective
check (22.19.0)	Run suite without the large boundary fixture	2026-10-02T03:43:27.3087345Z       ---
check (22.19.0)	Run suite without the large boundary fixture	2026-10-02T03:43:27.3087841Z       duration_ms: 0.103804
check (22.19.0)	Run suite without the large boundary fixture	2026-10-02T03:43:27.3088372Z       type: 'test'
check (22.19.0)	Run suite without the large boundary fixture	2026-10-02T03:43:27.3089041Z       ...
check (22.19.0)	Run suite without the large boundary fixture	2026-10-02T03:43:27.3089650Z     # Subtest: unknown action is retained ineffective
check (22.19.0)	Run suite without the large boundary fixture	2026-10-02T03:43:27.3090428Z     ok 7 - unknown action is retained ineffective
check (22.19.0)	Run suite without the large boundary fixture	2026-10-02T03:43:27.3091049Z       ---
check (22.19.0)	Run suite without the large boundary fixture	2026-10-02T03:43:27.3091532Z       duration_ms: 0.118075
check (22.19.0)	Run suite without the large boundary fixture	2026-10-02T03:43:27.3092078Z       type: 'test'
check (22.19.0)	Run suite without the large boundary fixture	2026-10-02T03:43:27.3092555Z       ...
check (22.19.0)	Run suite without the large boundary fixture	2026-10-02T03:43:27.3093183Z     # Subtest: old definition intent is retained ineffective
check (22.19.0)	Run suite without the large boundary fixture	2026-10-02T03:43:27.3094048Z     ok 8 - old definition intent is retained ineffective
check (22.19.0)	Run suite without the large boundary fixture	2026-10-02T03:43:27.3095192Z       ---
check (22.19.0)	Run suite without the large boundary fixture	2026-10-02T03:43:27.3095681Z       duration_ms: 0.18844
check (22.19.0)	Run suite without the large boundary fixture	2026-10-02T03:43:27.3096218Z       type: 'test'
check (22.19.0)	Run suite without the large boundary fixture	2026-10-02T03:43:27.3096704Z       ...
check (22.19.0)	Run suite without the large boundary fixture	2026-10-02T03:43:27.3097331Z     # Subtest: domain refusal preserves complete prior state
check (22.19.0)	Run suite without the large boundary fixture	2026-10-02T03:43:27.3098190Z     ok 9 - domain refusal preserves complete prior state
check (22.19.0)	Run suite without the large boundary fixture	2026-10-02T03:43:27.3099398Z       ---
check (22.19.0)	Run suite without the large boundary fixture	2026-10-02T03:43:27.3099939Z       duration_ms: 0.280657
check (22.19.0)	Run suite without the large boundary fixture	2026-10-02T03:43:27.3100512Z       type: 'test'
check (22.19.0)	Run suite without the large boundary fixture	2026-10-02T03:43:27.3101009Z       ...
check (22.19.0)	Run suite without the large boundary fixture	2026-10-02T03:43:27.3101747Z     # Subtest: restarting and replaying reproduces state outcomes and frontier
check (22.19.0)	Run suite without the large boundary fixture	2026-10-02T03:43:27.3102802Z     ok 10 - restarting and replaying reproduces state outcomes and frontier
check (22.19.0)	Run suite without the large boundary fixture	2026-10-02T03:43:27.3103583Z       ---
check (22.19.0)	Run suite without the large boundary fixture	2026-10-02T03:43:27.3104057Z       duration_ms: 0.11397
check (22.19.0)	Run suite without the large boundary fixture	2026-10-02T03:43:27.3104581Z       type: 'test'
check (22.19.0)	Run suite without the large boundary fixture	2026-10-02T03:43:27.3105078Z       ...
check (22.19.0)	Run suite without the large boundary fixture	2026-10-02T03:43:27.3105820Z     # Subtest: failed persistence advances neither state outcomes nor frontier
check (22.19.0)	Run suite without the large boundary fixture	2026-10-02T03:43:27.3106930Z     ok 11 - failed persistence advances neither state outcomes nor frontier
check (22.19.0)	Run suite without the large boundary fixture	2026-10-02T03:43:27.3107692Z       ---
check (22.19.0)	Run suite without the large boundary fixture	2026-10-02T03:43:27.3108186Z       duration_ms: 0.056684
check (22.19.0)	Run suite without the large boundary fixture	2026-10-02T03:43:27.3108959Z       type: 'test'
check (22.19.0)	Run suite without the large boundary fixture	2026-10-02T03:43:27.3109492Z       ...
check (22.19.0)	Run suite without the large boundary fixture	2026-10-02T03:43:27.3110330Z     # Subtest: runtime faults pause without producing a replicated outcome and can resume
check (22.19.0)	Run suite without the large boundary fixture	2026-10-02T03:43:27.3111602Z     ok 12 - runtime faults pause without producing a replicated outcome and can resume
check (22.19.0)	Run suite without the large boundary fixture	2026-10-02T03:43:27.3112460Z       ---
check (22.19.0)	Run suite without the large boundary fixture	2026-10-02T03:43:27.3112926Z       duration_ms: 0.046099
check (22.19.0)	Run suite without the large boundary fixture	2026-10-02T03:43:27.3113460Z       type: 'test'
check (22.19.0)	Run suite without the large boundary fixture	2026-10-02T03:43:27.3113931Z       ...
check (22.19.0)	Run suite without the large boundary fixture	2026-10-02T03:43:27.3114718Z     # Subtest: activation validation host faults pause and resume to the healthy replica
check (22.19.0)	Run suite without the large boundary fixture	2026-10-02T03:43:27.3116013Z     ok 13 - activation validation host faults pause and resume to the healthy replica
check (22.19.0)	Run suite without the large boundary fixture	2026-10-02T03:43:27.3116864Z       ---
check (22.19.0)	Run suite without the large boundary fixture	2026-10-02T03:43:27.3117332Z       duration_ms: 0.0402
check (22.19.0)	Run suite without the large boundary fixture	2026-10-02T03:43:27.3117866Z       type: 'test'
check (22.19.0)	Run suite without the large boundary fixture	2026-10-02T03:43:27.3118339Z       ...
check (22.19.0)	Run suite without the large boundary fixture	2026-10-02T03:43:27.3119476Z     # Subtest: parser TypeError and RangeError faults pause folds and activations, then resume identically
check (22.19.0)	Run suite without the large boundary fixture	2026-10-02T03:43:27.3120944Z     ok 14 - parser TypeError and RangeError faults pause folds and activations, then resume identically
check (22.19.0)	Run suite without the large boundary fixture	2026-10-02T03:43:27.3121887Z       ---
check (22.19.0)	Run suite without the large boundary fixture	2026-10-02T03:43:27.3122367Z       duration_ms: 0.038277
check (22.19.0)	Run suite without the large boundary fixture	2026-10-02T03:43:27.3122903Z       type: 'test'
check (22.19.0)	Run suite without the large boundary fixture	2026-10-02T03:43:27.3123382Z       ...
check (22.19.0)	Run suite without the large boundary fixture	2026-10-02T03:43:27.3124087Z     # Subtest: malformed schema and view shapes cannot freeze activation
check (22.19.0)	Run suite without the large boundary fixture	2026-10-02T03:43:27.3125061Z     ok 15 - malformed schema and view shapes cannot freeze activation
check (22.19.0)	Run suite without the large boundary fixture	2026-10-02T03:43:27.3125780Z       ---
check (22.19.0)	Run suite without the large boundary fixture	2026-10-02T03:43:27.3126262Z       duration_ms: 0.036764
check (22.19.0)	Run suite without the large boundary fixture	2026-10-02T03:43:27.3126791Z       type: 'test'
check (22.19.0)	Run suite without the large boundary fixture	2026-10-02T03:43:27.3127291Z       ...
check (22.19.0)	Run suite without the large boundary fixture	2026-10-02T03:43:27.3127984Z     # Subtest: malformed UTF-8 source has a deterministic loader code
check (22.19.0)	Run suite without the large boundary fixture	2026-10-02T03:43:27.3129122Z     ok 16 - malformed UTF-8 source has a deterministic loader code
check (22.19.0)	Run suite without the large boundary fixture	2026-10-02T03:43:27.3129856Z       ---
check (22.19.0)	Run suite without the large boundary fixture	2026-10-02T03:43:27.3130341Z       duration_ms: 0.038027
check (22.19.0)	Run suite without the large boundary fixture	2026-10-02T03:43:27.3130879Z       type: 'test'
check (22.19.0)	Run suite without the large boundary fixture	2026-10-02T03:43:27.3131355Z       ...
check (22.19.0)	Run suite without the large boundary fixture	2026-10-02T03:43:27.3132036Z     # Subtest: reader size claims require independently verified bytes
check (22.19.0)	Run suite without the large boundary fixture	2026-10-02T03:43:27.3133012Z     ok 17 - reader size claims require independently verified bytes
check (22.19.0)	Run suite without the large boundary fixture	2026-10-02T03:43:27.3133721Z       ---
check (22.19.0)	Run suite without the large boundary fixture	2026-10-02T03:43:27.3134167Z       duration_ms: 0.046369
check (22.19.0)	Run suite without the large boundary fixture	2026-10-02T03:43:27.3134677Z       type: 'test'
check (22.19.0)	Run suite without the large boundary fixture	2026-10-02T03:43:27.3135129Z       ...
check (22.19.0)	Run suite without the large boundary fixture	2026-10-02T03:43:27.3135974Z     # Subtest: hash-valid oversized activation is ineffective; corrupt bytes pause until restored
check (22.19.0)	Run suite without the large boundary fixture	2026-10-02T03:43:27.3137251Z     ok 18 - hash-valid oversized activation is ineffective; corrupt bytes pause until restored
check (22.19.0)	Run suite without the large boundary fixture	2026-10-02T03:43:27.3138135Z       ---
check (22.19.0)	Run suite without the large boundary fixture	2026-10-02T03:43:27.3139134Z       duration_ms: 0.036374
check (22.19.0)	Run suite without the large boundary fixture	2026-10-02T03:43:27.3139672Z       type: 'test'
check (22.19.0)	Run suite without the large boundary fixture	2026-10-02T03:43:27.3140143Z       ...
check (22.19.0)	Run suite without the large boundary fixture	2026-10-02T03:43:27.3140831Z     # Subtest: query captures its prefix before concurrent catch-up
check (22.19.0)	Run suite without the large boundary fixture	2026-10-02T03:43:27.3141769Z     ok 19 - query captures its prefix before concurrent catch-up
check (22.19.0)	Run suite without the large boundary fixture	2026-10-02T03:43:27.3142467Z       ---
check (22.19.0)	Run suite without the large boundary fixture	2026-10-02T03:43:27.3142943Z       duration_ms: 0.037235
check (22.19.0)	Run suite without the large boundary fixture	2026-10-02T03:43:27.3143694Z       type: 'test'
check (22.19.0)	Run suite without the large boundary fixture	2026-10-02T03:43:27.3144160Z       ...
check (22.19.0)	Run suite without the large boundary fixture	2026-10-02T03:43:27.3145004Z     # Subtest: selective status and exact-position outcomes stay owned across stall and resume
check (22.19.0)	Run suite without the large boundary fixture	2026-10-02T03:43:27.3146257Z     ok 20 - selective status and exact-position outcomes stay owned across stall and resume
check (22.19.0)	Run suite without the large boundary fixture	2026-10-02T03:43:27.3147282Z       ---
check (22.19.0)	Run suite without the large boundary fixture	2026-10-02T03:43:27.3147665Z       duration_ms: 0.03414
check (22.19.0)	Run suite without the large boundary fixture	2026-10-02T03:43:27.3148091Z       type: 'test'
check (22.19.0)	Run suite without the large boundary fixture	2026-10-02T03:43:27.3148429Z       ...
check (22.19.0)	Run suite without the large boundary fixture	2026-10-02T03:43:27.3149347Z     # Subtest: selective query retains its active definition across concurrent activation
check (22.19.0)	Run suite without the large boundary fixture	2026-10-02T03:43:27.3157033Z     ok 21 - selective query retains its active definition across concurrent activation
check (22.19.0)	Run suite without the large boundary fixture	2026-10-02T03:43:27.3157991Z       ---
check (22.19.0)	Run suite without the large boundary fixture	2026-10-02T03:43:27.3158486Z       duration_ms: 0.035663
check (22.19.0)	Run suite without the large boundary fixture	2026-10-02T03:43:27.3159260Z       type: 'test'
check (22.19.0)	Run suite without the large boundary fixture	2026-10-02T03:43:27.3159749Z       ...
check (22.19.0)	Run suite without the large boundary fixture	2026-10-02T03:43:27.3160504Z     # Subtest: bounded many-outcome reads avoid full projection clone work
check (22.19.0)	Run suite without the large boundary fixture	2026-10-02T03:43:27.3161542Z     ok 22 - bounded many-outcome reads avoid full projection clone work
check (22.19.0)	Run suite without the large boundary fixture	2026-10-02T03:43:27.3162327Z       ---
check (22.19.0)	Run suite without the large boundary fixture	2026-10-02T03:43:27.3162812Z       duration_ms: 0.040871
check (22.19.0)	Run suite without the large boundary fixture	2026-10-02T03:43:27.3163359Z       type: 'test'
check (22.19.0)	Run suite without the large boundary fixture	2026-10-02T03:43:27.3163863Z       ...
check (22.19.0)	Run suite without the large boundary fixture	2026-10-02T03:43:27.3164591Z     # Subtest: malformed fold result records framework failure and continues
check (22.19.0)	Run suite without the large boundary fixture	2026-10-02T03:43:27.3165890Z     ok 23 - malformed fold result records framework failure and continues
check (22.19.0)	Run suite without the large boundary fixture	2026-10-02T03:43:27.3166897Z       ---
check (22.19.0)	Run suite without the large boundary fixture	2026-10-02T03:43:27.3167229Z       duration_ms: 0.037436
check (22.19.0)	Run suite without the large boundary fixture	2026-10-02T03:43:27.3167636Z       type: 'test'
check (22.19.0)	Run suite without the large boundary fixture	2026-10-02T03:43:27.3167964Z       ...
check (22.19.0)	Run suite without the large boundary fixture	2026-10-02T03:43:27.3168568Z     # Subtest: invalid successor schema records framework failure and continues
check (22.19.0)	Run suite without the large boundary fixture	2026-10-02T03:43:27.3169678Z     ok 24 - invalid successor schema records framework failure and continues
check (22.19.0)	Run suite without the large boundary fixture	2026-10-02T03:43:27.3170279Z       ---
check (22.19.0)	Run suite without the large boundary fixture	2026-10-02T03:43:27.3170587Z       duration_ms: 0.035873
check (22.19.0)	Run suite without the large boundary fixture	2026-10-02T03:43:27.3189383Z       type: 'test'
check (22.19.0)	Run suite without the large boundary fixture	2026-10-02T03:43:27.3189796Z       ...
check (22.19.0)	Run suite without the large boundary fixture	2026-10-02T03:43:27.3190453Z     # Subtest: ineffective successor state records framework failure and continues
check (22.19.0)	Run suite without the large boundary fixture	2026-10-02T03:43:27.3191437Z     ok 25 - ineffective successor state records framework failure and continues
check (22.19.0)	Run suite without the large boundary fixture	2026-10-02T03:43:27.3192094Z       ---
check (22.19.0)	Run suite without the large boundary fixture	2026-10-02T03:43:27.3192413Z       duration_ms: 0.034611
check (22.19.0)	Run suite without the large boundary fixture	2026-10-02T03:43:27.3192800Z       type: 'test'
check (22.19.0)	Run suite without the large boundary fixture	2026-10-02T03:43:27.3193120Z       ...
check (22.19.0)	Run suite without the large boundary fixture	2026-10-02T03:43:27.3193726Z     # Subtest: noninteger computed state records framework failure and continues
check (22.19.0)	Run suite without the large boundary fixture	2026-10-02T03:43:27.3194689Z     ok 26 - noninteger computed state records framework failure and continues
check (22.19.0)	Run suite without the large boundary fixture	2026-10-02T03:43:27.3195308Z       ---
check (22.19.0)	Run suite without the large boundary fixture	2026-10-02T03:43:27.3195613Z       duration_ms: 0.034371
check (22.19.0)	Run suite without the large boundary fixture	2026-10-02T03:43:27.3195985Z       type: 'test'
check (22.19.0)	Run suite without the large boundary fixture	2026-10-02T03:43:27.3196302Z       ...
check (22.19.0)	Run suite without the large boundary fixture	2026-10-02T03:43:27.3196915Z     # Subtest: the 1001st reading is ineffective and a later valid action clears state
check (22.19.0)	Run suite without the large boundary fixture	2026-10-02T03:43:27.3197859Z     ok 27 - the 1001st reading is ineffective and a later valid action clears state
check (22.19.0)	Run suite without the large boundary fixture	2026-10-02T03:43:27.3198495Z       ---
check (22.19.0)	Run suite without the large boundary fixture	2026-10-02T03:43:27.3198961Z       duration_ms: 0.032227
check (22.19.0)	Run suite without the large boundary fixture	2026-10-02T03:43:27.3199331Z       type: 'test'
check (22.19.0)	Run suite without the large boundary fixture	2026-10-02T03:43:27.3199646Z       ...
check (22.19.0)	Run suite without the large boundary fixture	2026-10-02T03:43:27.3200163Z     # Subtest: copied extra payload bytes cannot freeze interpretation
check (22.19.0)	Run suite without the large boundary fixture	2026-10-02T03:43:27.3200954Z     ok 28 - copied extra payload bytes cannot freeze interpretation
check (22.19.0)	Run suite without the large boundary fixture	2026-10-02T03:43:27.3201519Z       ---
check (22.19.0)	Run suite without the large boundary fixture	2026-10-02T03:43:27.3201826Z       duration_ms: 0.036274
check (22.19.0)	Run suite without the large boundary fixture	2026-10-02T03:43:27.3202193Z       type: 'test'
check (22.19.0)	Run suite without the large boundary fixture	2026-10-02T03:43:27.3202762Z       ...
check (22.19.0)	Run suite without the large boundary fixture	2026-10-02T03:43:27.3203327Z     # Subtest: overlong ineffective message cannot block a later valid entry
check (22.19.0)	Run suite without the large boundary fixture	2026-10-02T03:43:27.3204189Z     ok 29 - overlong ineffective message cannot block a later valid entry
check (22.19.0)	Run suite without the large boundary fixture	2026-10-02T03:43:27.3204773Z       ---
check (22.19.0)	Run suite without the large boundary fixture	2026-10-02T03:43:27.3205083Z       duration_ms: 0.034201
check (22.19.0)	Run suite without the large boundary fixture	2026-10-02T03:43:27.3205444Z       type: 'test'
check (22.19.0)	Run suite without the large boundary fixture	2026-10-02T03:43:27.3205998Z       ...
check (22.19.0)	Run suite without the large boundary fixture	2026-10-02T03:43:27.3206584Z     # Subtest: invalid query output is unavailable at its exact unchanged prefix
check (22.19.0)	Run suite without the large boundary fixture	2026-10-02T03:43:27.3207477Z     ok 30 - invalid query output is unavailable at its exact unchanged prefix
check (22.19.0)	Run suite without the large boundary fixture	2026-10-02T03:43:27.3208076Z       ---
check (22.19.0)	Run suite without the large boundary fixture	2026-10-02T03:43:27.3208379Z       duration_ms: 0.034772
check (22.19.0)	Run suite without the large boundary fixture	2026-10-02T03:43:27.3209059Z       type: 'test'
check (22.19.0)	Run suite without the large boundary fixture	2026-10-02T03:43:27.3209369Z       ...
check (22.19.0)	Run suite without the large boundary fixture	2026-10-02T03:43:27.3209876Z     # Subtest: caller snapshot mutation cannot change the projection
check (22.19.0)	Run suite without the large boundary fixture	2026-10-02T03:43:27.3210633Z     ok 31 - caller snapshot mutation cannot change the projection
check (22.19.0)	Run suite without the large boundary fixture	2026-10-02T03:43:27.3211171Z       ---
check (22.19.0)	Run suite without the large boundary fixture	2026-10-02T03:43:27.3211476Z       duration_ms: 0.034281
check (22.19.0)	Run suite without the large boundary fixture	2026-10-02T03:43:27.3211831Z       type: 'test'
check (22.19.0)	Run suite without the large boundary fixture	2026-10-02T03:43:27.3212136Z       ...
check (22.19.0)	Run suite without the large boundary fixture	2026-10-02T03:43:27.3212578Z     # Subtest: unavailable source pauses definition loading
check (22.19.0)	Run suite without the large boundary fixture	2026-10-02T03:43:27.3213258Z     ok 32 - unavailable source pauses definition loading
check (22.19.0)	Run suite without the large boundary fixture	2026-10-02T03:43:27.3213762Z       ---
check (22.19.0)	Run suite without the large boundary fixture	2026-10-02T03:43:27.3214066Z       duration_ms: 0.043404
check (22.19.0)	Run suite without the large boundary fixture	2026-10-02T03:43:27.3214435Z       type: 'test'
check (22.19.0)	Run suite without the large boundary fixture	2026-10-02T03:43:27.3214745Z       ...
check (22.19.0)	Run suite without the large boundary fixture	2026-10-02T03:43:27.3215150Z     # Subtest: tampered source fails its pinned CID
check (22.19.0)	Run suite without the large boundary fixture	2026-10-02T03:43:27.3215808Z     ok 33 - tampered source fails its pinned CID
check (22.19.0)	Run suite without the large boundary fixture	2026-10-02T03:43:27.3216264Z       ---
check (22.19.0)	Run suite without the large boundary fixture	2026-10-02T03:43:27.3216561Z       duration_ms: 0.035122
check (22.19.0)	Run suite without the large boundary fixture	2026-10-02T03:43:27.3216925Z       type: 'test'
check (22.19.0)	Run suite without the large boundary fixture	2026-10-02T03:43:27.3217228Z       ...
check (22.19.0)	Run suite without the large boundary fixture	2026-10-02T03:43:27.3217660Z     # Subtest: unsupported definition runtime is refused
check (22.19.0)	Run suite without the large boundary fixture	2026-10-02T03:43:27.3218282Z     ok 34 - unsupported definition runtime is refused
check (22.19.0)	Run suite without the large boundary fixture	2026-10-02T03:43:27.3218928Z       ---
check (22.19.0)	Run suite without the large boundary fixture	2026-10-02T03:43:27.3219225Z       duration_ms: 0.034041
check (22.19.0)	Run suite without the large boundary fixture	2026-10-02T03:43:27.3219583Z       type: 'test'
check (22.19.0)	Run suite without the large boundary fixture	2026-10-02T03:43:27.3219890Z       ...
check (22.19.0)	Run suite without the large boundary fixture	2026-10-02T03:43:27.3220492Z     # Subtest: unsupported genesis runtime is refused even with a valid definition
check (22.19.0)	Run suite without the large boundary fixture	2026-10-02T03:43:27.3221436Z     ok 35 - unsupported genesis runtime is refused even with a valid definition
check (22.19.0)	Run suite without the large boundary fixture	2026-10-02T03:43:27.3222070Z       ---
check (22.19.0)	Run suite without the large boundary fixture	2026-10-02T03:43:27.3222371Z       duration_ms: 0.034061
check (22.19.0)	Run suite without the large boundary fixture	2026-10-02T03:43:27.3222734Z       type: 'test'
check (22.19.0)	Run suite without the large boundary fixture	2026-10-02T03:43:27.3223053Z       ...
check (22.19.0)	Run suite without the large boundary fixture	2026-10-02T03:43:27.3223479Z     # Subtest: definition refuses unknown binding field
check (22.19.0)	Run suite without the large boundary fixture	2026-10-02T03:43:27.3224097Z     ok 36 - definition refuses unknown binding field
check (22.19.0)	Run suite without the large boundary fixture	2026-10-02T03:43:27.3224574Z       ---
check (22.19.0)	Run suite without the large boundary fixture	2026-10-02T03:43:27.3224877Z       duration_ms: 0.034642
check (22.19.0)	Run suite without the large boundary fixture	2026-10-02T03:43:27.3225242Z       type: 'test'
check (22.19.0)	Run suite without the large boundary fixture	2026-10-02T03:43:27.3225550Z       ...
check (22.19.0)	Run suite without the large boundary fixture	2026-10-02T03:43:27.3226004Z     # Subtest: definition refuses duplicate action binding
check (22.19.0)	Run suite without the large boundary fixture	2026-10-02T03:43:27.3226644Z     ok 37 - definition refuses duplicate action binding
check (22.19.0)	Run suite without the large boundary fixture	2026-10-02T03:43:27.3227114Z       ---
check (22.19.0)	Run suite without the large boundary fixture	2026-10-02T03:43:27.3227420Z       duration_ms: 0.03392
check (22.19.0)	Run suite without the large boundary fixture	2026-10-02T03:43:27.3227774Z       type: 'test'
check (22.19.0)	Run suite without the large boundary fixture	2026-10-02T03:43:27.3228081Z       ...
check (22.19.0)	Run suite without the large boundary fixture	2026-10-02T03:43:27.3228515Z     # Subtest: definition refuses missing binding schema
check (22.19.0)	Run suite without the large boundary fixture	2026-10-02T03:43:27.3229259Z     ok 38 - definition refuses missing binding schema
check (22.19.0)	Run suite without the large boundary fixture	2026-10-02T03:43:27.3229739Z       ---
check (22.19.0)	Run suite without the large boundary fixture	2026-10-02T03:43:27.3230038Z       duration_ms: 0.033519
check (22.19.0)	Run suite without the large boundary fixture	2026-10-02T03:43:27.3230414Z       type: 'test'
check (22.19.0)	Run suite without the large boundary fixture	2026-10-02T03:43:27.3230719Z       ...
check (22.19.0)	Run suite without the large boundary fixture	2026-10-02T03:43:27.3231137Z     # Subtest: definition refuses missing program file
check (22.19.0)	Run suite without the large boundary fixture	2026-10-02T03:43:27.3231744Z     ok 39 - definition refuses missing program file
check (22.19.0)	Run suite without the large boundary fixture	2026-10-02T03:43:27.3232211Z       ---
check (22.19.0)	Run suite without the large boundary fixture	2026-10-02T03:43:27.3232506Z       duration_ms: 0.034591
check (22.19.0)	Run suite without the large boundary fixture	2026-10-02T03:43:27.3232869Z       type: 'test'
check (22.19.0)	Run suite without the large boundary fixture	2026-10-02T03:43:27.3233170Z       ...
check (22.19.0)	Run suite without the large boundary fixture	2026-10-02T03:43:27.3233807Z     # Subtest: definition refuses escaping source path
check (22.19.0)	Run suite without the large boundary fixture	2026-10-02T03:43:27.3234404Z     ok 40 - definition refuses escaping source path
check (22.19.0)	Run suite without the large boundary fixture	2026-10-02T03:43:27.3234865Z       ---
check (22.19.0)	Run suite without the large boundary fixture	2026-10-02T03:43:27.3235161Z       duration_ms: 0.088922
check (22.19.0)	Run suite without the large boundary fixture	2026-10-02T03:43:27.3235517Z       type: 'test'
check (22.19.0)	Run suite without the large boundary fixture	2026-10-02T03:43:27.3235828Z       ...
check (22.19.0)	Run suite without the large boundary fixture	2026-10-02T03:43:27.3236240Z     # Subtest: definition refuses ambient program
check (22.19.0)	Run suite without the large boundary fixture	2026-10-02T03:43:27.3236973Z     ok 41 - definition refuses ambient program
check (22.19.0)	Run suite without the large boundary fixture	2026-10-02T03:43:27.3237430Z       ---
check (22.19.0)	Run suite without the large boundary fixture	2026-10-02T03:43:27.3237730Z       duration_ms: 0.068031
check (22.19.0)	Run suite without the large boundary fixture	2026-10-02T03:43:27.3238092Z       type: 'test'
check (22.19.0)	Run suite without the large boundary fixture	2026-10-02T03:43:27.3238403Z       ...
check (22.19.0)	Run suite without the large boundary fixture	2026-10-02T03:43:27.3239126Z     # Subtest: definition refuses invalid program syntax
check (22.19.0)	Run suite without the large boundary fixture	2026-10-02T03:43:27.3239754Z     ok 42 - definition refuses invalid program syntax
check (22.19.0)	Run suite without the large boundary fixture	2026-10-02T03:43:27.3240234Z       ---
check (22.19.0)	Run suite without the large boundary fixture	2026-10-02T03:43:27.3240533Z       duration_ms: 0.094551
check (22.19.0)	Run suite without the large boundary fixture	2026-10-02T03:43:27.3240890Z       type: 'test'
check (22.19.0)	Run suite without the large boundary fixture	2026-10-02T03:43:27.3241195Z       ...
check (22.19.0)	Run suite without the large boundary fixture	2026-10-02T03:43:27.3241663Z     # Subtest: definition refuses noninteger program literal
check (22.19.0)	Run suite without the large boundary fixture	2026-10-02T03:43:27.3242332Z     ok 43 - definition refuses noninteger program literal
check (22.19.0)	Run suite without the large boundary fixture	2026-10-02T03:43:27.3242820Z       ---
check (22.19.0)	Run suite without the large boundary fixture	2026-10-02T03:43:27.3243125Z       duration_ms: 0.108951
check (22.19.0)	Run suite without the large boundary fixture	2026-10-02T03:43:27.3243479Z       type: 'test'
check (22.19.0)	Run suite without the large boundary fixture	2026-10-02T03:43:27.3243786Z       ...
check (22.19.0)	Run suite without the large boundary fixture	2026-10-02T03:43:27.3244197Z     # Subtest: definition refuses null initial state
check (22.19.0)	Run suite without the large boundary fixture	2026-10-02T03:43:27.3244781Z     ok 44 - definition refuses null initial state
check (22.19.0)	Run suite without the large boundary fixture	2026-10-02T03:43:27.3245241Z       ---
check (22.19.0)	Run suite without the large boundary fixture	2026-10-02T03:43:27.3245549Z       duration_ms: 0.073419
check (22.19.0)	Run suite without the large boundary fixture	2026-10-02T03:43:27.3245902Z       type: 'test'
check (22.19.0)	Run suite without the large boundary fixture	2026-10-02T03:43:27.3246207Z       ...
check (22.19.0)	Run suite without the large boundary fixture	2026-10-02T03:43:27.3246653Z     # Subtest: definition refuses negative zero initial data
check (22.19.0)	Run suite without the large boundary fixture	2026-10-02T03:43:27.3247310Z     ok 45 - definition refuses negative zero initial data
check (22.19.0)	Run suite without the large boundary fixture	2026-10-02T03:43:27.3247792Z       ---
check (22.19.0)	Run suite without the large boundary fixture	2026-10-02T03:43:27.3248087Z       duration_ms: 0.064596
check (22.19.0)	Run suite without the large boundary fixture	2026-10-02T03:43:27.3248449Z       type: 'test'
check (22.19.0)	Run suite without the large boundary fixture	2026-10-02T03:43:27.3248893Z       ...
check (22.19.0)	Run suite without the large boundary fixture	2026-10-02T03:43:27.3249418Z     # Subtest: source closure and initial state byte limits are enforced
check (22.19.0)	Run suite without the large boundary fixture	2026-10-02T03:43:27.3250213Z     ok 46 - source closure and initial state byte limits are enforced
check (22.19.0)	Run suite without the large boundary fixture	2026-10-02T03:43:27.3250764Z       ---
check (22.19.0)	Run suite without the large boundary fixture	2026-10-02T03:43:27.3251062Z       duration_ms: 0.075532
check (22.19.0)	Run suite without the large boundary fixture	2026-10-02T03:43:27.3251425Z       type: 'test'
check (22.19.0)	Run suite without the large boundary fixture	2026-10-02T03:43:27.3251729Z       ...
check (22.19.0)	Run suite without the large boundary fixture	2026-10-02T03:43:27.3252271Z     # Subtest: exact state and program limits pass and the next byte fails
check (22.19.0)	Run suite without the large boundary fixture	2026-10-02T03:43:27.3253088Z     ok 47 - exact state and program limits pass and the next byte fails
check (22.19.0)	Run suite without the large boundary fixture	2026-10-02T03:43:27.3253660Z       ---
check (22.19.0)	Run suite without the large boundary fixture	2026-10-02T03:43:27.3253962Z       duration_ms: 0.067931
check (22.19.0)	Run suite without the large boundary fixture	2026-10-02T03:43:27.3254301Z       type: 'test'
check (22.19.0)	Run suite without the large boundary fixture	2026-10-02T03:43:27.3254604Z       ...
check (22.19.0)	Run suite without the large boundary fixture	2026-10-02T03:43:27.3255123Z     # Subtest: definition counts the manifest within the 64-file limit
check (22.19.0)	Run suite without the large boundary fixture	2026-10-02T03:43:27.3255889Z     ok 48 - definition counts the manifest within the 64-file limit
check (22.19.0)	Run suite without the large boundary fixture	2026-10-02T03:43:27.3256426Z       ---
check (22.19.0)	Run suite without the large boundary fixture	2026-10-02T03:43:27.3256724Z       duration_ms: 0.062603
check (22.19.0)	Run suite without the large boundary fixture	2026-10-02T03:43:27.3257081Z       type: 'test'
check (22.19.0)	Run suite without the large boundary fixture	2026-10-02T03:43:27.3257407Z       ...
check (22.19.0)	Run suite without the large boundary fixture	2026-10-02T03:43:27.3257887Z     # Subtest: CAR blocks outside the declared closure are refused
check (22.19.0)	Run suite without the large boundary fixture	2026-10-02T03:43:27.3258604Z     ok 49 - CAR blocks outside the declared closure are refused
check (22.19.0)	Run suite without the large boundary fixture	2026-10-02T03:43:27.3259325Z       ---
check (22.19.0)	Run suite without the large boundary fixture	2026-10-02T03:43:27.3259631Z       duration_ms: 0.06726
check (22.19.0)	Run suite without the large boundary fixture	2026-10-02T03:43:27.3260004Z       type: 'test'
check (22.19.0)	Run suite without the large boundary fixture	2026-10-02T03:43:27.3260316Z       ...
check (22.19.0)	Run suite without the large boundary fixture	2026-10-02T03:43:27.3260947Z     # Subtest: work exhaustion records a framework refusal and preserves prior state
check (22.19.0)	Run suite without the large boundary fixture	2026-10-02T03:43:27.3261912Z     ok 50 - work exhaustion records a framework refusal and preserves prior state
check (22.19.0)	Run suite without the large boundary fixture	2026-10-02T03:43:27.3262551Z       ---
check (22.19.0)	Run suite without the large boundary fixture	2026-10-02T03:43:27.3262865Z       duration_ms: 0.062182
check (22.19.0)	Run suite without the large boundary fixture	2026-10-02T03:43:27.3263234Z       type: 'test'
check (22.19.0)	Run suite without the large boundary fixture	2026-10-02T03:43:27.3263541Z       ...
check (22.19.0)	Run suite without the large boundary fixture	2026-10-02T03:43:27.3264036Z     # Subtest: oversized action is refused before interpretation
check (22.19.0)	Run suite without the large boundary fixture	2026-10-02T03:43:27.3265049Z     ok 51 - oversized action is refused before interpretation
check (22.19.0)	Run suite without the large boundary fixture	2026-10-02T03:43:27.3265563Z       ---
check (22.19.0)	Run suite without the large boundary fixture	2026-10-02T03:43:27.3265875Z       duration_ms: 0.075222
check (22.19.0)	Run suite without the large boundary fixture	2026-10-02T03:43:27.3266241Z       type: 'test'
check (22.19.0)	Run suite without the large boundary fixture	2026-10-02T03:43:27.3266552Z       ...
check (22.19.0)	Run suite without the large boundary fixture	2026-10-02T03:43:27.3267142Z     # Subtest: unsupported schema constructs fail while loading the definition
check (22.19.0)	Run suite without the large boundary fixture	2026-10-02T03:43:27.3268056Z     ok 52 - unsupported schema constructs fail while loading the definition
check (22.19.0)	Run suite without the large boundary fixture	2026-10-02T03:43:27.3269182Z       ---
check (22.19.0)	Run suite without the large boundary fixture	2026-10-02T03:43:27.3269497Z       duration_ms: 0.066679
check (22.19.0)	Run suite without the large boundary fixture	2026-10-02T03:43:27.3269876Z       type: 'test'
check (22.19.0)	Run suite without the large boundary fixture	2026-10-02T03:43:27.3270189Z       ...
check (22.19.0)	Run suite without the large boundary fixture	2026-10-02T03:43:27.3270668Z     # Subtest: application registry refuses anchor replacement
check (22.19.0)	Run suite without the large boundary fixture	2026-10-02T03:43:27.3271369Z     ok 53 - application registry refuses anchor replacement
check (22.19.0)	Run suite without the large boundary fixture	2026-10-02T03:43:27.3271882Z       ---
check (22.19.0)	Run suite without the large boundary fixture	2026-10-02T03:43:27.3272189Z       duration_ms: 0.089863
check (22.19.0)	Run suite without the large boundary fixture	2026-10-02T03:43:27.3272562Z       type: 'test'
check (22.19.0)	Run suite without the large boundary fixture	2026-10-02T03:43:27.3272885Z       ...
check (22.19.0)	Run suite without the large boundary fixture	2026-10-02T03:43:27.3273511Z     # Subtest: concurrent anchor replacement cannot persist a conflicting initial state
check (22.19.0)	Run suite without the large boundary fixture	2026-10-02T03:43:27.3274517Z     ok 54 - concurrent anchor replacement cannot persist a conflicting initial state
check (22.19.0)	Run suite without the large boundary fixture	2026-10-02T03:43:27.3275175Z       ---
check (22.19.0)	Run suite without the large boundary fixture	2026-10-02T03:43:27.3275486Z       duration_ms: 0.04032
check (22.19.0)	Run suite without the large boundary fixture	2026-10-02T03:43:27.3275861Z       type: 'test'
check (22.19.0)	Run suite without the large boundary fixture	2026-10-02T03:43:27.3276163Z       ...
check (22.19.0)	Run suite without the large boundary fixture	2026-10-02T03:43:27.3276672Z     # Subtest: 64 sibling object values do not consume nesting depth
check (22.19.0)	Run suite without the large boundary fixture	2026-10-02T03:43:27.3277433Z     ok 55 - 64 sibling object values do not consume nesting depth
check (22.19.0)	Run suite without the large boundary fixture	2026-10-02T03:43:27.3277977Z       ---
check (22.19.0)	Run suite without the large boundary fixture	2026-10-02T03:43:27.3278283Z       duration_ms: 0.034411
check (22.19.0)	Run suite without the large boundary fixture	2026-10-02T03:43:27.3278653Z       type: 'test'
check (22.19.0)	Run suite without the large boundary fixture	2026-10-02T03:43:27.3279265Z       ...
check (22.19.0)	Run suite without the large boundary fixture	2026-10-02T03:43:27.3279741Z     # Subtest: 100 grouped values do not consume nesting depth
check (22.19.0)	Run suite without the large boundary fixture	2026-10-02T03:43:27.3280415Z     ok 56 - 100 grouped values do not consume nesting depth
check (22.19.0)	Run suite without the large boundary fixture	2026-10-02T03:43:27.3280919Z       ---
check (22.19.0)	Run suite without the large boundary fixture	2026-10-02T03:43:27.3281237Z       duration_ms: 0.034441
check (22.19.0)	Run suite without the large boundary fixture	2026-10-02T03:43:27.3281598Z       type: 'test'
check (22.19.0)	Run suite without the large boundary fixture	2026-10-02T03:43:27.3281919Z       ...
check (22.19.0)	Run suite without the large boundary fixture	2026-10-02T03:43:27.3282468Z     # Subtest: intermediate negative zero can be consumed as integer zero
check (22.19.0)	Run suite without the large boundary fixture	2026-10-02T03:43:27.3283307Z     ok 57 - intermediate negative zero can be consumed as integer zero
check (22.19.0)	Run suite without the large boundary fixture	2026-10-02T03:43:27.3283886Z       ---
check (22.19.0)	Run suite without the large boundary fixture	2026-10-02T03:43:27.3284191Z       duration_ms: 0.031737
check (22.19.0)	Run suite without the large boundary fixture	2026-10-02T03:43:27.3284563Z       type: 'test'
check (22.19.0)	Run suite without the large boundary fixture	2026-10-02T03:43:27.3284869Z       ...
check (22.19.0)	Run suite without the large boundary fixture	2026-10-02T03:43:27.3285417Z     # Subtest: negative zero remains invalid at input and output boundaries
check (22.19.0)	Run suite without the large boundary fixture	2026-10-02T03:43:27.3286261Z     ok 58 - negative zero remains invalid at input and output boundaries
check (22.19.0)	Run suite without the large boundary fixture	2026-10-02T03:43:27.3286836Z       ---
check (22.19.0)	Run suite without the large boundary fixture	2026-10-02T03:43:27.3287149Z       duration_ms: 0.031888
check (22.19.0)	Run suite without the large boundary fixture	2026-10-02T03:43:27.3287511Z       type: 'test'
check (22.19.0)	Run suite without the large boundary fixture	2026-10-02T03:43:27.3287822Z       ...
check (22.19.0)	Run suite without the large boundary fixture	2026-10-02T03:43:27.3288360Z     # Subtest: sum checks exact intermediate integers before cancellation
check (22.19.0)	Run suite without the large boundary fixture	2026-10-02T03:43:27.3289377Z     ok 59 - sum checks exact intermediate integers before cancellation
check (22.19.0)	Run suite without the large boundary fixture	2026-10-02T03:43:27.3289946Z       ---
check (22.19.0)	Run suite without the large boundary fixture	2026-10-02T03:43:27.3290257Z       duration_ms: 0.03362
check (22.19.0)	Run suite without the large boundary fixture	2026-10-02T03:43:27.3290618Z       type: 'test'
check (22.19.0)	Run suite without the large boundary fixture	2026-10-02T03:43:27.3290931Z       ...
check (22.19.0)	Run suite without the large boundary fixture	2026-10-02T03:43:27.3291514Z     # Subtest: ineffective messages count Unicode code points and stop at 1024
check (22.19.0)	Run suite without the large boundary fixture	2026-10-02T03:43:27.3292417Z     ok 60 - ineffective messages count Unicode code points and stop at 1024
check (22.19.0)	Run suite without the large boundary fixture	2026-10-02T03:43:27.3293022Z       ---
check (22.19.0)	Run suite without the large boundary fixture	2026-10-02T03:43:27.3293327Z       duration_ms: 0.034631
check (22.19.0)	Run suite without the large boundary fixture	2026-10-02T03:43:27.3293698Z       type: 'test'
check (22.19.0)	Run suite without the large boundary fixture	2026-10-02T03:43:27.3294009Z       ...
check (22.19.0)	Run suite without the large boundary fixture	2026-10-02T03:43:27.3294549Z     # Subtest: conditional integrity adapter matches the running environment
check (22.19.0)	Run suite without the large boundary fixture	2026-10-02T03:43:27.3295411Z     ok 61 - conditional integrity adapter matches the running environment
check (22.19.0)	Run suite without the large boundary fixture	2026-10-02T03:43:27.3296006Z       ---
check (22.19.0)	Run suite without the large boundary fixture	2026-10-02T03:43:27.3296323Z       duration_ms: 0.03341
check (22.19.0)	Run suite without the large boundary fixture	2026-10-02T03:43:27.3296699Z       type: 'test'
check (22.19.0)	Run suite without the large boundary fixture	2026-10-02T03:43:27.3297248Z       ...
check (22.19.0)	Run suite without the large boundary fixture	2026-10-02T03:43:27.3297826Z     # Subtest: unmatched dependency closure fails closed in either environment
check (22.19.0)	Run suite without the large boundary fixture	2026-10-02T03:43:27.3299052Z     ok 62 - unmatched dependency closure fails closed in either environment
check (22.19.0)	Run suite without the large boundary fixture	2026-10-02T03:43:27.3299658Z       ---
check (22.19.0)	Run suite without the large boundary fixture	2026-10-02T03:43:27.3299963Z       duration_ms: 0.031366
check (22.19.0)	Run suite without the large boundary fixture	2026-10-02T03:43:27.3300344Z       type: 'test'
check (22.19.0)	Run suite without the large boundary fixture	2026-10-02T03:43:27.3300820Z       ...
check (22.19.0)	Run suite without the large boundary fixture	2026-10-02T03:43:27.3301352Z     # Subtest: source document taskboard round trip and viewless preview
check (22.19.0)	Run suite without the large boundary fixture	2026-10-02T03:43:27.3302156Z     ok 63 - source document taskboard round trip and viewless preview
check (22.19.0)	Run suite without the large boundary fixture	2026-10-02T03:43:27.3302714Z       ---
check (22.19.0)	Run suite without the large boundary fixture	2026-10-02T03:43:27.3303017Z       duration_ms: 0.06074
check (22.19.0)	Run suite without the large boundary fixture	2026-10-02T03:43:27.3303377Z       type: 'test'
check (22.19.0)	Run suite without the large boundary fixture	2026-10-02T03:43:27.3303688Z       ...
check (22.19.0)	Run suite without the large boundary fixture	2026-10-02T03:43:27.3304188Z     # Subtest: source document guitar round trip and viewless preview
check (22.19.0)	Run suite without the large boundary fixture	2026-10-02T03:43:27.3304941Z     ok 64 - source document guitar round trip and viewless preview
check (22.19.0)	Run suite without the large boundary fixture	2026-10-02T03:43:27.3305493Z       ---
check (22.19.0)	Run suite without the large boundary fixture	2026-10-02T03:43:27.3305797Z       duration_ms: 0.041291
check (22.19.0)	Run suite without the large boundary fixture	2026-10-02T03:43:27.3306158Z       type: 'test'
check (22.19.0)	Run suite without the large boundary fixture	2026-10-02T03:43:27.3306468Z       ...
check (22.19.0)	Run suite without the large boundary fixture	2026-10-02T03:43:27.3306964Z     # Subtest: source document ledger round trip and viewless preview
check (22.19.0)	Run suite without the large boundary fixture	2026-10-02T03:43:27.3307704Z     ok 65 - source document ledger round trip and viewless preview
check (22.19.0)	Run suite without the large boundary fixture	2026-10-02T03:43:27.3308233Z       ---
check (22.19.0)	Run suite without the large boundary fixture	2026-10-02T03:43:27.3308535Z       duration_ms: 0.036965
check (22.19.0)	Run suite without the large boundary fixture	2026-10-02T03:43:27.3309033Z       type: 'test'
check (22.19.0)	Run suite without the large boundary fixture	2026-10-02T03:43:27.3309333Z       ...
check (22.19.0)	Run suite without the large boundary fixture	2026-10-02T03:43:27.3309917Z     # Subtest: source document guitar summary covers the maximum valid aggregate
check (22.19.0)	Run suite without the large boundary fixture	2026-10-02T03:43:27.3310820Z     ok 66 - source document guitar summary covers the maximum valid aggregate
check (22.19.0)	Run suite without the large boundary fixture	2026-10-02T03:43:27.3311422Z       ---
check (22.19.0)	Run suite without the large boundary fixture	2026-10-02T03:43:27.3311729Z       duration_ms: 0.0336
check (22.19.0)	Run suite without the large boundary fixture	2026-10-02T03:43:27.3312103Z       type: 'test'
check (22.19.0)	Run suite without the large boundary fixture	2026-10-02T03:43:27.3312403Z       ...
check (22.19.0)	Run suite without the large boundary fixture	2026-10-02T03:43:27.3312895Z     # Subtest: source document taskboard completes a retained task
check (22.19.0)	Run suite without the large boundary fixture	2026-10-02T03:43:27.3313625Z     ok 67 - source document taskboard completes a retained task
check (22.19.0)	Run suite without the large boundary fixture	2026-10-02T03:43:27.3314146Z       ---
check (22.19.0)	Run suite without the large boundary fixture	2026-10-02T03:43:27.3314456Z       duration_ms: 0.031787
check (22.19.0)	Run suite without the large boundary fixture	2026-10-02T03:43:27.3314819Z       type: 'test'
check (22.19.0)	Run suite without the large boundary fixture	2026-10-02T03:43:27.3315128Z       ...
check (22.19.0)	Run suite without the large boundary fixture	2026-10-02T03:43:27.3315756Z     # Subtest: source documents refuse the historical application v1 profile
check (22.19.0)	Run suite without the large boundary fixture	2026-10-02T03:43:27.3316584Z     ok 68 - source documents refuse the historical application v1 profile
check (22.19.0)	Run suite without the large boundary fixture	2026-10-02T03:43:27.3317158Z       ---
check (22.19.0)	Run suite without the large boundary fixture	2026-10-02T03:43:27.3317461Z       duration_ms: 0.031016
check (22.19.0)	Run suite without the large boundary fixture	2026-10-02T03:43:27.3317838Z       type: 'test'
check (22.19.0)	Run suite without the large boundary fixture	2026-10-02T03:43:27.3318157Z       ...
check (22.19.0)	Run suite without the large boundary fixture	2026-10-02T03:43:27.3319009Z     # Subtest: source document retains exact bytes, aliases, unused files and manifest order
check (22.19.0)	Run suite without the large boundary fixture	2026-10-02T03:43:27.3320049Z     ok 69 - source document retains exact bytes, aliases, unused files and manifest order
check (22.19.0)	Run suite without the large boundary fixture	2026-10-02T03:43:27.3320726Z       ---
check (22.19.0)	Run suite without the large boundary fixture	2026-10-02T03:43:27.3321034Z       duration_ms: 0.030976
check (22.19.0)	Run suite without the large boundary fixture	2026-10-02T03:43:27.3321422Z       type: 'test'
check (22.19.0)	Run suite without the large boundary fixture	2026-10-02T03:43:27.3321732Z       ...
check (22.19.0)	Run suite without the large boundary fixture	2026-10-02T03:43:27.3322482Z     # Subtest: source document rejects nonzero base64 trailing bits (2-character remainder) as wire_bytes
check (22.19.0)	Run suite without the large boundary fixture	2026-10-02T03:43:27.3323684Z     ok 70 - source document rejects nonzero base64 trailing bits (2-character remainder) as wire_bytes
check (22.19.0)	Run suite without the large boundary fixture	2026-10-02T03:43:27.3324431Z       ---
check (22.19.0)	Run suite without the large boundary fixture	2026-10-02T03:43:27.3324744Z       duration_ms: 0.031577
check (22.19.0)	Run suite without the large boundary fixture	2026-10-02T03:43:27.3325121Z       type: 'test'
check (22.19.0)	Run suite without the large boundary fixture	2026-10-02T03:43:27.3325434Z       ...
check (22.19.0)	Run suite without the large boundary fixture	2026-10-02T03:43:27.3326186Z     # Subtest: source document rejects nonzero base64 trailing bits (3-character remainder) as wire_bytes
check (22.19.0)	Run suite without the large boundary fixture	2026-10-02T03:43:27.3327363Z     ok 71 - source document rejects nonzero base64 trailing bits (3-character remainder) as wire_bytes
check (22.19.0)	Run suite without the large boundary fixture	2026-10-02T03:43:27.3328113Z       ---
check (22.19.0)	Run suite without the large boundary fixture	2026-10-02T03:43:27.3328416Z       duration_ms: 0.031968
check (22.19.0)	Run suite without the large boundary fixture	2026-10-02T03:43:27.3329104Z       type: 'test'
check (22.19.0)	Run suite without the large boundary fixture	2026-10-02T03:43:27.3329416Z       ...
check (22.19.0)	Run suite without the large boundary fixture	2026-10-02T03:43:27.3330051Z     # Subtest: source document refuses path, version, byte and retained-table ambiguity
check (22.19.0)	Run suite without the large boundary fixture	2026-10-02T03:43:27.3331386Z     ok 72 - source document refuses path, version, byte and retained-table ambiguity
check (22.19.0)	Run suite without the large boundary fixture	2026-10-02T03:43:27.3332055Z       ---
check (22.19.0)	Run suite without the large boundary fixture	2026-10-02T03:43:27.3332375Z       duration_ms: 0.032288
check (22.19.0)	Run suite without the large boundary fixture	2026-10-02T03:43:27.3332753Z       type: 'test'
check (22.19.0)	Run suite without the large boundary fixture	2026-10-02T03:43:27.3333077Z       ...
check (22.19.0)	Run suite without the large boundary fixture	2026-10-02T03:43:36.6489923Z     1..72
check (22.19.0)	Run suite without the large boundary fixture	2026-10-02T03:43:36.6500858Z ok 66 - application interpretation agrees in Node and a Chromium worker
check (22.19.0)	Run suite without the large boundary fixture	2026-10-02T03:43:36.6530340Z   ---
check (22.19.0)	Run suite without the large boundary fixture	2026-10-02T03:43:36.6553848Z   duration_ms: 23339.46115
check (22.19.0)	Run suite without the large boundary fixture	2026-10-02T03:43:36.6556198Z   type: 'test'
check (22.19.0)	Run suite without the large boundary fixture	2026-10-02T03:43:36.6580817Z   ...
check (22.19.0)	Run suite without the large boundary fixture	2026-10-02T03:43:41.3827500Z # (node:6471) ExperimentalWarning: SQLite is an experimental feature and might change at any time
check (22.19.0)	Run suite without the large boundary fixture	2026-10-02T03:43:41.3828665Z # (Use `node --trace-warnings ...` to show where the warning was created)
check (22.19.0)	Run suite without the large boundary fixture	2026-10-02T03:43:41.3829999Z # Subtest: single documents support generic CLI, host discovery and viewless browser participation
check (22.19.0)	Run suite without the large boundary fixture	2026-10-02T03:43:41.3830968Z     # Subtest: taskboard: pack, validate, preview, create, submit, query and outcome
check (22.19.0)	Run suite without the large boundary fixture	2026-10-02T03:43:41.3831579Z     ok 1 - taskboard: pack, validate, preview, create, submit, query and outcome
check (22.19.0)	Run suite without the large boundary fixture	2026-10-02T03:43:41.3831996Z       ---
check (22.19.0)	Run suite without the large boundary fixture	2026-10-02T03:43:41.3832235Z       duration_ms: 22068.401734
check (22.19.0)	Run suite without the large boundary fixture	2026-10-02T03:43:41.3832493Z       type: 'test'
check (22.19.0)	Run suite without the large boundary fixture	2026-10-02T03:43:41.3832726Z       ...
check (22.19.0)	Run suite without the large boundary fixture	2026-10-02T03:44:01.6919968Z     # Subtest: guitar: pack, validate, preview, create, submit, query and outcome
check (22.19.0)	Run suite without the large boundary fixture	2026-10-02T03:44:01.6921328Z     ok 2 - guitar: pack, validate, preview, create, submit, query and outcome
check (22.19.0)	Run suite without the large boundary fixture	2026-10-02T03:44:01.6922258Z       ---
check (22.19.0)	Run suite without the large boundary fixture	2026-10-02T03:44:01.6922758Z       duration_ms: 20309.003393
check (22.19.0)	Run suite without the large boundary fixture	2026-10-02T03:44:01.6923352Z       type: 'test'
check (22.19.0)	Run suite without the large boundary fixture	2026-10-02T03:44:01.6923952Z       ...
check (22.19.0)	Run suite without the large boundary fixture	2026-10-02T03:44:18.7689731Z     # Subtest: ledger: pack, validate, preview, create, submit, query and outcome
check (22.19.0)	Run suite without the large boundary fixture	2026-10-02T03:44:18.7690908Z     ok 3 - ledger: pack, validate, preview, create, submit, query and outcome
check (22.19.0)	Run suite without the large boundary fixture	2026-10-02T03:44:18.7691687Z       ---
check (22.19.0)	Run suite without the large boundary fixture	2026-10-02T03:44:18.7692133Z       duration_ms: 17067.854377
check (22.19.0)	Run suite without the large boundary fixture	2026-10-02T03:44:18.7692626Z       type: 'test'
check (22.19.0)	Run suite without the large boundary fixture	2026-10-02T03:44:18.7693037Z       ...
check (22.19.0)	Run suite without the large boundary fixture	2026-10-02T03:44:19.8282436Z     # Subtest: viewless taskboard offers generic forms, signed actions and query inspection
check (22.19.0)	Run suite without the large boundary fixture	2026-10-02T03:44:19.8283584Z     ok 4 - viewless taskboard offers generic forms, signed actions and query inspection
check (22.19.0)	Run suite without the large boundary fixture	2026-10-02T03:44:19.8284541Z       ---
check (22.19.0)	Run suite without the large boundary fixture	2026-10-02T03:44:19.8285142Z       duration_ms: 1068.09587
check (22.19.0)	Run suite without the large boundary fixture	2026-10-02T03:44:19.8285524Z       type: 'test'
check (22.19.0)	Run suite without the large boundary fixture	2026-10-02T03:44:19.8285851Z       ...
check (22.19.0)	Run suite without the large boundary fixture	2026-10-02T03:44:22.2101197Z     1..4
check (22.19.0)	Run suite without the large boundary fixture	2026-10-02T03:44:22.2102155Z ok 67 - single documents support generic CLI, host discovery and viewless browser participation
check (22.19.0)	Run suite without the large boundary fixture	2026-10-02T03:44:22.2102880Z   ---
check (22.19.0)	Run suite without the large boundary fixture	2026-10-02T03:44:22.2103207Z   duration_ms: 67884.32824
check (22.19.0)	Run suite without the large boundary fixture	2026-10-02T03:44:22.2103584Z   type: 'test'
check (22.19.0)	Run suite without the large boundary fixture	2026-10-02T03:44:22.2103885Z   ...
check (22.19.0)	Run suite without the large boundary fixture	2026-10-02T03:44:22.5119053Z # Subtest: only the reviewed valibot optional typechecking peer is excluded
check (22.19.0)	Run suite without the large boundary fixture	2026-10-02T03:44:22.5120296Z ok 68 - only the reviewed valibot optional typechecking peer is excluded
check (22.19.0)	Run suite without the large boundary fixture	2026-10-02T03:44:22.5120904Z   ---
check (22.19.0)	Run suite without the large boundary fixture	2026-10-02T03:44:22.5121218Z   duration_ms: 0.940776
check (22.19.0)	Run suite without the large boundary fixture	2026-10-02T03:44:22.5121564Z   type: 'test'
check (22.19.0)	Run suite without the large boundary fixture	2026-10-02T03:44:22.5121862Z   ...
check (22.19.0)	Run suite without the large boundary fixture	2026-10-02T03:44:22.5122562Z # Subtest: a runtime reference to the excluded peer or computed import is refused
check (22.19.0)	Run suite without the large boundary fixture	2026-10-02T03:44:22.5123572Z ok 69 - a runtime reference to the excluded peer or computed import is refused
check (22.19.0)	Run suite without the large boundary fixture	2026-10-02T03:44:22.5124238Z   ---
check (22.19.0)	Run suite without the large boundary fixture	2026-10-02T03:44:22.5124540Z   duration_ms: 10.486631
check (22.19.0)	Run suite without the large boundary fixture	2026-10-02T03:44:22.5124886Z   type: 'test'
check (22.19.0)	Run suite without the large boundary fixture	2026-10-02T03:44:22.5125174Z   ...
check (22.19.0)	Run suite without the large boundary fixture	2026-10-02T03:44:22.5125435Z 1..69
check (22.19.0)	Run suite without the large boundary fixture	2026-10-02T03:44:22.5125707Z # tests 438
check (22.19.0)	Run suite without the large boundary fixture	2026-10-02T03:44:22.5125985Z # suites 0
check (22.19.0)	Run suite without the large boundary fixture	2026-10-02T03:44:22.5126264Z # pass 437
check (22.19.0)	Run suite without the large boundary fixture	2026-10-02T03:44:22.5126538Z # fail 1
check (22.19.0)	Run suite without the large boundary fixture	2026-10-02T03:44:22.5126810Z # cancelled 0
check (22.19.0)	Run suite without the large boundary fixture	2026-10-02T03:44:22.5127097Z # skipped 0
check (22.19.0)	Run suite without the large boundary fixture	2026-10-02T03:44:22.5127372Z # todo 0
check (22.19.0)	Run suite without the large boundary fixture	2026-10-02T03:44:22.5128159Z # duration_ms 243400.733217
check (22.19.0)	Run suite without the large boundary fixture	2026-10-02T03:44:22.5251591Z ##[error]Process completed with exit code 1.
