experiments/post-spike-evidence/2026-10-02/app-provisioning-boundary/official/bluesky-social/atproto/packages/pds/src/api/com/atproto/identity/getRecommendedDidCredentials.ts(1,29): error TS2307: Cannot find module '@atproto/xrpc-server' or its corresponding type declarations.
experiments/post-spike-evidence/2026-10-02/app-provisioning-boundary/official/bluesky-social/atproto/packages/pds/src/api/com/atproto/identity/getRecommendedDidCredentials.ts(2,33): error TS2307: Cannot find module '../../../../context.js' or its corresponding type declarations.
experiments/post-spike-evidence/2026-10-02/app-provisioning-boundary/official/bluesky-social/atproto/packages/pds/src/api/com/atproto/identity/getRecommendedDidCredentials.ts(3,21): error TS2307: Cannot find module '../../../../lexicons/index.js' or its corresponding type declarations.
experiments/post-spike-evidence/2026-10-02/app-provisioning-boundary/official/bluesky-social/atproto/packages/pds/src/api/com/atproto/identity/getRecommendedDidCredentials.ts(12,23): error TS7031: Binding element 'auth' implicitly has an 'any' type.
experiments/post-spike-evidence/2026-10-02/app-provisioning-boundary/official/bluesky-social/atproto/packages/pds/src/api/com/atproto/server/activateAccount.ts(1,45): error TS2307: Cannot find module '@atproto/xrpc-server' or its corresponding type declarations.
experiments/post-spike-evidence/2026-10-02/app-provisioning-boundary/official/bluesky-social/atproto/packages/pds/src/api/com/atproto/server/activateAccount.ts(2,29): error TS2307: Cannot find module '../../../../auth-scope.js' or its corresponding type declarations.
experiments/post-spike-evidence/2026-10-02/app-provisioning-boundary/official/bluesky-social/atproto/packages/pds/src/api/com/atproto/server/activateAccount.ts(3,33): error TS2307: Cannot find module '../../../../context.js' or its corresponding type declarations.
experiments/post-spike-evidence/2026-10-02/app-provisioning-boundary/official/bluesky-social/atproto/packages/pds/src/api/com/atproto/server/activateAccount.ts(4,21): error TS2307: Cannot find module '../../../../lexicons/index.js' or its corresponding type declarations.
experiments/post-spike-evidence/2026-10-02/app-provisioning-boundary/official/bluesky-social/atproto/packages/pds/src/api/com/atproto/server/activateAccount.ts(24,25): error TS7031: Binding element 'req' implicitly has an 'any' type.
experiments/post-spike-evidence/2026-10-02/app-provisioning-boundary/official/bluesky-social/atproto/packages/pds/src/api/com/atproto/server/activateAccount.ts(34,25): error TS7031: Binding element 'auth' implicitly has an 'any' type.
experiments/post-spike-evidence/2026-10-02/app-provisioning-boundary/official/bluesky-social/atproto/packages/pds/src/api/com/atproto/server/createAccount.ts(1,22): error TS2307: Cannot find module '@did-plc/lib' or its corresponding type declarations.
experiments/post-spike-evidence/2026-10-02/app-provisioning-boundary/official/bluesky-social/atproto/packages/pds/src/api/com/atproto/server/createAccount.ts(2,30): error TS2307: Cannot find module '@hapi/address' or its corresponding type declarations.
experiments/post-spike-evidence/2026-10-02/app-provisioning-boundary/official/bluesky-social/atproto/packages/pds/src/api/com/atproto/server/createAccount.ts(3,35): error TS2307: Cannot find module 'disposable-email-domains-js' or its corresponding type declarations.
experiments/post-spike-evidence/2026-10-02/app-provisioning-boundary/official/bluesky-social/atproto/packages/pds/src/api/com/atproto/server/createAccount.ts(10,53): error TS2307: Cannot find module '@atproto/identity' or its corresponding type declarations.
experiments/post-spike-evidence/2026-10-02/app-provisioning-boundary/official/bluesky-social/atproto/packages/pds/src/api/com/atproto/server/createAccount.ts(16,8): error TS2307: Cannot find module '@atproto/xrpc-server' or its corresponding type declarations.
experiments/post-spike-evidence/2026-10-02/app-provisioning-boundary/official/bluesky-social/atproto/packages/pds/src/api/com/atproto/server/createAccount.ts(17,41): error TS2307: Cannot find module '../../../../account-manager/helpers/scrypt.js' or its corresponding type declarations.
experiments/post-spike-evidence/2026-10-02/app-provisioning-boundary/official/bluesky-social/atproto/packages/pds/src/api/com/atproto/server/createAccount.ts(18,33): error TS2307: Cannot find module '../../../../context.js' or its corresponding type declarations.
experiments/post-spike-evidence/2026-10-02/app-provisioning-boundary/official/bluesky-social/atproto/packages/pds/src/api/com/atproto/server/createAccount.ts(19,24): error TS2307: Cannot find module '../../../../events.js' or its corresponding type declarations.
experiments/post-spike-evidence/2026-10-02/app-provisioning-boundary/official/bluesky-social/atproto/packages/pds/src/api/com/atproto/server/createAccount.ts(20,42): error TS2307: Cannot find module '../../../../handle/index.js' or its corresponding type declarations.
experiments/post-spike-evidence/2026-10-02/app-provisioning-boundary/official/bluesky-social/atproto/packages/pds/src/api/com/atproto/server/createAccount.ts(21,21): error TS2307: Cannot find module '../../../../lexicons/index.js' or its corresponding type declarations.
experiments/post-spike-evidence/2026-10-02/app-provisioning-boundary/official/bluesky-social/atproto/packages/pds/src/api/com/atproto/server/createAccount.ts(22,35): error TS2307: Cannot find module './util.js' or its corresponding type declarations.
experiments/post-spike-evidence/2026-10-02/app-provisioning-boundary/official/bluesky-social/atproto/packages/pds/src/api/com/atproto/server/createAccount.ts(32,7): error TS7031: Binding element 'input' implicitly has an 'any' type.
experiments/post-spike-evidence/2026-10-02/app-provisioning-boundary/official/bluesky-social/atproto/packages/pds/src/api/com/atproto/server/createAccount.ts(33,7): error TS7031: Binding element 'auth' implicitly has an 'any' type.
experiments/post-spike-evidence/2026-10-02/app-provisioning-boundary/official/bluesky-social/atproto/packages/pds/src/api/com/atproto/server/createAccount.ts(34,7): error TS7031: Binding element 'req' implicitly has an 'any' type.
experiments/post-spike-evidence/2026-10-02/app-provisioning-boundary/official/bluesky-social/atproto/packages/pds/src/api/com/atproto/server/createAccount.ts(56,60): error TS7006: Parameter 'actorTxn' implicitly has an 'any' type.
experiments/post-spike-evidence/2026-10-02/app-provisioning-boundary/official/bluesky-social/atproto/packages/pds/src/api/com/atproto/server/createAccount.ts(94,25): error TS7006: Parameter 'err' implicitly has an 'any' type.
experiments/post-spike-evidence/2026-10-02/app-provisioning-boundary/official/bluesky-social/atproto/packages/pds/src/api/com/atproto/server/createAccount.ts(119,19): error TS2578: Unused '@ts-expect-error' directive.
experiments/post-spike-evidence/2026-10-02/app-provisioning-boundary/official/bluesky-social/atproto/packages/pds/src/api/com/atproto/server/createAccount.ts(163,27): error TS18046: 'plcOp' is of type 'unknown'.
experiments/post-spike-evidence/2026-10-02/app-provisioning-boundary/official/bluesky-social/atproto/packages/pds/src/api/com/atproto/server/createAccount.ts(175,39): error TS2698: Spread types may only be created from object types.
experiments/post-spike-evidence/2026-10-02/app-provisioning-boundary/official/bluesky-social/atproto/packages/pds/src/api/com/atproto/server/getServiceAuth.ts(2,24): error TS2305: Module '"@atproto/did"' has no exported member 'isAtprotoDidRefAbsolute'.
experiments/post-spike-evidence/2026-10-02/app-provisioning-boundary/official/bluesky-social/atproto/packages/pds/src/api/com/atproto/server/getServiceAuth.ts(8,8): error TS2307: Cannot find module '@atproto/xrpc-server' or its corresponding type declarations.
experiments/post-spike-evidence/2026-10-02/app-provisioning-boundary/official/bluesky-social/atproto/packages/pds/src/api/com/atproto/server/getServiceAuth.ts(13,8): error TS2307: Cannot find module '../../../../auth-scope.js' or its corresponding type declarations.
experiments/post-spike-evidence/2026-10-02/app-provisioning-boundary/official/bluesky-social/atproto/packages/pds/src/api/com/atproto/server/getServiceAuth.ts(14,33): error TS2307: Cannot find module '../../../../context.js' or its corresponding type declarations.
experiments/post-spike-evidence/2026-10-02/app-provisioning-boundary/official/bluesky-social/atproto/packages/pds/src/api/com/atproto/server/getServiceAuth.ts(15,21): error TS2307: Cannot find module '../../../../lexicons/index.js' or its corresponding type declarations.
experiments/post-spike-evidence/2026-10-02/app-provisioning-boundary/official/bluesky-social/atproto/packages/pds/src/api/com/atproto/server/getServiceAuth.ts(19,8): error TS2307: Cannot find module '../../../../pipethrough.js' or its corresponding type declarations.
experiments/post-spike-evidence/2026-10-02/app-provisioning-boundary/official/bluesky-social/atproto/packages/pds/src/api/com/atproto/server/getServiceAuth.ts(27,19): error TS7006: Parameter 'permissions' implicitly has an 'any' type.
experiments/post-spike-evidence/2026-10-02/app-provisioning-boundary/official/bluesky-social/atproto/packages/pds/src/api/com/atproto/server/getServiceAuth.ts(27,34): error TS7031: Binding element 'params' implicitly has an 'any' type.
experiments/post-spike-evidence/2026-10-02/app-provisioning-boundary/official/bluesky-social/atproto/packages/pds/src/api/com/atproto/server/getServiceAuth.ts(32,23): error TS7031: Binding element 'params' implicitly has an 'any' type.
experiments/post-spike-evidence/2026-10-02/app-provisioning-boundary/official/bluesky-social/atproto/packages/pds/src/api/com/atproto/server/getServiceAuth.ts(32,31): error TS7031: Binding element 'auth' implicitly has an 'any' type.
experiments/post-spike-evidence/2026-10-02/app-provisioning-boundary/official/bluesky-social/atproto/packages/pds/src/auth-verifier.ts(6,57): error TS2307: Cannot find module '@atproto/identity' or its corresponding type declarations.
experiments/post-spike-evidence/2026-10-02/app-provisioning-boundary/official/bluesky-social/atproto/packages/pds/src/auth-verifier.ts(15,8): error TS2307: Cannot find module '@atproto/oauth-provider/errors' or its corresponding type declarations.
experiments/post-spike-evidence/2026-10-02/app-provisioning-boundary/official/bluesky-social/atproto/packages/pds/src/auth-verifier.ts(19,8): error TS2307: Cannot find module '@atproto/oauth-provider/verifier' or its corresponding type declarations.
experiments/post-spike-evidence/2026-10-02/app-provisioning-boundary/official/bluesky-social/atproto/packages/pds/src/auth-verifier.ts(23,8): error TS2307: Cannot find module '@atproto/oauth-scopes' or its corresponding type declarations.
experiments/post-spike-evidence/2026-10-02/app-provisioning-boundary/official/bluesky-social/atproto/packages/pds/src/auth-verifier.ts(35,8): error TS2307: Cannot find module '@atproto/xrpc-server' or its corresponding type declarations.
experiments/post-spike-evidence/2026-10-02/app-provisioning-boundary/official/bluesky-social/atproto/packages/pds/src/auth-verifier.ts(36,37): error TS2307: Cannot find module './account-manager/account-manager.js' or its corresponding type declarations.
experiments/post-spike-evidence/2026-10-02/app-provisioning-boundary/official/bluesky-social/atproto/packages/pds/src/auth-verifier.ts(37,35): error TS2307: Cannot find module './account-manager/helpers/account.js' or its corresponding type declarations.
experiments/post-spike-evidence/2026-10-02/app-provisioning-boundary/official/bluesky-social/atproto/packages/pds/src/auth-verifier.ts(46,8): error TS2307: Cannot find module './auth-output.js' or its corresponding type declarations.
experiments/post-spike-evidence/2026-10-02/app-provisioning-boundary/official/bluesky-social/atproto/packages/pds/src/auth-verifier.ts(47,57): error TS2307: Cannot find module './auth-scope.js' or its corresponding type declarations.
experiments/post-spike-evidence/2026-10-02/app-provisioning-boundary/official/bluesky-social/atproto/packages/pds/src/auth-verifier.ts(48,29): error TS2307: Cannot find module './db/index.js' or its corresponding type declarations.
experiments/post-spike-evidence/2026-10-02/app-provisioning-boundary/official/bluesky-social/atproto/packages/pds/src/auth-verifier.ts(49,28): error TS2307: Cannot find module './util/http.js' or its corresponding type declarations.
experiments/post-spike-evidence/2026-10-02/app-provisioning-boundary/official/bluesky-social/atproto/packages/pds/src/auth-verifier.ts(50,35): error TS2307: Cannot find module './util/types.js' or its corresponding type declarations.
experiments/post-spike-evidence/2026-10-02/app-provisioning-boundary/official/bluesky-social/atproto/packages/pds/src/auth-verifier.ts(118,72): error TS7006: Parameter 'ctx' implicitly has an 'any' type.
experiments/post-spike-evidence/2026-10-02/app-provisioning-boundary/official/bluesky-social/atproto/packages/pds/src/auth-verifier.ts(135,68): error TS7006: Parameter 'ctx' implicitly has an 'any' type.
experiments/post-spike-evidence/2026-10-02/app-provisioning-boundary/official/bluesky-social/atproto/packages/pds/src/auth-verifier.ts(149,68): error TS7006: Parameter 'ctx' implicitly has an 'any' type.
experiments/post-spike-evidence/2026-10-02/app-provisioning-boundary/official/bluesky-social/atproto/packages/pds/src/auth-verifier.ts(167,12): error TS7006: Parameter 'ctx' implicitly has an 'any' type.
experiments/post-spike-evidence/2026-10-02/app-provisioning-boundary/official/bluesky-social/atproto/packages/pds/src/auth-verifier.ts(192,19): error TS7006: Parameter 'ctx' implicitly has an 'any' type.
experiments/post-spike-evidence/2026-10-02/app-provisioning-boundary/official/bluesky-social/atproto/packages/pds/src/auth-verifier.ts(219,19): error TS7006: Parameter 'ctx' implicitly has an 'any' type.
experiments/post-spike-evidence/2026-10-02/app-provisioning-boundary/official/bluesky-social/atproto/packages/pds/src/auth-verifier.ts(257,19): error TS7006: Parameter 'ctx' implicitly has an 'any' type.
experiments/post-spike-evidence/2026-10-02/app-provisioning-boundary/official/bluesky-social/atproto/packages/pds/src/auth-verifier.ts(287,19): error TS7006: Parameter 'ctx' implicitly has an 'any' type.
experiments/post-spike-evidence/2026-10-02/app-provisioning-boundary/official/bluesky-social/atproto/packages/pds/src/auth-verifier.ts(306,19): error TS7006: Parameter 'ctx' implicitly has an 'any' type.
experiments/post-spike-evidence/2026-10-02/app-provisioning-boundary/official/bluesky-social/atproto/packages/pds/src/auth-verifier.ts(319,5): error TS7006: Parameter 'ctx' implicitly has an 'any' type.
experiments/post-spike-evidence/2026-10-02/app-provisioning-boundary/official/bluesky-social/atproto/packages/pds/src/auth-verifier.ts(333,14): error TS7006: Parameter 'ctx' implicitly has an 'any' type.
experiments/post-spike-evidence/2026-10-02/app-provisioning-boundary/official/bluesky-social/atproto/packages/pds/src/auth-verifier.ts(349,19): error TS7006: Parameter 'ctx' implicitly has an 'any' type.
experiments/post-spike-evidence/2026-10-02/app-provisioning-boundary/official/bluesky-social/atproto/packages/pds/src/auth-verifier.ts(370,19): error TS7006: Parameter 'ctx' implicitly has an 'any' type.
experiments/post-spike-evidence/2026-10-02/app-provisioning-boundary/official/bluesky-social/atproto/packages/pds/src/auth-verifier.ts(392,17): error TS7006: Parameter 'err' implicitly has an 'any' type.
experiments/post-spike-evidence/2026-10-02/app-provisioning-boundary/official/bluesky-social/atproto/packages/pds/src/auth-verifier.ts(553,14): error TS7006: Parameter 'iss' implicitly has an 'any' type.
experiments/post-spike-evidence/2026-10-02/app-provisioning-boundary/official/bluesky-social/atproto/packages/pds/src/auth-verifier.ts(553,19): error TS7006: Parameter 'forceRefresh' implicitly has an 'any' type.
experiments/post-spike-evidence/2026-10-02/app-provisioning-boundary/official/bluesky-social/atproto/packages/pds/src/auth-verifier.ts(625,20): error TS2532: Object is possibly 'undefined'.
experiments/post-spike-evidence/2026-10-02/app-provisioning-boundary/official/bluesky-social/atproto/packages/pds/src/auth-verifier.ts(627,52): error TS7053: Element implicitly has an 'any' type because expression of type 'string' can't be used to index type 'typeof AuthType'.
  No index signature with a parameter of type 'string' was found on type 'typeof AuthType'.
experiments/post-spike-evidence/2026-10-02/app-provisioning-boundary/official/bluesky-social/atproto/packages/pds/src/auth-verifier.ts(628,13): error TS2322: Type '[any, string | undefined]' is not assignable to type '[type: null] | [type: AuthType, token: string]'.
  Type '[any, string | undefined]' is not assignable to type '[type: AuthType, token: string]'.
    Type at position 1 in source is not compatible with type at position 1 in target.
      Type 'string | undefined' is not assignable to type 'string'.
        Type 'undefined' is not assignable to type 'string'.
experiments/post-spike-evidence/2026-10-02/app-provisioning-boundary/official/bluesky-social/atproto/packages/xrpc-server/src/auth.ts(5,35): error TS2307: Cannot find module './errors.js' or its corresponding type declarations.
experiments/post-spike-evidence/2026-10-02/app-provisioning-boundary/official/bluesky-social/atproto/packages/xrpc-server/src/auth.ts(87,30): error TS2345: Argument of type 'string | undefined' is not assignable to parameter of type 'string'.
  Type 'undefined' is not assignable to type 'string'.
experiments/post-spike-evidence/2026-10-02/app-provisioning-boundary/official/bluesky-social/atproto/packages/xrpc-server/src/auth.ts(107,32): error TS2345: Argument of type 'string | undefined' is not assignable to parameter of type 'string'.
  Type 'undefined' is not assignable to type 'string'.
experiments/post-spike-evidence/2026-10-02/app-provisioning-boundary/official/bluesky-social/atproto/packages/xrpc-server/src/auth.ts(132,32): error TS2769: No overload matches this call.
  The last overload gave the following error.
    Argument of type 'string | undefined' is not assignable to parameter of type 'WithImplicitCoercion<string>'.
      Type 'undefined' is not assignable to type 'WithImplicitCoercion<string>'.
/private/tmp/atseq-research-evidence-typecheck-20261002/node_modules/@typescript/typescript-darwin-arm64/lib/lib.es5.d.ts
/private/tmp/atseq-research-evidence-typecheck-20261002/node_modules/@typescript/typescript-darwin-arm64/lib/lib.es2015.d.ts
/private/tmp/atseq-research-evidence-typecheck-20261002/node_modules/@typescript/typescript-darwin-arm64/lib/lib.es2016.d.ts
/private/tmp/atseq-research-evidence-typecheck-20261002/node_modules/@typescript/typescript-darwin-arm64/lib/lib.es2017.d.ts
/private/tmp/atseq-research-evidence-typecheck-20261002/node_modules/@typescript/typescript-darwin-arm64/lib/lib.es2018.d.ts
/private/tmp/atseq-research-evidence-typecheck-20261002/node_modules/@typescript/typescript-darwin-arm64/lib/lib.es2019.d.ts
/private/tmp/atseq-research-evidence-typecheck-20261002/node_modules/@typescript/typescript-darwin-arm64/lib/lib.es2020.d.ts
/private/tmp/atseq-research-evidence-typecheck-20261002/node_modules/@typescript/typescript-darwin-arm64/lib/lib.es2021.d.ts
/private/tmp/atseq-research-evidence-typecheck-20261002/node_modules/@typescript/typescript-darwin-arm64/lib/lib.es2022.d.ts
/private/tmp/atseq-research-evidence-typecheck-20261002/node_modules/@typescript/typescript-darwin-arm64/lib/lib.es2023.d.ts
/private/tmp/atseq-research-evidence-typecheck-20261002/node_modules/@typescript/typescript-darwin-arm64/lib/lib.es2024.d.ts
/private/tmp/atseq-research-evidence-typecheck-20261002/node_modules/@typescript/typescript-darwin-arm64/lib/lib.dom.d.ts
/private/tmp/atseq-research-evidence-typecheck-20261002/node_modules/@typescript/typescript-darwin-arm64/lib/lib.dom.iterable.d.ts
/private/tmp/atseq-research-evidence-typecheck-20261002/node_modules/@typescript/typescript-darwin-arm64/lib/lib.es2015.core.d.ts
/private/tmp/atseq-research-evidence-typecheck-20261002/node_modules/@typescript/typescript-darwin-arm64/lib/lib.es2015.collection.d.ts
/private/tmp/atseq-research-evidence-typecheck-20261002/node_modules/@typescript/typescript-darwin-arm64/lib/lib.es2015.generator.d.ts
/private/tmp/atseq-research-evidence-typecheck-20261002/node_modules/@typescript/typescript-darwin-arm64/lib/lib.es2015.iterable.d.ts
/private/tmp/atseq-research-evidence-typecheck-20261002/node_modules/@typescript/typescript-darwin-arm64/lib/lib.es2015.promise.d.ts
/private/tmp/atseq-research-evidence-typecheck-20261002/node_modules/@typescript/typescript-darwin-arm64/lib/lib.es2015.proxy.d.ts
/private/tmp/atseq-research-evidence-typecheck-20261002/node_modules/@typescript/typescript-darwin-arm64/lib/lib.es2015.reflect.d.ts
/private/tmp/atseq-research-evidence-typecheck-20261002/node_modules/@typescript/typescript-darwin-arm64/lib/lib.es2015.symbol.d.ts
/private/tmp/atseq-research-evidence-typecheck-20261002/node_modules/@typescript/typescript-darwin-arm64/lib/lib.es2015.symbol.wellknown.d.ts
/private/tmp/atseq-research-evidence-typecheck-20261002/node_modules/@typescript/typescript-darwin-arm64/lib/lib.es2016.array.include.d.ts
/private/tmp/atseq-research-evidence-typecheck-20261002/node_modules/@typescript/typescript-darwin-arm64/lib/lib.es2016.intl.d.ts
/private/tmp/atseq-research-evidence-typecheck-20261002/node_modules/@typescript/typescript-darwin-arm64/lib/lib.es2017.arraybuffer.d.ts
/private/tmp/atseq-research-evidence-typecheck-20261002/node_modules/@typescript/typescript-darwin-arm64/lib/lib.es2017.date.d.ts
/private/tmp/atseq-research-evidence-typecheck-20261002/node_modules/@typescript/typescript-darwin-arm64/lib/lib.es2017.object.d.ts
/private/tmp/atseq-research-evidence-typecheck-20261002/node_modules/@typescript/typescript-darwin-arm64/lib/lib.es2017.sharedmemory.d.ts
/private/tmp/atseq-research-evidence-typecheck-20261002/node_modules/@typescript/typescript-darwin-arm64/lib/lib.es2017.string.d.ts
/private/tmp/atseq-research-evidence-typecheck-20261002/node_modules/@typescript/typescript-darwin-arm64/lib/lib.es2017.intl.d.ts
/private/tmp/atseq-research-evidence-typecheck-20261002/node_modules/@typescript/typescript-darwin-arm64/lib/lib.es2017.typedarrays.d.ts
/private/tmp/atseq-research-evidence-typecheck-20261002/node_modules/@typescript/typescript-darwin-arm64/lib/lib.es2018.asyncgenerator.d.ts
/private/tmp/atseq-research-evidence-typecheck-20261002/node_modules/@typescript/typescript-darwin-arm64/lib/lib.es2018.asynciterable.d.ts
/private/tmp/atseq-research-evidence-typecheck-20261002/node_modules/@typescript/typescript-darwin-arm64/lib/lib.es2018.intl.d.ts
/private/tmp/atseq-research-evidence-typecheck-20261002/node_modules/@typescript/typescript-darwin-arm64/lib/lib.es2018.promise.d.ts
/private/tmp/atseq-research-evidence-typecheck-20261002/node_modules/@typescript/typescript-darwin-arm64/lib/lib.es2018.regexp.d.ts
/private/tmp/atseq-research-evidence-typecheck-20261002/node_modules/@typescript/typescript-darwin-arm64/lib/lib.es2019.array.d.ts
/private/tmp/atseq-research-evidence-typecheck-20261002/node_modules/@typescript/typescript-darwin-arm64/lib/lib.es2019.object.d.ts
/private/tmp/atseq-research-evidence-typecheck-20261002/node_modules/@typescript/typescript-darwin-arm64/lib/lib.es2019.string.d.ts
/private/tmp/atseq-research-evidence-typecheck-20261002/node_modules/@typescript/typescript-darwin-arm64/lib/lib.es2019.symbol.d.ts
/private/tmp/atseq-research-evidence-typecheck-20261002/node_modules/@typescript/typescript-darwin-arm64/lib/lib.es2019.intl.d.ts
/private/tmp/atseq-research-evidence-typecheck-20261002/node_modules/@typescript/typescript-darwin-arm64/lib/lib.es2020.bigint.d.ts
/private/tmp/atseq-research-evidence-typecheck-20261002/node_modules/@typescript/typescript-darwin-arm64/lib/lib.es2020.date.d.ts
/private/tmp/atseq-research-evidence-typecheck-20261002/node_modules/@typescript/typescript-darwin-arm64/lib/lib.es2020.promise.d.ts
/private/tmp/atseq-research-evidence-typecheck-20261002/node_modules/@typescript/typescript-darwin-arm64/lib/lib.es2020.sharedmemory.d.ts
/private/tmp/atseq-research-evidence-typecheck-20261002/node_modules/@typescript/typescript-darwin-arm64/lib/lib.es2020.string.d.ts
/private/tmp/atseq-research-evidence-typecheck-20261002/node_modules/@typescript/typescript-darwin-arm64/lib/lib.es2020.symbol.wellknown.d.ts
/private/tmp/atseq-research-evidence-typecheck-20261002/node_modules/@typescript/typescript-darwin-arm64/lib/lib.es2020.intl.d.ts
/private/tmp/atseq-research-evidence-typecheck-20261002/node_modules/@typescript/typescript-darwin-arm64/lib/lib.es2020.number.d.ts
/private/tmp/atseq-research-evidence-typecheck-20261002/node_modules/@typescript/typescript-darwin-arm64/lib/lib.es2021.promise.d.ts
/private/tmp/atseq-research-evidence-typecheck-20261002/node_modules/@typescript/typescript-darwin-arm64/lib/lib.es2021.string.d.ts
/private/tmp/atseq-research-evidence-typecheck-20261002/node_modules/@typescript/typescript-darwin-arm64/lib/lib.es2021.weakref.d.ts
/private/tmp/atseq-research-evidence-typecheck-20261002/node_modules/@typescript/typescript-darwin-arm64/lib/lib.es2021.intl.d.ts
/private/tmp/atseq-research-evidence-typecheck-20261002/node_modules/@typescript/typescript-darwin-arm64/lib/lib.es2022.array.d.ts
/private/tmp/atseq-research-evidence-typecheck-20261002/node_modules/@typescript/typescript-darwin-arm64/lib/lib.es2022.error.d.ts
/private/tmp/atseq-research-evidence-typecheck-20261002/node_modules/@typescript/typescript-darwin-arm64/lib/lib.es2022.intl.d.ts
/private/tmp/atseq-research-evidence-typecheck-20261002/node_modules/@typescript/typescript-darwin-arm64/lib/lib.es2022.object.d.ts
/private/tmp/atseq-research-evidence-typecheck-20261002/node_modules/@typescript/typescript-darwin-arm64/lib/lib.es2022.string.d.ts
/private/tmp/atseq-research-evidence-typecheck-20261002/node_modules/@typescript/typescript-darwin-arm64/lib/lib.es2022.regexp.d.ts
/private/tmp/atseq-research-evidence-typecheck-20261002/node_modules/@typescript/typescript-darwin-arm64/lib/lib.es2023.array.d.ts
/private/tmp/atseq-research-evidence-typecheck-20261002/node_modules/@typescript/typescript-darwin-arm64/lib/lib.es2023.collection.d.ts
/private/tmp/atseq-research-evidence-typecheck-20261002/node_modules/@typescript/typescript-darwin-arm64/lib/lib.es2023.intl.d.ts
/private/tmp/atseq-research-evidence-typecheck-20261002/node_modules/@typescript/typescript-darwin-arm64/lib/lib.es2024.arraybuffer.d.ts
/private/tmp/atseq-research-evidence-typecheck-20261002/node_modules/@typescript/typescript-darwin-arm64/lib/lib.es2024.collection.d.ts
/private/tmp/atseq-research-evidence-typecheck-20261002/node_modules/@typescript/typescript-darwin-arm64/lib/lib.es2024.object.d.ts
/private/tmp/atseq-research-evidence-typecheck-20261002/node_modules/@typescript/typescript-darwin-arm64/lib/lib.es2024.promise.d.ts
/private/tmp/atseq-research-evidence-typecheck-20261002/node_modules/@typescript/typescript-darwin-arm64/lib/lib.es2024.regexp.d.ts
/private/tmp/atseq-research-evidence-typecheck-20261002/node_modules/@typescript/typescript-darwin-arm64/lib/lib.es2024.sharedmemory.d.ts
/private/tmp/atseq-research-evidence-typecheck-20261002/node_modules/@typescript/typescript-darwin-arm64/lib/lib.es2024.string.d.ts
/private/tmp/atseq-research-evidence-typecheck-20261002/node_modules/@typescript/typescript-darwin-arm64/lib/lib.es2025.float16.d.ts
/private/tmp/atseq-research-evidence-typecheck-20261002/node_modules/@typescript/typescript-darwin-arm64/lib/lib.esnext.disposable.d.ts
/private/tmp/atseq-research-evidence-typecheck-20261002/node_modules/@typescript/typescript-darwin-arm64/lib/lib.decorators.d.ts
/private/tmp/atseq-research-evidence-typecheck-20261002/node_modules/@typescript/typescript-darwin-arm64/lib/lib.decorators.legacy.d.ts
/private/tmp/atseq-research-evidence-typecheck-20261002/src/core/nsids.ts
/private/tmp/atseq-research-evidence-typecheck-20261002/src/core/errors.ts
/private/tmp/atseq-research-evidence-typecheck-20261002/node_modules/@atcute/crypto/dist/types.d.ts
/private/tmp/atseq-research-evidence-typecheck-20261002/node_modules/@atcute/crypto/dist/keypairs/secp256k1-web.d.ts
/private/tmp/atseq-research-evidence-typecheck-20261002/node_modules/@atcute/crypto/dist/keypairs/p256.d.ts
/private/tmp/atseq-research-evidence-typecheck-20261002/node_modules/@atcute/crypto/dist/multibase.d.ts
/private/tmp/atseq-research-evidence-typecheck-20261002/node_modules/@atcute/crypto/dist/signatures.d.ts
/private/tmp/atseq-research-evidence-typecheck-20261002/node_modules/@atcute/crypto/dist/index.d.ts
/private/tmp/atseq-research-evidence-typecheck-20261002/node_modules/@atcute/cid/dist/codec.d.ts
/private/tmp/atseq-research-evidence-typecheck-20261002/node_modules/@atcute/cid/dist/cid-link.d.ts
/private/tmp/atseq-research-evidence-typecheck-20261002/node_modules/@atcute/cid/dist/index.d.ts
/private/tmp/atseq-research-evidence-typecheck-20261002/node_modules/@atcute/cbor/dist/bytes.d.ts
/private/tmp/atseq-research-evidence-typecheck-20261002/node_modules/@atcute/cbor/dist/decode.d.ts
/private/tmp/atseq-research-evidence-typecheck-20261002/node_modules/@atcute/cbor/dist/encode.d.ts
/private/tmp/atseq-research-evidence-typecheck-20261002/node_modules/@atcute/cbor/dist/index.d.ts
/private/tmp/atseq-research-evidence-typecheck-20261002/src/core/profile.ts
/private/tmp/atseq-research-evidence-typecheck-20261002/src/core/values.ts
/private/tmp/atseq-research-evidence-typecheck-20261002/src/core/limits.ts
/private/tmp/atseq-research-evidence-typecheck-20261002/src/core/freeze.ts
/private/tmp/atseq-research-evidence-typecheck-20261002/lexicons/ai/generalbusiness/atseq/activate.json
/private/tmp/atseq-research-evidence-typecheck-20261002/lexicons/ai/generalbusiness/atseq/compareDefinition.json
/private/tmp/atseq-research-evidence-typecheck-20261002/lexicons/ai/generalbusiness/atseq/create.json
/private/tmp/atseq-research-evidence-typecheck-20261002/lexicons/ai/generalbusiness/atseq/definition.json
/private/tmp/atseq-research-evidence-typecheck-20261002/lexicons/ai/generalbusiness/atseq/defs.json
/private/tmp/atseq-research-evidence-typecheck-20261002/lexicons/ai/generalbusiness/atseq/describe.json
/private/tmp/atseq-research-evidence-typecheck-20261002/lexicons/ai/generalbusiness/atseq/entry.json
/private/tmp/atseq-research-evidence-typecheck-20261002/lexicons/ai/generalbusiness/atseq/genesis.json
/private/tmp/atseq-research-evidence-typecheck-20261002/lexicons/ai/generalbusiness/atseq/head.json
/private/tmp/atseq-research-evidence-typecheck-20261002/lexicons/ai/generalbusiness/atseq/list.json
/private/tmp/atseq-research-evidence-typecheck-20261002/lexicons/ai/generalbusiness/atseq/preview.json
/private/tmp/atseq-research-evidence-typecheck-20261002/lexicons/ai/generalbusiness/atseq/query.json
/private/tmp/atseq-research-evidence-typecheck-20261002/lexicons/ai/generalbusiness/atseq/readDraft.json
/private/tmp/atseq-research-evidence-typecheck-20261002/lexicons/ai/generalbusiness/atseq/receipt.json
/private/tmp/atseq-research-evidence-typecheck-20261002/lexicons/ai/generalbusiness/atseq/source.json
/private/tmp/atseq-research-evidence-typecheck-20261002/lexicons/ai/generalbusiness/atseq/stageDefinition.json
/private/tmp/atseq-research-evidence-typecheck-20261002/lexicons/ai/generalbusiness/atseq/submit.json
/private/tmp/atseq-research-evidence-typecheck-20261002/lexicons/ai/generalbusiness/atseq/sync.json
/private/tmp/atseq-research-evidence-typecheck-20261002/lexicons/ai/generalbusiness/atseq/validateDraft.json
/private/tmp/atseq-research-evidence-typecheck-20261002/src/core/contracts.ts
/private/tmp/atseq-research-evidence-typecheck-20261002/dist/src/integrity/browser.d.ts
/private/tmp/atseq-research-evidence-typecheck-20261002/package.json
/private/tmp/atseq-research-evidence-typecheck-20261002/node_modules/@atcute/car/package.json
/private/tmp/atseq-research-evidence-typecheck-20261002/node_modules/@atcute/cbor/package.json
/private/tmp/atseq-research-evidence-typecheck-20261002/node_modules/@atcute/cid/package.json
/private/tmp/atseq-research-evidence-typecheck-20261002/node_modules/@atcute/crypto/package.json
/private/tmp/atseq-research-evidence-typecheck-20261002/node_modules/@atcute/did-plc/package.json
/private/tmp/atseq-research-evidence-typecheck-20261002/node_modules/@atcute/identity/package.json
/private/tmp/atseq-research-evidence-typecheck-20261002/node_modules/@atcute/lexicons/package.json
/private/tmp/atseq-research-evidence-typecheck-20261002/node_modules/@atcute/mst/package.json
/private/tmp/atseq-research-evidence-typecheck-20261002/node_modules/@atcute/multibase/package.json
/private/tmp/atseq-research-evidence-typecheck-20261002/node_modules/@atcute/repo/package.json
/private/tmp/atseq-research-evidence-typecheck-20261002/node_modules/@atcute/uint8array/package.json
/private/tmp/atseq-research-evidence-typecheck-20261002/node_modules/@atcute/util-fetch/package.json
/private/tmp/atseq-research-evidence-typecheck-20261002/node_modules/@atcute/util-text/package.json
/private/tmp/atseq-research-evidence-typecheck-20261002/node_modules/@atcute/util-text/node_modules/unicode-segmenter/package.json
/private/tmp/atseq-research-evidence-typecheck-20261002/node_modules/@atcute/varint/package.json
/private/tmp/atseq-research-evidence-typecheck-20261002/node_modules/@atproto-labs/did-resolver/package.json
/private/tmp/atseq-research-evidence-typecheck-20261002/node_modules/@atproto-labs/fetch/package.json
/private/tmp/atseq-research-evidence-typecheck-20261002/node_modules/@atproto-labs/fetch-node/package.json
/private/tmp/atseq-research-evidence-typecheck-20261002/node_modules/@atproto-labs/fetch-node/node_modules/@atproto-labs/fetch/package.json
/private/tmp/atseq-research-evidence-typecheck-20261002/node_modules/@atproto-labs/fetch-node/node_modules/@atproto-labs/pipe/package.json
/private/tmp/atseq-research-evidence-typecheck-20261002/node_modules/@atproto-labs/handle-resolver/package.json
/private/tmp/atseq-research-evidence-typecheck-20261002/node_modules/@atproto-labs/handle-resolver-node/package.json
/private/tmp/atseq-research-evidence-typecheck-20261002/node_modules/@atproto-labs/handle-resolver-node/node_modules/@atproto/did/package.json
/private/tmp/atseq-research-evidence-typecheck-20261002/node_modules/@atproto-labs/handle-resolver/node_modules/@atproto-labs/simple-store/package.json
/private/tmp/atseq-research-evidence-typecheck-20261002/node_modules/@atproto-labs/handle-resolver/node_modules/@atproto-labs/simple-store-memory/package.json
/private/tmp/atseq-research-evidence-typecheck-20261002/node_modules/@atproto-labs/identity-resolver/package.json
/private/tmp/atseq-research-evidence-typecheck-20261002/node_modules/@atproto-labs/identity-resolver/node_modules/@atproto-labs/did-resolver/package.json
/private/tmp/atseq-research-evidence-typecheck-20261002/node_modules/@atproto-labs/pipe/package.json
/private/tmp/atseq-research-evidence-typecheck-20261002/node_modules/@atproto-labs/simple-store/package.json
/private/tmp/atseq-research-evidence-typecheck-20261002/node_modules/@atproto-labs/simple-store-memory/package.json
/private/tmp/atseq-research-evidence-typecheck-20261002/node_modules/@atproto/common/package.json
/private/tmp/atseq-research-evidence-typecheck-20261002/node_modules/@atproto/common-web/package.json
/private/tmp/atseq-research-evidence-typecheck-20261002/node_modules/@atproto/common/node_modules/@atproto/common-web/package.json
/private/tmp/atseq-research-evidence-typecheck-20261002/node_modules/@atproto/common/node_modules/@atproto/lex-cbor/package.json
/private/tmp/atseq-research-evidence-typecheck-20261002/node_modules/@atproto/common/node_modules/@atproto/lex-data/package.json
/private/tmp/atseq-research-evidence-typecheck-20261002/node_modules/@atproto/common/node_modules/@atproto/lex-json/package.json
/private/tmp/atseq-research-evidence-typecheck-20261002/node_modules/@atproto/common/node_modules/@atproto/syntax/package.json
/private/tmp/atseq-research-evidence-typecheck-20261002/node_modules/@atproto/crypto/package.json
/private/tmp/atseq-research-evidence-typecheck-20261002/node_modules/@atproto/did/package.json
/private/tmp/atseq-research-evidence-typecheck-20261002/node_modules/@atproto/jwk/package.json
/private/tmp/atseq-research-evidence-typecheck-20261002/node_modules/@atproto/jwk-jose/package.json
/private/tmp/atseq-research-evidence-typecheck-20261002/node_modules/@atproto/jwk-webcrypto/package.json
/private/tmp/atseq-research-evidence-typecheck-20261002/node_modules/@atproto/jwk/node_modules/multiformats/package.json
/private/tmp/atseq-research-evidence-typecheck-20261002/node_modules/@atproto/lex/package.json
/private/tmp/atseq-research-evidence-typecheck-20261002/node_modules/@atproto/lex-builder/package.json
/private/tmp/atseq-research-evidence-typecheck-20261002/node_modules/@atproto/lex-cbor/package.json
/private/tmp/atseq-research-evidence-typecheck-20261002/node_modules/@atproto/lex-cbor/node_modules/@atproto/lex-data/package.json
/private/tmp/atseq-research-evidence-typecheck-20261002/node_modules/@atproto/lex-client/package.json
/private/tmp/atseq-research-evidence-typecheck-20261002/node_modules/@atproto/lex-client/node_modules/@atproto/lex-json/package.json
/private/tmp/atseq-research-evidence-typecheck-20261002/node_modules/@atproto/lex-data/package.json
/private/tmp/atseq-research-evidence-typecheck-20261002/node_modules/@atproto/lex-document/package.json
/private/tmp/atseq-research-evidence-typecheck-20261002/node_modules/@atproto/lex-installer/package.json
/private/tmp/atseq-research-evidence-typecheck-20261002/node_modules/@atproto/lex-installer/node_modules/@atproto/syntax/package.json
/private/tmp/atseq-research-evidence-typecheck-20261002/node_modules/@atproto/lex-json/package.json
/private/tmp/atseq-research-evidence-typecheck-20261002/node_modules/@atproto/lex-resolver/package.json
/private/tmp/atseq-research-evidence-typecheck-20261002/node_modules/@atproto/lex-schema/package.json
/private/tmp/atseq-research-evidence-typecheck-20261002/node_modules/@atproto/lexicon/package.json
/private/tmp/atseq-research-evidence-typecheck-20261002/node_modules/@atproto/oauth-client/package.json
/private/tmp/atseq-research-evidence-typecheck-20261002/node_modules/@atproto/oauth-client-browser/package.json
/private/tmp/atseq-research-evidence-typecheck-20261002/node_modules/@atproto/oauth-client-node/package.json
/private/tmp/atseq-research-evidence-typecheck-20261002/node_modules/@atproto/oauth-types/package.json
/private/tmp/atseq-research-evidence-typecheck-20261002/node_modules/@atproto/repo/package.json
/private/tmp/atseq-research-evidence-typecheck-20261002/node_modules/@atproto/repo/node_modules/@atproto/lexicon/package.json
/private/tmp/atseq-research-evidence-typecheck-20261002/node_modules/@atproto/syntax/package.json
/private/tmp/atseq-research-evidence-typecheck-20261002/node_modules/@atproto/xrpc/package.json
/private/tmp/atseq-research-evidence-typecheck-20261002/node_modules/@atproto/xrpc/node_modules/@atproto/common-web/package.json
/private/tmp/atseq-research-evidence-typecheck-20261002/node_modules/@atproto/xrpc/node_modules/@atproto/lexicon/package.json
/private/tmp/atseq-research-evidence-typecheck-20261002/node_modules/@atproto/xrpc/node_modules/@atproto/syntax/package.json
/private/tmp/atseq-research-evidence-typecheck-20261002/node_modules/@inlay/core/package.json
/private/tmp/atseq-research-evidence-typecheck-20261002/node_modules/@inlay/render/package.json
/private/tmp/atseq-research-evidence-typecheck-20261002/node_modules/@ipld/dag-cbor/package.json
/private/tmp/atseq-research-evidence-typecheck-20261002/node_modules/@noble/curves/package.json
/private/tmp/atseq-research-evidence-typecheck-20261002/node_modules/@noble/hashes/package.json
/private/tmp/atseq-research-evidence-typecheck-20261002/node_modules/@noble/secp256k1/package.json
/private/tmp/atseq-research-evidence-typecheck-20261002/node_modules/@oomfware/eval/package.json
/private/tmp/atseq-research-evidence-typecheck-20261002/node_modules/@standard-schema/spec/package.json
/private/tmp/atseq-research-evidence-typecheck-20261002/node_modules/@ts-morph/common/package.json
/private/tmp/atseq-research-evidence-typecheck-20261002/node_modules/abort-controller/package.json
/private/tmp/atseq-research-evidence-typecheck-20261002/node_modules/ansi-regex/package.json
/private/tmp/atseq-research-evidence-typecheck-20261002/node_modules/ansi-styles/package.json
/private/tmp/atseq-research-evidence-typecheck-20261002/node_modules/atomic-sleep/package.json
/private/tmp/atseq-research-evidence-typecheck-20261002/node_modules/balanced-match/package.json
/private/tmp/atseq-research-evidence-typecheck-20261002/node_modules/base64-js/package.json
/private/tmp/atseq-research-evidence-typecheck-20261002/node_modules/brace-expansion/package.json
/private/tmp/atseq-research-evidence-typecheck-20261002/node_modules/buffer/package.json
/private/tmp/atseq-research-evidence-typecheck-20261002/node_modules/cborg/package.json
/private/tmp/atseq-research-evidence-typecheck-20261002/node_modules/cliui/package.json
/private/tmp/atseq-research-evidence-typecheck-20261002/node_modules/code-block-writer/package.json
/private/tmp/atseq-research-evidence-typecheck-20261002/node_modules/color-convert/package.json
/private/tmp/atseq-research-evidence-typecheck-20261002/node_modules/color-name/package.json
/private/tmp/atseq-research-evidence-typecheck-20261002/node_modules/core-js/package.json
/private/tmp/atseq-research-evidence-typecheck-20261002/node_modules/emoji-regex/package.json
/private/tmp/atseq-research-evidence-typecheck-20261002/node_modules/escalade/package.json
/private/tmp/atseq-research-evidence-typecheck-20261002/node_modules/esm-env/package.json
/private/tmp/atseq-research-evidence-typecheck-20261002/node_modules/event-target-shim/package.json
/private/tmp/atseq-research-evidence-typecheck-20261002/node_modules/events/package.json
/private/tmp/atseq-research-evidence-typecheck-20261002/node_modules/fast-redact/package.json
/private/tmp/atseq-research-evidence-typecheck-20261002/node_modules/fdir/package.json
/private/tmp/atseq-research-evidence-typecheck-20261002/node_modules/get-caller-file/package.json
/private/tmp/atseq-research-evidence-typecheck-20261002/node_modules/ieee754/package.json
/private/tmp/atseq-research-evidence-typecheck-20261002/node_modules/ipaddr.js/package.json
/private/tmp/atseq-research-evidence-typecheck-20261002/node_modules/is-fullwidth-code-point/package.json
/private/tmp/atseq-research-evidence-typecheck-20261002/node_modules/iso-datestring-validator/package.json
/private/tmp/atseq-research-evidence-typecheck-20261002/node_modules/jose/package.json
/private/tmp/atseq-research-evidence-typecheck-20261002/node_modules/jsonata/package.json
/private/tmp/atseq-research-evidence-typecheck-20261002/node_modules/jsonc-parser/package.json
/private/tmp/atseq-research-evidence-typecheck-20261002/node_modules/lru-cache/package.json
/private/tmp/atseq-research-evidence-typecheck-20261002/node_modules/minimatch/package.json
/private/tmp/atseq-research-evidence-typecheck-20261002/node_modules/multiformats/package.json
/private/tmp/atseq-research-evidence-typecheck-20261002/node_modules/on-exit-leak-free/package.json
/private/tmp/atseq-research-evidence-typecheck-20261002/node_modules/path-browserify/package.json
/private/tmp/atseq-research-evidence-typecheck-20261002/node_modules/picomatch/package.json
/private/tmp/atseq-research-evidence-typecheck-20261002/node_modules/pino/package.json
/private/tmp/atseq-research-evidence-typecheck-20261002/node_modules/pino-abstract-transport/package.json
/private/tmp/atseq-research-evidence-typecheck-20261002/node_modules/pino-std-serializers/package.json
/private/tmp/atseq-research-evidence-typecheck-20261002/node_modules/prettier/package.json
/private/tmp/atseq-research-evidence-typecheck-20261002/node_modules/process/package.json
/private/tmp/atseq-research-evidence-typecheck-20261002/node_modules/process-warning/package.json
/private/tmp/atseq-research-evidence-typecheck-20261002/node_modules/quick-format-unescaped/package.json
/private/tmp/atseq-research-evidence-typecheck-20261002/node_modules/readable-stream/package.json
/private/tmp/atseq-research-evidence-typecheck-20261002/node_modules/real-require/package.json
/private/tmp/atseq-research-evidence-typecheck-20261002/node_modules/require-directory/package.json
/private/tmp/atseq-research-evidence-typecheck-20261002/node_modules/safe-buffer/package.json
/private/tmp/atseq-research-evidence-typecheck-20261002/node_modules/safe-stable-stringify/package.json
/private/tmp/atseq-research-evidence-typecheck-20261002/node_modules/sonic-boom/package.json
/private/tmp/atseq-research-evidence-typecheck-20261002/node_modules/split2/package.json
/private/tmp/atseq-research-evidence-typecheck-20261002/node_modules/string-width/package.json
/private/tmp/atseq-research-evidence-typecheck-20261002/node_modules/string_decoder/package.json
/private/tmp/atseq-research-evidence-typecheck-20261002/node_modules/strip-ansi/package.json
/private/tmp/atseq-research-evidence-typecheck-20261002/node_modules/thread-stream/package.json
/private/tmp/atseq-research-evidence-typecheck-20261002/node_modules/tinyglobby/package.json
/private/tmp/atseq-research-evidence-typecheck-20261002/node_modules/ts-morph/package.json
/private/tmp/atseq-research-evidence-typecheck-20261002/node_modules/tslib/package.json
/private/tmp/atseq-research-evidence-typecheck-20261002/node_modules/uint8arrays/package.json
/private/tmp/atseq-research-evidence-typecheck-20261002/node_modules/undici_v6/package.json
/private/tmp/atseq-research-evidence-typecheck-20261002/node_modules/undici_v7/package.json
/private/tmp/atseq-research-evidence-typecheck-20261002/node_modules/undici_v8/package.json
/private/tmp/atseq-research-evidence-typecheck-20261002/node_modules/unicode-segmenter/package.json
/private/tmp/atseq-research-evidence-typecheck-20261002/node_modules/valibot/package.json
/private/tmp/atseq-research-evidence-typecheck-20261002/node_modules/varint/package.json
/private/tmp/atseq-research-evidence-typecheck-20261002/node_modules/wrap-ansi/package.json
/private/tmp/atseq-research-evidence-typecheck-20261002/node_modules/y18n/package.json
/private/tmp/atseq-research-evidence-typecheck-20261002/node_modules/yargs/package.json
/private/tmp/atseq-research-evidence-typecheck-20261002/node_modules/yargs-parser/package.json
/private/tmp/atseq-research-evidence-typecheck-20261002/node_modules/zod/package.json
/private/tmp/atseq-research-evidence-typecheck-20261002/src/core/dependencies-approved.json
/private/tmp/atseq-research-evidence-typecheck-20261002/npm-shrinkwrap.json
/private/tmp/atseq-research-evidence-typecheck-20261002/src/core/dependency-peers.ts
/private/tmp/atseq-research-evidence-typecheck-20261002/src/core/dependencies.ts
/private/tmp/atseq-research-evidence-typecheck-20261002/src/core/utf8.ts
/private/tmp/atseq-research-evidence-typecheck-20261002/src/protocol/wire.ts
/private/tmp/atseq-research-evidence-typecheck-20261002/node_modules/zod/v3/helpers/typeAliases.d.cts
/private/tmp/atseq-research-evidence-typecheck-20261002/node_modules/zod/v3/helpers/util.d.cts
/private/tmp/atseq-research-evidence-typecheck-20261002/node_modules/zod/v3/index.d.cts
/private/tmp/atseq-research-evidence-typecheck-20261002/node_modules/zod/v3/ZodError.d.cts
/private/tmp/atseq-research-evidence-typecheck-20261002/node_modules/zod/v3/locales/en.d.cts
/private/tmp/atseq-research-evidence-typecheck-20261002/node_modules/zod/v3/errors.d.cts
/private/tmp/atseq-research-evidence-typecheck-20261002/node_modules/zod/v3/helpers/parseUtil.d.cts
/private/tmp/atseq-research-evidence-typecheck-20261002/node_modules/zod/v3/helpers/enumUtil.d.cts
/private/tmp/atseq-research-evidence-typecheck-20261002/node_modules/zod/v3/helpers/errorUtil.d.cts
/private/tmp/atseq-research-evidence-typecheck-20261002/node_modules/zod/v3/helpers/partialUtil.d.cts
/private/tmp/atseq-research-evidence-typecheck-20261002/node_modules/zod/v3/standard-schema.d.cts
/private/tmp/atseq-research-evidence-typecheck-20261002/node_modules/zod/v3/types.d.cts
/private/tmp/atseq-research-evidence-typecheck-20261002/node_modules/zod/v3/external.d.cts
/private/tmp/atseq-research-evidence-typecheck-20261002/node_modules/zod/index.d.cts
/private/tmp/atseq-research-evidence-typecheck-20261002/node_modules/@atproto/lexicon/dist/types.d.ts
/private/tmp/atseq-research-evidence-typecheck-20261002/node_modules/@atproto/lexicon/dist/lexicons.d.ts
/private/tmp/atseq-research-evidence-typecheck-20261002/node_modules/@atproto/lexicon/node_modules/multiformats/dist/src/bases/interface.d.ts
/private/tmp/atseq-research-evidence-typecheck-20261002/node_modules/@atproto/lexicon/node_modules/multiformats/dist/src/block/interface.d.ts
/private/tmp/atseq-research-evidence-typecheck-20261002/node_modules/@atproto/lexicon/node_modules/multiformats/dist/src/hashes/digest.d.ts
/private/tmp/atseq-research-evidence-typecheck-20261002/node_modules/@atproto/lexicon/node_modules/multiformats/dist/src/hashes/hasher.d.ts
/private/tmp/atseq-research-evidence-typecheck-20261002/node_modules/@atproto/lexicon/node_modules/multiformats/dist/src/hashes/interface.d.ts
/private/tmp/atseq-research-evidence-typecheck-20261002/node_modules/@atproto/lexicon/node_modules/multiformats/dist/src/link/interface.d.ts
/private/tmp/atseq-research-evidence-typecheck-20261002/node_modules/@atproto/lexicon/node_modules/multiformats/dist/src/cid.d.ts
/private/tmp/atseq-research-evidence-typecheck-20261002/node_modules/@atproto/lexicon/dist/blob-refs.d.ts
/private/tmp/atseq-research-evidence-typecheck-20261002/node_modules/@atproto/common-web/dist/check.d.ts
/private/tmp/atseq-research-evidence-typecheck-20261002/node_modules/@atproto/common-web/dist/util.d.ts
/private/tmp/atseq-research-evidence-typecheck-20261002/node_modules/@atproto/common-web/dist/arrays.d.ts
/private/tmp/atseq-research-evidence-typecheck-20261002/node_modules/@atproto/common-web/dist/async.d.ts
/private/tmp/atseq-research-evidence-typecheck-20261002/node_modules/@atproto/common-web/dist/tid.d.ts
/private/tmp/atseq-research-evidence-typecheck-20261002/node_modules/@atproto/common-web/dist/ipld.d.ts
/private/tmp/atseq-research-evidence-typecheck-20261002/node_modules/@atproto/common-web/dist/retry.d.ts
/private/tmp/atseq-research-evidence-typecheck-20261002/node_modules/@atproto/lex-data/dist/cid.d.ts
/private/tmp/atseq-research-evidence-typecheck-20261002/node_modules/@atproto/lex-data/dist/lex.d.ts
/private/tmp/atseq-research-evidence-typecheck-20261002/node_modules/@atproto/lex-data/dist/blob.d.ts
/private/tmp/atseq-research-evidence-typecheck-20261002/node_modules/@atproto/lex-data/dist/lex-equals.d.ts
/private/tmp/atseq-research-evidence-typecheck-20261002/node_modules/@atproto/lex-data/dist/lex-error.d.ts
/private/tmp/atseq-research-evidence-typecheck-20261002/node_modules/@atproto/lex-data/dist/object.d.ts
/private/tmp/atseq-research-evidence-typecheck-20261002/node_modules/@atproto/lex-data/dist/uint8array-base64.d.ts
/private/tmp/atseq-research-evidence-typecheck-20261002/node_modules/@atproto/lex-data/dist/uint8array.d.ts
/private/tmp/atseq-research-evidence-typecheck-20261002/node_modules/@atproto/lex-data/dist/utf8.d.ts
/private/tmp/atseq-research-evidence-typecheck-20261002/node_modules/@atproto/lex-data/dist/index.d.ts
/private/tmp/atseq-research-evidence-typecheck-20261002/node_modules/@atproto/common-web/dist/types.d.ts
/private/tmp/atseq-research-evidence-typecheck-20261002/node_modules/@atproto/common-web/dist/times.d.ts
/private/tmp/atseq-research-evidence-typecheck-20261002/node_modules/@atproto/syntax/dist/did.d.ts
/private/tmp/atseq-research-evidence-typecheck-20261002/node_modules/@atproto/syntax/dist/handle.d.ts
/private/tmp/atseq-research-evidence-typecheck-20261002/node_modules/@atproto/syntax/dist/at-identifier.d.ts
/private/tmp/atseq-research-evidence-typecheck-20261002/node_modules/@atproto/syntax/dist/lib/result.d.ts
/private/tmp/atseq-research-evidence-typecheck-20261002/node_modules/@atproto/syntax/dist/nsid.d.ts
/private/tmp/atseq-research-evidence-typecheck-20261002/node_modules/@atproto/syntax/dist/aturi_validation.d.ts
/private/tmp/atseq-research-evidence-typecheck-20261002/node_modules/@atproto/syntax/dist/recordkey.d.ts
/private/tmp/atseq-research-evidence-typecheck-20261002/node_modules/@atproto/syntax/dist/aturi.d.ts
/private/tmp/atseq-research-evidence-typecheck-20261002/node_modules/@atproto/syntax/dist/datetime.d.ts
/private/tmp/atseq-research-evidence-typecheck-20261002/node_modules/@atproto/syntax/dist/language.d.ts
/private/tmp/atseq-research-evidence-typecheck-20261002/node_modules/@atproto/syntax/dist/tid.d.ts
/private/tmp/atseq-research-evidence-typecheck-20261002/node_modules/@atproto/syntax/dist/uri.d.ts
/private/tmp/atseq-research-evidence-typecheck-20261002/node_modules/@atproto/syntax/dist/index.d.ts
/private/tmp/atseq-research-evidence-typecheck-20261002/node_modules/@atproto/common-web/dist/strings.d.ts
/private/tmp/atseq-research-evidence-typecheck-20261002/node_modules/@atproto/common-web/dist/did-doc.d.ts
/private/tmp/atseq-research-evidence-typecheck-20261002/node_modules/@atproto/common-web/dist/index.d.ts
/private/tmp/atseq-research-evidence-typecheck-20261002/node_modules/@atproto/lexicon/dist/serialize.d.ts
/private/tmp/atseq-research-evidence-typecheck-20261002/node_modules/@atproto/lexicon/dist/index.d.ts
/private/tmp/atseq-research-evidence-typecheck-20261002/src/protocol/schemas.ts
/private/tmp/atseq-research-evidence-typecheck-20261002/src/protocol/log.ts
/private/tmp/atseq-research-evidence-typecheck-20261002/src/protocol/identity.ts
/private/tmp/atseq-research-evidence-typecheck-20261002/node_modules/@atcute/car/dist/types.d.ts
/private/tmp/atseq-research-evidence-typecheck-20261002/node_modules/@atcute/car/dist/reader.d.ts
/private/tmp/atseq-research-evidence-typecheck-20261002/node_modules/@atcute/car/dist/streamed-reader.d.ts
/private/tmp/atseq-research-evidence-typecheck-20261002/node_modules/@atcute/car/dist/writer.d.ts
/private/tmp/atseq-research-evidence-typecheck-20261002/node_modules/@atcute/car/dist/errors.d.ts
/private/tmp/atseq-research-evidence-typecheck-20261002/node_modules/@atcute/car/dist/verify.d.ts
/private/tmp/atseq-research-evidence-typecheck-20261002/node_modules/@atcute/car/dist/index.d.ts
/private/tmp/atseq-research-evidence-typecheck-20261002/node_modules/@atcute/varint/dist/index.d.ts
/private/tmp/atseq-research-evidence-typecheck-20261002/node_modules/@atcute/repo/dist/types.d.ts
/private/tmp/atseq-research-evidence-typecheck-20261002/node_modules/@atcute/repo/dist/reader.d.ts
/private/tmp/atseq-research-evidence-typecheck-20261002/node_modules/@atcute/repo/dist/streamed-reader.d.ts
/private/tmp/atseq-research-evidence-typecheck-20261002/node_modules/@atcute/lexicons/dist/syntax/did.d.ts
/private/tmp/atseq-research-evidence-typecheck-20261002/node_modules/@atcute/lexicons/dist/syntax/handle.d.ts
/private/tmp/atseq-research-evidence-typecheck-20261002/node_modules/@atcute/lexicons/dist/syntax/at-identifier.d.ts
/private/tmp/atseq-research-evidence-typecheck-20261002/node_modules/@atcute/lexicons/dist/syntax/nsid.d.ts
/private/tmp/atseq-research-evidence-typecheck-20261002/node_modules/@atcute/lexicons/dist/syntax/record-key.d.ts
/private/tmp/atseq-research-evidence-typecheck-20261002/node_modules/@atcute/lexicons/dist/syntax/at-uri.d.ts
/private/tmp/atseq-research-evidence-typecheck-20261002/node_modules/@atcute/lexicons/dist/syntax/cid.d.ts
/private/tmp/atseq-research-evidence-typecheck-20261002/node_modules/@atcute/lexicons/dist/syntax/datetime.d.ts
/private/tmp/atseq-research-evidence-typecheck-20261002/node_modules/@atcute/lexicons/dist/syntax/language.d.ts
/private/tmp/atseq-research-evidence-typecheck-20261002/node_modules/@atcute/lexicons/dist/syntax/tid.d.ts
/private/tmp/atseq-research-evidence-typecheck-20261002/node_modules/@atcute/lexicons/dist/syntax/uri.d.ts
/private/tmp/atseq-research-evidence-typecheck-20261002/node_modules/@atcute/lexicons/dist/syntax/index.d.ts
/private/tmp/atseq-research-evidence-typecheck-20261002/node_modules/@atcute/repo/dist/verify.d.ts
/private/tmp/atseq-research-evidence-typecheck-20261002/node_modules/@atcute/repo/dist/index.d.ts
/private/tmp/atseq-research-evidence-typecheck-20261002/node_modules/@atcute/mst/dist/types.d.ts
/private/tmp/atseq-research-evidence-typecheck-20261002/node_modules/@atcute/mst/dist/key.d.ts
/private/tmp/atseq-research-evidence-typecheck-20261002/node_modules/@atcute/mst/dist/node.d.ts
/private/tmp/atseq-research-evidence-typecheck-20261002/node_modules/@atcute/mst/dist/blockmap.d.ts
/private/tmp/atseq-research-evidence-typecheck-20261002/node_modules/@atcute/mst/dist/stores.d.ts
/private/tmp/atseq-research-evidence-typecheck-20261002/node_modules/@atcute/mst/dist/utils/lru.d.ts
/private/tmp/atseq-research-evidence-typecheck-20261002/node_modules/@atcute/mst/dist/node-store.d.ts
/private/tmp/atseq-research-evidence-typecheck-20261002/node_modules/@atcute/mst/dist/node-wrangler.d.ts
/private/tmp/atseq-research-evidence-typecheck-20261002/node_modules/@atcute/mst/dist/utils/stack.d.ts
/private/tmp/atseq-research-evidence-typecheck-20261002/node_modules/@atcute/mst/dist/node-walker.d.ts
/private/tmp/atseq-research-evidence-typecheck-20261002/node_modules/@atcute/mst/dist/diff.d.ts
/private/tmp/atseq-research-evidence-typecheck-20261002/node_modules/@atcute/mst/dist/proof.d.ts
/private/tmp/atseq-research-evidence-typecheck-20261002/node_modules/@atcute/mst/dist/errors.d.ts
/private/tmp/atseq-research-evidence-typecheck-20261002/node_modules/@atcute/mst/dist/index.d.ts
/private/tmp/atseq-research-evidence-typecheck-20261002/node_modules/@noble/secp256k1/index.d.ts
/private/tmp/atseq-research-evidence-typecheck-20261002/node_modules/@atcute/multibase/dist/bases/base16-web-native.d.ts
/private/tmp/atseq-research-evidence-typecheck-20261002/node_modules/@atcute/multibase/dist/bases/base16-web.d.ts
/private/tmp/atseq-research-evidence-typecheck-20261002/node_modules/@atcute/multibase/dist/bases/base64-web-native.d.ts
/private/tmp/atseq-research-evidence-typecheck-20261002/node_modules/@atcute/multibase/dist/bases/base64-web.d.ts
/private/tmp/atseq-research-evidence-typecheck-20261002/node_modules/@atcute/multibase/dist/bases/base32-encode.d.ts
/private/tmp/atseq-research-evidence-typecheck-20261002/node_modules/@atcute/multibase/dist/bases/base32.d.ts
/private/tmp/atseq-research-evidence-typecheck-20261002/node_modules/@atcute/multibase/dist/bases/base58.d.ts
/private/tmp/atseq-research-evidence-typecheck-20261002/node_modules/@atcute/multibase/dist/index.d.ts
/private/tmp/atseq-research-evidence-typecheck-20261002/src/protocol/native-proof.ts
/private/tmp/atseq-research-evidence-typecheck-20261002/src/protocol/index.ts
/private/tmp/atseq-research-evidence-typecheck-20261002/node_modules/jsonata/jsonata.d.ts
/private/tmp/atseq-research-evidence-typecheck-20261002/src/runtime/evaluator.ts
/private/tmp/atseq-research-evidence-typecheck-20261002/src/runtime/index.ts
/private/tmp/atseq-research-evidence-typecheck-20261002/src/definition/source.ts
/private/tmp/atseq-research-evidence-typecheck-20261002/src/core/queue.ts
/private/tmp/atseq-research-evidence-typecheck-20261002/src/definition/control.ts
/private/tmp/atseq-research-evidence-typecheck-20261002/node_modules/@atproto/lex/node_modules/@atproto/lex-data/dist/cid.d.ts
/private/tmp/atseq-research-evidence-typecheck-20261002/node_modules/@atproto/lex/node_modules/@atproto/lex-data/dist/lex.d.ts
/private/tmp/atseq-research-evidence-typecheck-20261002/node_modules/@atproto/lex/node_modules/@atproto/lex-data/dist/blob.d.ts
/private/tmp/atseq-research-evidence-typecheck-20261002/node_modules/@atproto/lex/node_modules/@atproto/lex-data/dist/lex-equals.d.ts
/private/tmp/atseq-research-evidence-typecheck-20261002/node_modules/@atproto/lex/node_modules/@atproto/lex-data/dist/lex-error.d.ts
/private/tmp/atseq-research-evidence-typecheck-20261002/node_modules/@atproto/lex/node_modules/@atproto/lex-data/dist/object.d.ts
/private/tmp/atseq-research-evidence-typecheck-20261002/node_modules/@atproto/lex/node_modules/@atproto/lex-data/dist/uint8array-base64.d.ts
/private/tmp/atseq-research-evidence-typecheck-20261002/node_modules/@atproto/lex/node_modules/@atproto/lex-data/dist/uint8array.d.ts
/private/tmp/atseq-research-evidence-typecheck-20261002/node_modules/@atproto/lex/node_modules/@atproto/lex-data/dist/utf8.d.ts
/private/tmp/atseq-research-evidence-typecheck-20261002/node_modules/@atproto/lex/node_modules/@atproto/lex-data/dist/index.d.ts
/private/tmp/atseq-research-evidence-typecheck-20261002/node_modules/@atproto/lex/node_modules/@atproto/lex-json/dist/json.d.ts
/private/tmp/atseq-research-evidence-typecheck-20261002/node_modules/@atproto/lex/node_modules/@atproto/lex-json/dist/bytes.d.ts
/private/tmp/atseq-research-evidence-typecheck-20261002/node_modules/@atproto/lex/node_modules/@atproto/lex-json/dist/lex-json.d.ts
/private/tmp/atseq-research-evidence-typecheck-20261002/node_modules/@atproto/lex/node_modules/@atproto/lex-json/dist/link.d.ts
/private/tmp/atseq-research-evidence-typecheck-20261002/node_modules/@atproto/lex/node_modules/@atproto/lex-json/dist/index.d.ts
/private/tmp/atseq-research-evidence-typecheck-20261002/node_modules/@atproto/lex-schema/node_modules/@atproto/syntax/dist/did.d.ts
/private/tmp/atseq-research-evidence-typecheck-20261002/node_modules/@atproto/lex-schema/node_modules/@atproto/syntax/dist/handle.d.ts
/private/tmp/atseq-research-evidence-typecheck-20261002/node_modules/@atproto/lex-schema/node_modules/@atproto/syntax/dist/at-identifier.d.ts
/private/tmp/atseq-research-evidence-typecheck-20261002/node_modules/@atproto/lex-schema/node_modules/@atproto/syntax/dist/nsid.d.ts
/private/tmp/atseq-research-evidence-typecheck-20261002/node_modules/@atproto/lex-schema/node_modules/@atproto/syntax/dist/aturi_validation.d.ts
/private/tmp/atseq-research-evidence-typecheck-20261002/node_modules/@atproto/lex-schema/node_modules/@atproto/syntax/dist/aturi.d.ts
/private/tmp/atseq-research-evidence-typecheck-20261002/node_modules/@atproto/lex-schema/node_modules/@atproto/syntax/dist/datetime.d.ts
/private/tmp/atseq-research-evidence-typecheck-20261002/node_modules/@atproto/lex-schema/node_modules/@atproto/syntax/dist/language.d.ts
/private/tmp/atseq-research-evidence-typecheck-20261002/node_modules/@atproto/lex-schema/node_modules/@atproto/syntax/dist/recordkey.d.ts
/private/tmp/atseq-research-evidence-typecheck-20261002/node_modules/@atproto/lex-schema/node_modules/@atproto/syntax/dist/tid.d.ts
/private/tmp/atseq-research-evidence-typecheck-20261002/node_modules/@atproto/lex-schema/node_modules/@atproto/syntax/dist/uri.d.ts
/private/tmp/atseq-research-evidence-typecheck-20261002/node_modules/@atproto/lex-schema/node_modules/@atproto/syntax/dist/index.d.ts
/private/tmp/atseq-research-evidence-typecheck-20261002/node_modules/@atproto/lex-schema/dist/util/assertion-util.d.ts
/private/tmp/atseq-research-evidence-typecheck-20261002/node_modules/@atproto/lex-schema/dist/core/string-format.d.ts
/private/tmp/atseq-research-evidence-typecheck-20261002/node_modules/@atproto/lex-schema/dist/core/types.d.ts
/private/tmp/atseq-research-evidence-typecheck-20261002/node_modules/@atproto/lex-schema/dist/core/$type.d.ts
/private/tmp/atseq-research-evidence-typecheck-20261002/node_modules/@atproto/lex-schema/dist/core/property-key.d.ts
/private/tmp/atseq-research-evidence-typecheck-20261002/node_modules/@atproto/lex-schema/dist/core/record-key.d.ts
/private/tmp/atseq-research-evidence-typecheck-20261002/node_modules/@atproto/lex-schema/dist/core/result.d.ts
/private/tmp/atseq-research-evidence-typecheck-20261002/node_modules/@atproto/lex-schema/dist/core/validation-issue.d.ts
/private/tmp/atseq-research-evidence-typecheck-20261002/node_modules/@atproto/lex-schema/dist/core/validation-error.d.ts
/private/tmp/atseq-research-evidence-typecheck-20261002/node_modules/@atproto/lex-schema/dist/core/validator.d.ts
/private/tmp/atseq-research-evidence-typecheck-20261002/node_modules/@atproto/lex-schema/dist/core/schema.d.ts
/private/tmp/atseq-research-evidence-typecheck-20261002/node_modules/@atproto/lex-schema/dist/core.d.ts
/private/tmp/atseq-research-evidence-typecheck-20261002/node_modules/@atproto/lex-schema/dist/schema/array.d.ts
/private/tmp/atseq-research-evidence-typecheck-20261002/node_modules/@atproto/lex-schema/dist/schema/blob.d.ts
/private/tmp/atseq-research-evidence-typecheck-20261002/node_modules/@atproto/lex-schema/dist/schema/boolean.d.ts
/private/tmp/atseq-research-evidence-typecheck-20261002/node_modules/@atproto/lex-schema/dist/schema/bytes.d.ts
/private/tmp/atseq-research-evidence-typecheck-20261002/node_modules/@atproto/lex-schema/dist/schema/cid.d.ts
/private/tmp/atseq-research-evidence-typecheck-20261002/node_modules/@atproto/lex-schema/dist/schema/dict.d.ts
/private/tmp/atseq-research-evidence-typecheck-20261002/node_modules/@atproto/lex-schema/dist/schema/enum.d.ts
/private/tmp/atseq-research-evidence-typecheck-20261002/node_modules/@atproto/lex-schema/dist/schema/integer.d.ts
/private/tmp/atseq-research-evidence-typecheck-20261002/node_modules/@atproto/lex-schema/dist/schema/lex-map.d.ts
/private/tmp/atseq-research-evidence-typecheck-20261002/node_modules/@atproto/lex-schema/dist/schema/lex-value.d.ts
/private/tmp/atseq-research-evidence-typecheck-20261002/node_modules/@atproto/lex-schema/dist/schema/literal.d.ts
/private/tmp/atseq-research-evidence-typecheck-20261002/node_modules/@atproto/lex-schema/dist/schema/never.d.ts
/private/tmp/atseq-research-evidence-typecheck-20261002/node_modules/@atproto/lex-schema/dist/schema/null.d.ts
/private/tmp/atseq-research-evidence-typecheck-20261002/node_modules/@atproto/lex-schema/dist/schema/object.d.ts
/private/tmp/atseq-research-evidence-typecheck-20261002/node_modules/@atproto/lex-schema/dist/schema/regexp.d.ts
/private/tmp/atseq-research-evidence-typecheck-20261002/node_modules/@atproto/lex-schema/dist/util/if-any.d.ts
/private/tmp/atseq-research-evidence-typecheck-20261002/node_modules/@atproto/lex-schema/dist/schema/string.d.ts
/private/tmp/atseq-research-evidence-typecheck-20261002/node_modules/@atproto/lex-schema/dist/schema/unknown.d.ts
/private/tmp/atseq-research-evidence-typecheck-20261002/node_modules/@atproto/lex-schema/dist/schema/custom.d.ts
/private/tmp/atseq-research-evidence-typecheck-20261002/node_modules/@atproto/lex-schema/dist/schema/discriminated-union.d.ts
/private/tmp/atseq-research-evidence-typecheck-20261002/node_modules/@atproto/lex-schema/dist/schema/intersection.d.ts
/private/tmp/atseq-research-evidence-typecheck-20261002/node_modules/@atproto/lex-schema/dist/schema/nullable.d.ts
/private/tmp/atseq-research-evidence-typecheck-20261002/node_modules/@atproto/lex-schema/dist/schema/with-default.d.ts
/private/tmp/atseq-research-evidence-typecheck-20261002/node_modules/@atproto/lex-schema/dist/schema/optional.d.ts
/private/tmp/atseq-research-evidence-typecheck-20261002/node_modules/@atproto/lex-schema/dist/schema/ref.d.ts
/private/tmp/atseq-research-evidence-typecheck-20261002/node_modules/@atproto/lex-schema/dist/schema/refine.d.ts
/private/tmp/atseq-research-evidence-typecheck-20261002/node_modules/@atproto/lex-schema/dist/schema/union.d.ts
/private/tmp/atseq-research-evidence-typecheck-20261002/node_modules/@atproto/lex-schema/dist/schema/params.d.ts
/private/tmp/atseq-research-evidence-typecheck-20261002/node_modules/@atproto/lex-schema/dist/schema/payload.d.ts
/private/tmp/atseq-research-evidence-typecheck-20261002/node_modules/@atproto/lex-schema/dist/schema/permission.d.ts
/private/tmp/atseq-research-evidence-typecheck-20261002/node_modules/@atproto/lex-schema/dist/schema/permission-set.d.ts
/private/tmp/atseq-research-evidence-typecheck-20261002/node_modules/@atproto/lex-schema/dist/schema/procedure.d.ts
/private/tmp/atseq-research-evidence-typecheck-20261002/node_modules/@atproto/lex-schema/dist/schema/query.d.ts
/private/tmp/atseq-research-evidence-typecheck-20261002/node_modules/@atproto/lex-schema/dist/schema/record.d.ts
/private/tmp/atseq-research-evidence-typecheck-20261002/node_modules/@atproto/lex-schema/dist/schema/subscription.d.ts
/private/tmp/atseq-research-evidence-typecheck-20261002/node_modules/@atproto/lex-schema/dist/schema/token.d.ts
/private/tmp/atseq-research-evidence-typecheck-20261002/node_modules/@atproto/lex-schema/dist/schema/typed-object.d.ts
/private/tmp/atseq-research-evidence-typecheck-20261002/node_modules/@atproto/lex-schema/dist/schema/typed-ref.d.ts
/private/tmp/atseq-research-evidence-typecheck-20261002/node_modules/@atproto/lex-schema/dist/schema/typed-union.d.ts
/private/tmp/atseq-research-evidence-typecheck-20261002/node_modules/@atproto/lex-schema/dist/schema.d.ts
/private/tmp/atseq-research-evidence-typecheck-20261002/node_modules/@atproto/lex-schema/dist/helpers.d.ts
/private/tmp/atseq-research-evidence-typecheck-20261002/node_modules/@atproto/lex-schema/dist/external.d.ts
/private/tmp/atseq-research-evidence-typecheck-20261002/node_modules/@atproto/lex-schema/dist/index.d.ts
/private/tmp/atseq-research-evidence-typecheck-20261002/node_modules/@atproto/lex-client/dist/agent.d.ts
/private/tmp/atseq-research-evidence-typecheck-20261002/node_modules/@atproto/lex-client/dist/util.d.ts
/private/tmp/atseq-research-evidence-typecheck-20261002/node_modules/@atproto/lex-client/dist/www-authenticate.d.ts
/private/tmp/atseq-research-evidence-typecheck-20261002/node_modules/@atproto/lex-client/dist/errors.d.ts
/private/tmp/atseq-research-evidence-typecheck-20261002/node_modules/@atproto/lex-client/dist/lexicons/com/atproto/repo/defs.defs.d.ts
/private/tmp/atseq-research-evidence-typecheck-20261002/node_modules/@atproto/lex-client/dist/lexicons/com/atproto/repo/createRecord.defs.d.ts
/private/tmp/atseq-research-evidence-typecheck-20261002/node_modules/@atproto/lex-client/dist/lexicons/com/atproto/repo/createRecord.d.ts
/private/tmp/atseq-research-evidence-typecheck-20261002/node_modules/@atproto/lex-client/dist/lexicons/com/atproto/repo/deleteRecord.defs.d.ts
/private/tmp/atseq-research-evidence-typecheck-20261002/node_modules/@atproto/lex-client/dist/lexicons/com/atproto/repo/deleteRecord.d.ts
/private/tmp/atseq-research-evidence-typecheck-20261002/node_modules/@atproto/lex-client/dist/lexicons/com/atproto/repo/getRecord.defs.d.ts
/private/tmp/atseq-research-evidence-typecheck-20261002/node_modules/@atproto/lex-client/dist/lexicons/com/atproto/repo/getRecord.d.ts
/private/tmp/atseq-research-evidence-typecheck-20261002/node_modules/@atproto/lex-client/dist/lexicons/com/atproto/repo/listRecords.defs.d.ts
/private/tmp/atseq-research-evidence-typecheck-20261002/node_modules/@atproto/lex-client/dist/lexicons/com/atproto/repo/listRecords.d.ts
/private/tmp/atseq-research-evidence-typecheck-20261002/node_modules/@atproto/lex-client/dist/lexicons/com/atproto/repo/putRecord.defs.d.ts
/private/tmp/atseq-research-evidence-typecheck-20261002/node_modules/@atproto/lex-client/dist/lexicons/com/atproto/repo/putRecord.d.ts
/private/tmp/atseq-research-evidence-typecheck-20261002/node_modules/@atproto/lex-client/dist/lexicons/com/atproto/repo/uploadBlob.defs.d.ts
/private/tmp/atseq-research-evidence-typecheck-20261002/node_modules/@atproto/lex-client/dist/lexicons/com/atproto/repo/uploadBlob.d.ts
/private/tmp/atseq-research-evidence-typecheck-20261002/node_modules/@atproto/lex-client/dist/lexicons/com/atproto/repo/defs.d.ts
/private/tmp/atseq-research-evidence-typecheck-20261002/node_modules/@atproto/lex-client/dist/lexicons/com/atproto/repo.d.ts
/private/tmp/atseq-research-evidence-typecheck-20261002/node_modules/@atproto/lex-client/dist/lexicons/com/atproto/sync/getBlob.defs.d.ts
/private/tmp/atseq-research-evidence-typecheck-20261002/node_modules/@atproto/lex-client/dist/lexicons/com/atproto/sync/getBlob.d.ts
/private/tmp/atseq-research-evidence-typecheck-20261002/node_modules/@atproto/lex-client/dist/lexicons/com/atproto/sync.d.ts
/private/tmp/atseq-research-evidence-typecheck-20261002/node_modules/@atproto/lex-client/dist/lexicons/com/atproto.d.ts
/private/tmp/atseq-research-evidence-typecheck-20261002/node_modules/@atproto/lex-client/dist/lexicons/com.d.ts
/private/tmp/atseq-research-evidence-typecheck-20261002/node_modules/@atproto/lex-client/dist/lexicons/index.d.ts
/private/tmp/atseq-research-evidence-typecheck-20261002/node_modules/@atproto/lex-client/dist/response.d.ts
/private/tmp/atseq-research-evidence-typecheck-20261002/node_modules/@atproto/lex-client/dist/types.d.ts
/private/tmp/atseq-research-evidence-typecheck-20261002/node_modules/@atproto/lex-client/dist/xrpc.d.ts
/private/tmp/atseq-research-evidence-typecheck-20261002/node_modules/@atproto/lex-client/dist/client.d.ts
/private/tmp/atseq-research-evidence-typecheck-20261002/node_modules/@atproto/lex-client/dist/index.d.ts
/private/tmp/atseq-research-evidence-typecheck-20261002/node_modules/@atproto/lex/dist/index.d.ts
/private/tmp/atseq-research-evidence-typecheck-20261002/node_modules/@inlay/core/dist/element.d.ts
/private/tmp/atseq-research-evidence-typecheck-20261002/node_modules/@inlay/core/dist/index.d.ts
/private/tmp/atseq-research-evidence-typecheck-20261002/node_modules/@inlay/render/dist/generated/at/inlay/defs.defs.d.ts
/private/tmp/atseq-research-evidence-typecheck-20261002/node_modules/@inlay/render/dist/generated/at/inlay/component.defs.d.ts
/private/tmp/atseq-research-evidence-typecheck-20261002/node_modules/@inlay/render/dist/packages/@inlay/render/src/index.d.ts
/private/tmp/atseq-research-evidence-typecheck-20261002/src/view/render-adapter.ts
/private/tmp/atseq-research-evidence-typecheck-20261002/src/view/inlay.ts
/private/tmp/atseq-research-evidence-typecheck-20261002/src/definition/schemas.ts
/private/tmp/atseq-research-evidence-typecheck-20261002/src/definition/load.ts
/private/tmp/atseq-research-evidence-typecheck-20261002/src/definition/activation.ts
/private/tmp/atseq-research-evidence-typecheck-20261002/src/application/folder.ts
/private/tmp/atseq-research-evidence-typecheck-20261002/src/application/apps.ts
/private/tmp/atseq-research-evidence-typecheck-20261002/src/definition/document.ts
/private/tmp/atseq-research-evidence-typecheck-20261002/src/application/definition.ts
/private/tmp/atseq-research-evidence-typecheck-20261002/src/application/index.ts
/private/tmp/atseq-research-evidence-typecheck-20261002/src/transport/api.ts
/private/tmp/atseq-research-evidence-typecheck-20261002/src/client/definition.ts
/private/tmp/atseq-research-evidence-typecheck-20261002/src/client/api.ts
/private/tmp/atseq-research-evidence-typecheck-20261002/src/client/identity.ts
/private/tmp/atseq-research-evidence-typecheck-20261002/src/client/store.ts
/private/tmp/atseq-research-evidence-typecheck-20261002/src/client/index.ts
/private/tmp/atseq-research-evidence-typecheck-20261002/src/archive/notices.json
/private/tmp/atseq-research-evidence-typecheck-20261002/src/archive/limits.ts
/private/tmp/atseq-research-evidence-typecheck-20261002/src/archive/archive.ts
/private/tmp/atseq-research-evidence-typecheck-20261002/src/archive/index.ts
/private/tmp/atseq-research-evidence-typecheck-20261002/src/api/index.ts
/private/tmp/atseq-research-evidence-typecheck-20261002/src/protocol/native-outcome.ts
/private/tmp/atseq-research-evidence-typecheck-20261002/node_modules/jsonc-parser/lib/umd/main.d.ts
/private/tmp/atseq-research-evidence-typecheck-20261002/src/protocol/strict-json.ts
/private/tmp/atseq-research-evidence-typecheck-20261002/node_modules/@atproto/did/dist/did.d.ts
/private/tmp/atseq-research-evidence-typecheck-20261002/node_modules/@atproto/did/dist/did-document.d.ts
/private/tmp/atseq-research-evidence-typecheck-20261002/node_modules/@atproto/did/dist/utils.d.ts
/private/tmp/atseq-research-evidence-typecheck-20261002/node_modules/@atproto/did/dist/atproto.d.ts
/private/tmp/atseq-research-evidence-typecheck-20261002/node_modules/@atproto/did/dist/did-error.d.ts
/private/tmp/atseq-research-evidence-typecheck-20261002/node_modules/@atproto/did/dist/methods/plc.d.ts
/private/tmp/atseq-research-evidence-typecheck-20261002/node_modules/@atproto/did/dist/methods/web.d.ts
/private/tmp/atseq-research-evidence-typecheck-20261002/node_modules/@atproto/did/dist/methods.d.ts
/private/tmp/atseq-research-evidence-typecheck-20261002/node_modules/@atproto/did/dist/index.d.ts
/private/tmp/atseq-research-evidence-typecheck-20261002/src/protocol/native-schema.ts
/private/tmp/atseq-research-evidence-typecheck-20261002/src/protocol/native-wire.ts
/private/tmp/atseq-research-evidence-typecheck-20261002/src/protocol/checkpoint-data.ts
/private/tmp/atseq-research-evidence-typecheck-20261002/src/protocol/identity-json.ts
/private/tmp/atseq-research-evidence-typecheck-20261002/src/protocol/identity-key.ts
/private/tmp/atseq-research-evidence-typecheck-20261002/src/definition/native-source-data/native-schemas.json
/private/tmp/atseq-research-evidence-typecheck-20261002/src/definition/native-source-data/native-rules.json
/private/tmp/atseq-research-evidence-typecheck-20261002/src/definition/native-source-data/application-rules.json
/private/tmp/atseq-research-evidence-typecheck-20261002/src/definition/native-source-data/native-descriptor.json
/private/tmp/atseq-research-evidence-typecheck-20261002/src/definition/native-source-data/application-descriptor.json
/private/tmp/atseq-research-evidence-typecheck-20261002/src/definition/native-source-data/evaluator-descriptor.json
/private/tmp/atseq-research-evidence-typecheck-20261002/src/definition/native-source-contract.ts
/private/tmp/atseq-research-evidence-typecheck-20261002/src/definition/native-source-projection.ts
/private/tmp/atseq-research-evidence-typecheck-20261002/node_modules/@noble/hashes/esm/utils.d.ts
/private/tmp/atseq-research-evidence-typecheck-20261002/node_modules/@noble/hashes/esm/_md.d.ts
/private/tmp/atseq-research-evidence-typecheck-20261002/node_modules/@noble/hashes/esm/sha2.d.ts
/private/tmp/atseq-research-evidence-typecheck-20261002/src/definition/native-source-transport.ts
/private/tmp/atseq-research-evidence-typecheck-20261002/src/definition/native-source.ts
/private/tmp/atseq-research-evidence-typecheck-20261002/node_modules/valibot/dist/index.d.mts
/private/tmp/atseq-research-evidence-typecheck-20261002/node_modules/@atcute/did-plc/dist/types.d.ts
/private/tmp/atseq-research-evidence-typecheck-20261002/node_modules/@atcute/did-plc/dist/typedefs.d.ts
/private/tmp/atseq-research-evidence-typecheck-20261002/node_modules/@atcute/identity/dist/typedefs.d.ts
/private/tmp/atseq-research-evidence-typecheck-20261002/node_modules/@atcute/lexicons/dist/interfaces/cid-link.d.ts
/private/tmp/atseq-research-evidence-typecheck-20261002/node_modules/@atcute/lexicons/dist/interfaces/blob.d.ts
/private/tmp/atseq-research-evidence-typecheck-20261002/node_modules/@atcute/lexicons/dist/interfaces/bytes.d.ts
/private/tmp/atseq-research-evidence-typecheck-20261002/node_modules/@atcute/lexicons/dist/types/brand.d.ts
/private/tmp/atseq-research-evidence-typecheck-20261002/node_modules/@standard-schema/spec/dist/index.d.ts
/private/tmp/atseq-research-evidence-typecheck-20261002/node_modules/@atcute/lexicons/dist/interfaces/index.d.ts
/private/tmp/atseq-research-evidence-typecheck-20261002/node_modules/@atcute/lexicons/dist/validations/index.d.ts
/private/tmp/atseq-research-evidence-typecheck-20261002/node_modules/@atcute/lexicons/dist/index.d.ts
/private/tmp/atseq-research-evidence-typecheck-20261002/node_modules/@atcute/identity/dist/utils.d.ts
/private/tmp/atseq-research-evidence-typecheck-20261002/node_modules/@atcute/identity/dist/did.d.ts
/private/tmp/atseq-research-evidence-typecheck-20261002/node_modules/@atcute/identity/dist/methods/key.d.ts
/private/tmp/atseq-research-evidence-typecheck-20261002/node_modules/@atcute/identity/dist/methods/plc.d.ts
/private/tmp/atseq-research-evidence-typecheck-20261002/node_modules/@atcute/identity/dist/methods/web.d.ts
/private/tmp/atseq-research-evidence-typecheck-20261002/node_modules/@atcute/identity/dist/index.d.ts
/private/tmp/atseq-research-evidence-typecheck-20261002/node_modules/@atcute/did-plc/dist/client.d.ts
/private/tmp/atseq-research-evidence-typecheck-20261002/node_modules/@atcute/did-plc/dist/constants.d.ts
/private/tmp/atseq-research-evidence-typecheck-20261002/node_modules/@atcute/did-plc/dist/data.d.ts
/private/tmp/atseq-research-evidence-typecheck-20261002/node_modules/@atcute/did-plc/dist/errors.d.ts
/private/tmp/atseq-research-evidence-typecheck-20261002/node_modules/@atcute/did-plc/dist/utils.d.ts
/private/tmp/atseq-research-evidence-typecheck-20261002/node_modules/@atcute/did-plc/dist/index.d.ts
/private/tmp/atseq-research-evidence-typecheck-20261002/src/protocol/identity-plc.ts
/private/tmp/atseq-research-evidence-typecheck-20261002/src/protocol/identity-binding.ts
/private/tmp/atseq-research-evidence-typecheck-20261002/src/application/native-authority-evidence.ts
/private/tmp/atseq-research-evidence-typecheck-20261002/src/application/native-authority.ts
/private/tmp/atseq-research-evidence-typecheck-20261002/src/application/native-authority-data.ts
/private/tmp/atseq-research-evidence-typecheck-20261002/src/application/native-authority-snapshot.ts
/private/tmp/atseq-research-evidence-typecheck-20261002/src/application/checkpoint-authority-data.ts
/private/tmp/atseq-research-evidence-typecheck-20261002/src/archive/chart.ts
/private/tmp/atseq-research-evidence-typecheck-20261002/src/browser/identity.ts
/private/tmp/atseq-research-evidence-typecheck-20261002/src/browser/session.ts
/private/tmp/atseq-research-evidence-typecheck-20261002/src/browser/protocol.ts
/private/tmp/atseq-research-evidence-typecheck-20261002/src/browser/host-access.ts
/private/tmp/atseq-research-evidence-typecheck-20261002/src/browser/outbox.ts
/private/tmp/atseq-research-evidence-typecheck-20261002/src/browser/forms.ts
/private/tmp/atseq-research-evidence-typecheck-20261002/src/browser/changes.ts
/private/tmp/atseq-research-evidence-typecheck-20261002/src/browser/evaluator.ts
/private/tmp/atseq-research-evidence-typecheck-20261002/src/browser/drafts.ts
/private/tmp/atseq-research-evidence-typecheck-20261002/src/browser/exports.ts
/private/tmp/atseq-research-evidence-typecheck-20261002/src/core/local-generations.ts
/private/tmp/atseq-research-evidence-typecheck-20261002/src/browser/local-generations.ts
/private/tmp/atseq-research-evidence-typecheck-20261002/src/browser/verified.ts
/private/tmp/atseq-research-evidence-typecheck-20261002/src/browser/main.ts
/private/tmp/atseq-research-evidence-typecheck-20261002/node_modules/@atproto/jwk/dist/jwk.d.ts
/private/tmp/atseq-research-evidence-typecheck-20261002/node_modules/@atproto/jwk/dist/alg.d.ts
/private/tmp/atseq-research-evidence-typecheck-20261002/node_modules/@atproto/jwk/dist/errors.d.ts
/private/tmp/atseq-research-evidence-typecheck-20261002/node_modules/@atproto/jwk/dist/jwks.d.ts
/private/tmp/atseq-research-evidence-typecheck-20261002/node_modules/@atproto/jwk/dist/jwt.d.ts
/private/tmp/atseq-research-evidence-typecheck-20261002/node_modules/@atproto/jwk/dist/jwt-decode.d.ts
/private/tmp/atseq-research-evidence-typecheck-20261002/node_modules/@atproto/jwk/dist/util.d.ts
/private/tmp/atseq-research-evidence-typecheck-20261002/node_modules/@atproto/jwk/dist/jwt-verify.d.ts
/private/tmp/atseq-research-evidence-typecheck-20261002/node_modules/@atproto/jwk/dist/key.d.ts
/private/tmp/atseq-research-evidence-typecheck-20261002/node_modules/@atproto/jwk/dist/keyset.d.ts
/private/tmp/atseq-research-evidence-typecheck-20261002/node_modules/@atproto/jwk/dist/index.d.ts
/private/tmp/atseq-research-evidence-typecheck-20261002/node_modules/jose/dist/types/types.d.ts
/private/tmp/atseq-research-evidence-typecheck-20261002/node_modules/jose/dist/types/jwe/compact/decrypt.d.ts
/private/tmp/atseq-research-evidence-typecheck-20261002/node_modules/jose/dist/types/jwe/flattened/decrypt.d.ts
/private/tmp/atseq-research-evidence-typecheck-20261002/node_modules/jose/dist/types/jwe/general/decrypt.d.ts
/private/tmp/atseq-research-evidence-typecheck-20261002/node_modules/jose/dist/types/jwe/general/encrypt.d.ts
/private/tmp/atseq-research-evidence-typecheck-20261002/node_modules/jose/dist/types/jws/compact/verify.d.ts
/private/tmp/atseq-research-evidence-typecheck-20261002/node_modules/jose/dist/types/jws/flattened/verify.d.ts
/private/tmp/atseq-research-evidence-typecheck-20261002/node_modules/jose/dist/types/jws/general/verify.d.ts
/private/tmp/atseq-research-evidence-typecheck-20261002/node_modules/jose/dist/types/jwt/verify.d.ts
/private/tmp/atseq-research-evidence-typecheck-20261002/node_modules/jose/dist/types/jwt/decrypt.d.ts
/private/tmp/atseq-research-evidence-typecheck-20261002/node_modules/jose/dist/types/jwt/produce.d.ts
/private/tmp/atseq-research-evidence-typecheck-20261002/node_modules/jose/dist/types/jwe/compact/encrypt.d.ts
/private/tmp/atseq-research-evidence-typecheck-20261002/node_modules/jose/dist/types/jwe/flattened/encrypt.d.ts
/private/tmp/atseq-research-evidence-typecheck-20261002/node_modules/jose/dist/types/jws/compact/sign.d.ts
/private/tmp/atseq-research-evidence-typecheck-20261002/node_modules/jose/dist/types/jws/flattened/sign.d.ts
/private/tmp/atseq-research-evidence-typecheck-20261002/node_modules/jose/dist/types/jws/general/sign.d.ts
/private/tmp/atseq-research-evidence-typecheck-20261002/node_modules/jose/dist/types/jwt/sign.d.ts
/private/tmp/atseq-research-evidence-typecheck-20261002/node_modules/jose/dist/types/jwt/encrypt.d.ts
/private/tmp/atseq-research-evidence-typecheck-20261002/node_modules/jose/dist/types/jwk/thumbprint.d.ts
/private/tmp/atseq-research-evidence-typecheck-20261002/node_modules/jose/dist/types/jwk/embedded.d.ts
/private/tmp/atseq-research-evidence-typecheck-20261002/node_modules/jose/dist/types/jwks/local.d.ts
/private/tmp/atseq-research-evidence-typecheck-20261002/node_modules/jose/dist/types/jwks/remote.d.ts
/private/tmp/atseq-research-evidence-typecheck-20261002/node_modules/jose/dist/types/jwt/unsecured.d.ts
/private/tmp/atseq-research-evidence-typecheck-20261002/node_modules/jose/dist/types/key/export.d.ts
/private/tmp/atseq-research-evidence-typecheck-20261002/node_modules/jose/dist/types/key/import.d.ts
/private/tmp/atseq-research-evidence-typecheck-20261002/node_modules/jose/dist/types/util/decode_protected_header.d.ts
/private/tmp/atseq-research-evidence-typecheck-20261002/node_modules/jose/dist/types/util/decode_jwt.d.ts
/private/tmp/atseq-research-evidence-typecheck-20261002/node_modules/jose/dist/types/util/errors.d.ts
/private/tmp/atseq-research-evidence-typecheck-20261002/node_modules/jose/dist/types/key/generate_key_pair.d.ts
/private/tmp/atseq-research-evidence-typecheck-20261002/node_modules/jose/dist/types/key/generate_secret.d.ts
/private/tmp/atseq-research-evidence-typecheck-20261002/node_modules/jose/dist/types/util/base64url.d.ts
/private/tmp/atseq-research-evidence-typecheck-20261002/node_modules/jose/dist/types/util/runtime.d.ts
/private/tmp/atseq-research-evidence-typecheck-20261002/node_modules/jose/dist/types/index.d.ts
/private/tmp/atseq-research-evidence-typecheck-20261002/node_modules/@atproto/jwk-jose/dist/jose-key.d.ts
/private/tmp/atseq-research-evidence-typecheck-20261002/node_modules/@atproto/jwk-jose/dist/index.d.ts
/private/tmp/atseq-research-evidence-typecheck-20261002/node_modules/@atproto/jwk-webcrypto/dist/webcrypto-key.d.ts
/private/tmp/atseq-research-evidence-typecheck-20261002/node_modules/@atproto/jwk-webcrypto/dist/index.d.ts
/private/tmp/atseq-research-evidence-typecheck-20261002/node_modules/@atproto/oauth-client/node_modules/@atproto/did/dist/did.d.ts
/private/tmp/atseq-research-evidence-typecheck-20261002/node_modules/@atproto/oauth-client/node_modules/@atproto/did/dist/did-document.d.ts
/private/tmp/atseq-research-evidence-typecheck-20261002/node_modules/@atproto/oauth-client/node_modules/@atproto/did/dist/did-ref.d.ts
/private/tmp/atseq-research-evidence-typecheck-20261002/node_modules/@atproto/oauth-client/node_modules/@atproto/did/dist/utils.d.ts
/private/tmp/atseq-research-evidence-typecheck-20261002/node_modules/@atproto/oauth-client/node_modules/@atproto/did/dist/atproto.d.ts
/private/tmp/atseq-research-evidence-typecheck-20261002/node_modules/@atproto/oauth-client/node_modules/@atproto/did/dist/did-error.d.ts
/private/tmp/atseq-research-evidence-typecheck-20261002/node_modules/@atproto/oauth-client/node_modules/@atproto/did/dist/methods/plc.d.ts
/private/tmp/atseq-research-evidence-typecheck-20261002/node_modules/@atproto/oauth-client/node_modules/@atproto/did/dist/methods/web.d.ts
/private/tmp/atseq-research-evidence-typecheck-20261002/node_modules/@atproto/oauth-client/node_modules/@atproto/did/dist/methods.d.ts
/private/tmp/atseq-research-evidence-typecheck-20261002/node_modules/@atproto/oauth-client/node_modules/@atproto/did/dist/index.d.ts
/private/tmp/atseq-research-evidence-typecheck-20261002/node_modules/@atproto/oauth-client/node_modules/@atproto-labs/simple-store/dist/util.d.ts
/private/tmp/atseq-research-evidence-typecheck-20261002/node_modules/@atproto/oauth-client/node_modules/@atproto-labs/simple-store/dist/simple-store.d.ts
/private/tmp/atseq-research-evidence-typecheck-20261002/node_modules/@atproto/oauth-client/node_modules/@atproto-labs/simple-store/dist/cached-getter.d.ts
/private/tmp/atseq-research-evidence-typecheck-20261002/node_modules/@atproto/oauth-client/node_modules/@atproto-labs/simple-store/dist/swallow-store-errors.d.ts
/private/tmp/atseq-research-evidence-typecheck-20261002/node_modules/@atproto/oauth-client/node_modules/@atproto-labs/simple-store/dist/index.d.ts
/private/tmp/atseq-research-evidence-typecheck-20261002/node_modules/@atproto/oauth-client/node_modules/@atproto-labs/did-resolver/dist/did-method.d.ts
/private/tmp/atseq-research-evidence-typecheck-20261002/node_modules/@atproto/oauth-client/node_modules/@atproto-labs/did-resolver/dist/did-resolver.d.ts
/private/tmp/atseq-research-evidence-typecheck-20261002/node_modules/@atproto/oauth-client/node_modules/@atproto-labs/did-resolver/dist/did-cache.d.ts
/private/tmp/atseq-research-evidence-typecheck-20261002/node_modules/@atproto/oauth-client/node_modules/@atproto-labs/did-resolver/dist/did-resolver-base.d.ts
/private/tmp/atseq-research-evidence-typecheck-20261002/node_modules/@atproto/oauth-client/node_modules/@atproto-labs/fetch/dist/fetch-error.d.ts
/private/tmp/atseq-research-evidence-typecheck-20261002/node_modules/@atproto/oauth-client/node_modules/@atproto-labs/fetch/dist/util.d.ts
/private/tmp/atseq-research-evidence-typecheck-20261002/node_modules/@atproto/oauth-client/node_modules/@atproto-labs/fetch/dist/fetch.d.ts
/private/tmp/atseq-research-evidence-typecheck-20261002/node_modules/@atproto/oauth-client/node_modules/@atproto-labs/fetch/dist/fetch-request.d.ts
/private/tmp/atseq-research-evidence-typecheck-20261002/node_modules/@atproto/oauth-client/node_modules/@atproto-labs/pipe/dist/type.d.ts
/private/tmp/atseq-research-evidence-typecheck-20261002/node_modules/@atproto/oauth-client/node_modules/@atproto-labs/pipe/dist/pipe.d.ts
/private/tmp/atseq-research-evidence-typecheck-20261002/node_modules/@atproto/oauth-client/node_modules/@atproto-labs/pipe/dist/index.d.ts
/private/tmp/atseq-research-evidence-typecheck-20261002/node_modules/@atproto/oauth-client/node_modules/@atproto-labs/fetch/dist/fetch-response.d.ts
/private/tmp/atseq-research-evidence-typecheck-20261002/node_modules/@atproto/oauth-client/node_modules/@atproto-labs/fetch/dist/fetch-wrap.d.ts
/private/tmp/atseq-research-evidence-typecheck-20261002/node_modules/@atproto/oauth-client/node_modules/@atproto-labs/fetch/dist/index.d.ts
/private/tmp/atseq-research-evidence-typecheck-20261002/node_modules/@atproto/oauth-client/node_modules/@atproto-labs/did-resolver/dist/methods/plc.d.ts
/private/tmp/atseq-research-evidence-typecheck-20261002/node_modules/@atproto/oauth-client/node_modules/@atproto-labs/did-resolver/dist/methods/web.d.ts
/private/tmp/atseq-research-evidence-typecheck-20261002/node_modules/@atproto/oauth-client/node_modules/@atproto-labs/did-resolver/dist/util.d.ts
/private/tmp/atseq-research-evidence-typecheck-20261002/node_modules/@atproto/oauth-client/node_modules/@atproto-labs/did-resolver/dist/did-resolver-common.d.ts
/private/tmp/atseq-research-evidence-typecheck-20261002/node_modules/@atproto/oauth-client/node_modules/@atproto-labs/did-resolver/dist/create-did-resolver.d.ts
/private/tmp/atseq-research-evidence-typecheck-20261002/node_modules/@atproto/oauth-client/node_modules/@atproto-labs/simple-store-memory/dist/index.d.ts
/private/tmp/atseq-research-evidence-typecheck-20261002/node_modules/@atproto/oauth-client/node_modules/@atproto-labs/did-resolver/dist/did-cache-memory.d.ts
/private/tmp/atseq-research-evidence-typecheck-20261002/node_modules/@atproto/oauth-client/node_modules/@atproto-labs/did-resolver/dist/methods.d.ts
/private/tmp/atseq-research-evidence-typecheck-20261002/node_modules/@atproto/oauth-client/node_modules/@atproto-labs/did-resolver/dist/index.d.ts
/private/tmp/atseq-research-evidence-typecheck-20261002/node_modules/@atproto-labs/handle-resolver/dist/handle-resolver-error.d.ts
/private/tmp/atseq-research-evidence-typecheck-20261002/node_modules/@atproto-labs/handle-resolver/dist/types.d.ts
/private/tmp/atseq-research-evidence-typecheck-20261002/node_modules/@atproto-labs/handle-resolver/dist/xrpc-handle-resolver.d.ts
/private/tmp/atseq-research-evidence-typecheck-20261002/node_modules/@atproto-labs/handle-resolver/dist/internal-resolvers/dns-handle-resolver.d.ts
/private/tmp/atseq-research-evidence-typecheck-20261002/node_modules/@atproto-labs/handle-resolver/dist/internal-resolvers/well-known-handler-resolver.d.ts
/private/tmp/atseq-research-evidence-typecheck-20261002/node_modules/@atproto-labs/handle-resolver/dist/atproto-handle-resolver.d.ts
/private/tmp/atseq-research-evidence-typecheck-20261002/node_modules/@atproto-labs/handle-resolver/dist/atproto-doh-handle-resolver.d.ts
/private/tmp/atseq-research-evidence-typecheck-20261002/node_modules/@atproto-labs/handle-resolver/dist/cached-handle-resolver.d.ts
/private/tmp/atseq-research-evidence-typecheck-20261002/node_modules/@atproto-labs/handle-resolver/dist/create-handle-resolver.d.ts
/private/tmp/atseq-research-evidence-typecheck-20261002/node_modules/@atproto-labs/handle-resolver/dist/index.d.ts
/private/tmp/atseq-research-evidence-typecheck-20261002/node_modules/@atproto/oauth-types/dist/constants.d.ts
/private/tmp/atseq-research-evidence-typecheck-20261002/node_modules/@atproto/oauth-types/dist/uri.d.ts
/private/tmp/atseq-research-evidence-typecheck-20261002/node_modules/@atproto/oauth-types/dist/util.d.ts
/private/tmp/atseq-research-evidence-typecheck-20261002/node_modules/@atproto/oauth-types/dist/oauth-scope.d.ts
/private/tmp/atseq-research-evidence-typecheck-20261002/node_modules/@atproto/oauth-types/dist/atproto-oauth-scope.d.ts
/private/tmp/atseq-research-evidence-typecheck-20261002/node_modules/@atproto/oauth-types/dist/oauth-redirect-uri.d.ts
/private/tmp/atseq-research-evidence-typecheck-20261002/node_modules/@atproto/oauth-types/dist/oauth-client-id-loopback.d.ts
/private/tmp/atseq-research-evidence-typecheck-20261002/node_modules/@atproto/oauth-types/dist/atproto-loopback-client-id.d.ts
/private/tmp/atseq-research-evidence-typecheck-20261002/node_modules/@atproto/oauth-types/dist/oauth-client-metadata.d.ts
/private/tmp/atseq-research-evidence-typecheck-20261002/node_modules/@atproto/oauth-types/dist/atproto-loopback-client-metadata.d.ts
/private/tmp/atseq-research-evidence-typecheck-20261002/node_modules/@atproto/oauth-types/dist/atproto-loopback-client-redirect-uris.d.ts
/private/tmp/atseq-research-evidence-typecheck-20261002/node_modules/@atproto/oauth-types/dist/atproto-oauth-token-response.d.ts
/private/tmp/atseq-research-evidence-typecheck-20261002/node_modules/@atproto/oauth-types/dist/oauth-access-token.d.ts
/private/tmp/atseq-research-evidence-typecheck-20261002/node_modules/@atproto/oauth-types/dist/oauth-authorization-code-grant-token-request.d.ts
/private/tmp/atseq-research-evidence-typecheck-20261002/node_modules/@atproto/oauth-types/dist/oauth-authorization-details.d.ts
/private/tmp/atseq-research-evidence-typecheck-20261002/node_modules/@atproto/oauth-types/dist/oauth-authorization-request-jar.d.ts
/private/tmp/atseq-research-evidence-typecheck-20261002/node_modules/@atproto/oauth-types/dist/oauth-authorization-request-par.d.ts
/private/tmp/atseq-research-evidence-typecheck-20261002/node_modules/@atproto/oauth-types/dist/oauth-authorization-request-parameters.d.ts
/private/tmp/atseq-research-evidence-typecheck-20261002/node_modules/@atproto/oauth-types/dist/oauth-authorization-request-query.d.ts
/private/tmp/atseq-research-evidence-typecheck-20261002/node_modules/@atproto/oauth-types/dist/oauth-authorization-request-uri.d.ts
/private/tmp/atseq-research-evidence-typecheck-20261002/node_modules/@atproto/oauth-types/dist/oauth-authorization-response-error.d.ts
/private/tmp/atseq-research-evidence-typecheck-20261002/node_modules/@atproto/oauth-types/dist/oauth-authorization-server-metadata.d.ts
/private/tmp/atseq-research-evidence-typecheck-20261002/node_modules/@atproto/oauth-types/dist/oauth-client-credentials-grant-token-request.d.ts
/private/tmp/atseq-research-evidence-typecheck-20261002/node_modules/@atproto/oauth-types/dist/oauth-client-credentials.d.ts
/private/tmp/atseq-research-evidence-typecheck-20261002/node_modules/@atproto/oauth-types/dist/oauth-client-id-discoverable.d.ts
/private/tmp/atseq-research-evidence-typecheck-20261002/node_modules/@atproto/oauth-types/dist/oauth-client-id.d.ts
/private/tmp/atseq-research-evidence-typecheck-20261002/node_modules/@atproto/oauth-types/dist/oauth-endpoint-auth-method.d.ts
/private/tmp/atseq-research-evidence-typecheck-20261002/node_modules/@atproto/oauth-types/dist/oauth-endpoint-name.d.ts
/private/tmp/atseq-research-evidence-typecheck-20261002/node_modules/@atproto/oauth-types/dist/oauth-grant-type.d.ts
/private/tmp/atseq-research-evidence-typecheck-20261002/node_modules/@atproto/oauth-types/dist/oauth-token-type.d.ts
/private/tmp/atseq-research-evidence-typecheck-20261002/node_modules/@atproto/oauth-types/dist/oauth-introspection-response.d.ts
/private/tmp/atseq-research-evidence-typecheck-20261002/node_modules/@atproto/oauth-types/dist/oauth-issuer-identifier.d.ts
/private/tmp/atseq-research-evidence-typecheck-20261002/node_modules/@atproto/oauth-types/dist/oauth-par-response.d.ts
/private/tmp/atseq-research-evidence-typecheck-20261002/node_modules/@atproto/oauth-types/dist/oauth-password-grant-token-request.d.ts
/private/tmp/atseq-research-evidence-typecheck-20261002/node_modules/@atproto/oauth-types/dist/oauth-prompt-mode.d.ts
/private/tmp/atseq-research-evidence-typecheck-20261002/node_modules/@atproto/oauth-types/dist/oauth-protected-resource-metadata.d.ts
/private/tmp/atseq-research-evidence-typecheck-20261002/node_modules/@atproto/oauth-types/dist/oauth-refresh-token-grant-token-request.d.ts
/private/tmp/atseq-research-evidence-typecheck-20261002/node_modules/@atproto/oauth-types/dist/oauth-refresh-token.d.ts
/private/tmp/atseq-research-evidence-typecheck-20261002/node_modules/@atproto/oauth-types/dist/oauth-request-uri.d.ts
/private/tmp/atseq-research-evidence-typecheck-20261002/node_modules/@atproto/oauth-types/dist/oauth-response-mode.d.ts
/private/tmp/atseq-research-evidence-typecheck-20261002/node_modules/@atproto/oauth-types/dist/oauth-response-type.d.ts
/private/tmp/atseq-research-evidence-typecheck-20261002/node_modules/@atproto/oauth-types/dist/oauth-token-identification.d.ts
/private/tmp/atseq-research-evidence-typecheck-20261002/node_modules/@atproto/oauth-types/dist/oauth-token-request.d.ts
/private/tmp/atseq-research-evidence-typecheck-20261002/node_modules/@atproto/oauth-types/dist/oauth-token-response.d.ts
/private/tmp/atseq-research-evidence-typecheck-20261002/node_modules/@atproto/oauth-types/dist/oidc-authorization-error-response.d.ts
/private/tmp/atseq-research-evidence-typecheck-20261002/node_modules/@atproto/oauth-types/dist/oidc-claims-parameter.d.ts
/private/tmp/atseq-research-evidence-typecheck-20261002/node_modules/@atproto/oauth-types/dist/oidc-claims-properties.d.ts
/private/tmp/atseq-research-evidence-typecheck-20261002/node_modules/@atproto/oauth-types/dist/oidc-entity-type.d.ts
/private/tmp/atseq-research-evidence-typecheck-20261002/node_modules/@atproto/oauth-types/dist/oidc-userinfo.d.ts
/private/tmp/atseq-research-evidence-typecheck-20261002/node_modules/@atproto/oauth-types/dist/index.d.ts
/private/tmp/atseq-research-evidence-typecheck-20261002/node_modules/@atproto/oauth-client/dist/util.d.ts
/private/tmp/atseq-research-evidence-typecheck-20261002/node_modules/@atproto/oauth-client/dist/runtime-implementation.d.ts
/private/tmp/atseq-research-evidence-typecheck-20261002/node_modules/@atproto/oauth-client/dist/lock.d.ts
/private/tmp/atseq-research-evidence-typecheck-20261002/node_modules/@atproto/oauth-client/dist/oauth-authorization-server-metadata-resolver.d.ts
/private/tmp/atseq-research-evidence-typecheck-20261002/node_modules/@atproto/oauth-client/dist/oauth-callback-error.d.ts
/private/tmp/atseq-research-evidence-typecheck-20261002/node_modules/@atproto-labs/identity-resolver/dist/constants.d.ts
/private/tmp/atseq-research-evidence-typecheck-20261002/node_modules/@atproto-labs/identity-resolver/dist/identity-resolver.d.ts
/private/tmp/atseq-research-evidence-typecheck-20261002/node_modules/@atproto-labs/identity-resolver/dist/atproto-identity-resolver.d.ts
/private/tmp/atseq-research-evidence-typecheck-20261002/node_modules/@atproto-labs/identity-resolver/dist/create-identity-resolver.d.ts
/private/tmp/atseq-research-evidence-typecheck-20261002/node_modules/@atproto-labs/identity-resolver/dist/identity-resolver-error.d.ts
/private/tmp/atseq-research-evidence-typecheck-20261002/node_modules/@atproto-labs/identity-resolver/dist/util.d.ts
/private/tmp/atseq-research-evidence-typecheck-20261002/node_modules/@atproto-labs/identity-resolver/dist/index.d.ts
/private/tmp/atseq-research-evidence-typecheck-20261002/node_modules/@atproto/oauth-client/dist/identity-resolver.d.ts
/private/tmp/atseq-research-evidence-typecheck-20261002/node_modules/@atproto/oauth-client/dist/oauth-protected-resource-metadata-resolver.d.ts
/private/tmp/atseq-research-evidence-typecheck-20261002/node_modules/@atproto/oauth-client/dist/oauth-resolver.d.ts
/private/tmp/atseq-research-evidence-typecheck-20261002/node_modules/@atproto/oauth-client/dist/runtime.d.ts
/private/tmp/atseq-research-evidence-typecheck-20261002/node_modules/@atproto/oauth-client/dist/types.d.ts
/private/tmp/atseq-research-evidence-typecheck-20261002/node_modules/@atproto/oauth-client/dist/oauth-client-auth.d.ts
/private/tmp/atseq-research-evidence-typecheck-20261002/node_modules/@atproto/oauth-client/dist/oauth-server-agent.d.ts
/private/tmp/atseq-research-evidence-typecheck-20261002/node_modules/@atproto/oauth-client/dist/oauth-server-factory.d.ts
/private/tmp/atseq-research-evidence-typecheck-20261002/node_modules/@atproto/oauth-client/dist/errors/auth-method-unsatisfiable-error.d.ts
/private/tmp/atseq-research-evidence-typecheck-20261002/node_modules/@atproto/oauth-client/dist/errors/token-invalid-error.d.ts
/private/tmp/atseq-research-evidence-typecheck-20261002/node_modules/@atproto/oauth-client/dist/errors/token-refresh-error.d.ts
/private/tmp/atseq-research-evidence-typecheck-20261002/node_modules/@atproto/oauth-client/dist/errors/token-revoked-error.d.ts
/private/tmp/atseq-research-evidence-typecheck-20261002/node_modules/@atproto/oauth-client/dist/session-getter.d.ts
/private/tmp/atseq-research-evidence-typecheck-20261002/node_modules/@atproto/oauth-client/dist/oauth-session.d.ts
/private/tmp/atseq-research-evidence-typecheck-20261002/node_modules/@atproto/oauth-client/dist/state-store.d.ts
/private/tmp/atseq-research-evidence-typecheck-20261002/node_modules/@atproto/oauth-client/dist/oauth-client.d.ts
/private/tmp/atseq-research-evidence-typecheck-20261002/node_modules/@atproto/oauth-client/dist/oauth-resolver-error.d.ts
/private/tmp/atseq-research-evidence-typecheck-20261002/node_modules/@atproto/oauth-client/dist/oauth-response-error.d.ts
/private/tmp/atseq-research-evidence-typecheck-20261002/node_modules/@atproto/oauth-client/dist/index.d.ts
/private/tmp/atseq-research-evidence-typecheck-20261002/node_modules/@atproto/oauth-client-browser/dist/util.d.ts
/private/tmp/atseq-research-evidence-typecheck-20261002/node_modules/@atproto/oauth-client-browser/dist/browser-oauth-client.d.ts
/private/tmp/atseq-research-evidence-typecheck-20261002/node_modules/@atproto/oauth-client-browser/dist/errors.d.ts
/private/tmp/atseq-research-evidence-typecheck-20261002/node_modules/@atproto/oauth-client-browser/dist/index.d.ts
/private/tmp/atseq-research-evidence-typecheck-20261002/src/protocol/oauth.ts
/private/tmp/atseq-research-evidence-typecheck-20261002/src/browser/oauth-adapter.ts
/private/tmp/atseq-research-evidence-typecheck-20261002/src/browser/oauth-loader.ts
/private/tmp/atseq-research-evidence-typecheck-20261002/src/browser/worker.ts
/private/tmp/atseq-research-evidence-typecheck-20261002/src/cli/output.ts
/private/tmp/atseq-research-evidence-typecheck-20261002/src/storage/private.ts
/private/tmp/atseq-research-evidence-typecheck-20261002/src/cli/main.ts
/private/tmp/atseq-research-evidence-typecheck-20261002/src/storage/files.ts
/private/tmp/atseq-research-evidence-typecheck-20261002/src/host/files.ts
/private/tmp/atseq-research-evidence-typecheck-20261002/src/host/pds.ts
/private/tmp/atseq-research-evidence-typecheck-20261002/src/host/accounts.ts
/private/tmp/atseq-research-evidence-typecheck-20261002/src/host/source.ts
/private/tmp/atseq-research-evidence-typecheck-20261002/src/host/lease.ts
/private/tmp/atseq-research-evidence-typecheck-20261002/src/host/sequencer.ts
/private/tmp/atseq-research-evidence-typecheck-20261002/src/host/errors.ts
/private/tmp/atseq-research-evidence-typecheck-20261002/src/host/application.ts
/private/tmp/atseq-research-evidence-typecheck-20261002/src/integrity/files-approved.json
/private/tmp/atseq-research-evidence-typecheck-20261002/node_modules/@ts-morph/common/lib/typescript.d.ts
/private/tmp/atseq-research-evidence-typecheck-20261002/node_modules/@ts-morph/common/lib/ts-morph-common.d.ts
/private/tmp/atseq-research-evidence-typecheck-20261002/node_modules/ts-morph/lib/ts-morph.d.ts
/private/tmp/atseq-research-evidence-typecheck-20261002/src/integrity/type-peer.ts
/private/tmp/atseq-research-evidence-typecheck-20261002/src/integrity/node.ts
/private/tmp/atseq-research-evidence-typecheck-20261002/node_modules/@types/node/globals.typedarray.d.ts
/private/tmp/atseq-research-evidence-typecheck-20261002/node_modules/@types/node/buffer.buffer.d.ts
/private/tmp/atseq-research-evidence-typecheck-20261002/node_modules/@types/node/globals.d.ts
/private/tmp/atseq-research-evidence-typecheck-20261002/node_modules/@types/node/web-globals/abortcontroller.d.ts
/private/tmp/atseq-research-evidence-typecheck-20261002/node_modules/@types/node/web-globals/blob.d.ts
/private/tmp/atseq-research-evidence-typecheck-20261002/node_modules/@types/node/web-globals/console.d.ts
/private/tmp/atseq-research-evidence-typecheck-20261002/node_modules/@types/node/web-globals/crypto.d.ts
/private/tmp/atseq-research-evidence-typecheck-20261002/node_modules/@types/node/web-globals/domexception.d.ts
/private/tmp/atseq-research-evidence-typecheck-20261002/node_modules/@types/node/web-globals/encoding.d.ts
/private/tmp/atseq-research-evidence-typecheck-20261002/node_modules/@types/node/web-globals/events.d.ts
/private/tmp/atseq-research-evidence-typecheck-20261002/node_modules/undici-types/utility.d.ts
/private/tmp/atseq-research-evidence-typecheck-20261002/node_modules/undici-types/header.d.ts
/private/tmp/atseq-research-evidence-typecheck-20261002/node_modules/undici-types/readable.d.ts
/private/tmp/atseq-research-evidence-typecheck-20261002/node_modules/undici-types/fetch.d.ts
/private/tmp/atseq-research-evidence-typecheck-20261002/node_modules/undici-types/formdata.d.ts
/private/tmp/atseq-research-evidence-typecheck-20261002/node_modules/undici-types/connector.d.ts
/private/tmp/atseq-research-evidence-typecheck-20261002/node_modules/undici-types/client-stats.d.ts
/private/tmp/atseq-research-evidence-typecheck-20261002/node_modules/undici-types/client.d.ts
/private/tmp/atseq-research-evidence-typecheck-20261002/node_modules/undici-types/errors.d.ts
/private/tmp/atseq-research-evidence-typecheck-20261002/node_modules/undici-types/dispatcher.d.ts
/private/tmp/atseq-research-evidence-typecheck-20261002/node_modules/undici-types/global-dispatcher.d.ts
/private/tmp/atseq-research-evidence-typecheck-20261002/node_modules/undici-types/global-origin.d.ts
/private/tmp/atseq-research-evidence-typecheck-20261002/node_modules/undici-types/pool-stats.d.ts
/private/tmp/atseq-research-evidence-typecheck-20261002/node_modules/undici-types/pool.d.ts
/private/tmp/atseq-research-evidence-typecheck-20261002/node_modules/undici-types/handlers.d.ts
/private/tmp/atseq-research-evidence-typecheck-20261002/node_modules/undici-types/balanced-pool.d.ts
/private/tmp/atseq-research-evidence-typecheck-20261002/node_modules/undici-types/round-robin-pool.d.ts
/private/tmp/atseq-research-evidence-typecheck-20261002/node_modules/undici-types/h2c-client.d.ts
/private/tmp/atseq-research-evidence-typecheck-20261002/node_modules/undici-types/agent.d.ts
/private/tmp/atseq-research-evidence-typecheck-20261002/node_modules/undici-types/dispatcher1-wrapper.d.ts
/private/tmp/atseq-research-evidence-typecheck-20261002/node_modules/undici-types/mock-interceptor.d.ts
/private/tmp/atseq-research-evidence-typecheck-20261002/node_modules/undici-types/mock-call-history.d.ts
/private/tmp/atseq-research-evidence-typecheck-20261002/node_modules/undici-types/mock-agent.d.ts
/private/tmp/atseq-research-evidence-typecheck-20261002/node_modules/undici-types/mock-client.d.ts
/private/tmp/atseq-research-evidence-typecheck-20261002/node_modules/undici-types/mock-pool.d.ts
/private/tmp/atseq-research-evidence-typecheck-20261002/node_modules/undici-types/snapshot-agent.d.ts
/private/tmp/atseq-research-evidence-typecheck-20261002/node_modules/undici-types/mock-errors.d.ts
/private/tmp/atseq-research-evidence-typecheck-20261002/node_modules/undici-types/proxy-agent.d.ts
/private/tmp/atseq-research-evidence-typecheck-20261002/node_modules/undici-types/socks5-proxy-agent.d.ts
/private/tmp/atseq-research-evidence-typecheck-20261002/node_modules/undici-types/env-http-proxy-agent.d.ts
/private/tmp/atseq-research-evidence-typecheck-20261002/node_modules/undici-types/retry-handler.d.ts
/private/tmp/atseq-research-evidence-typecheck-20261002/node_modules/undici-types/retry-agent.d.ts
/private/tmp/atseq-research-evidence-typecheck-20261002/node_modules/undici-types/api.d.ts
/private/tmp/atseq-research-evidence-typecheck-20261002/node_modules/undici-types/cache-interceptor.d.ts
/private/tmp/atseq-research-evidence-typecheck-20261002/node_modules/undici-types/interceptors.d.ts
/private/tmp/atseq-research-evidence-typecheck-20261002/node_modules/undici-types/util.d.ts
/private/tmp/atseq-research-evidence-typecheck-20261002/node_modules/undici-types/cookies.d.ts
/private/tmp/atseq-research-evidence-typecheck-20261002/node_modules/undici-types/patch.d.ts
/private/tmp/atseq-research-evidence-typecheck-20261002/node_modules/undici-types/websocket.d.ts
/private/tmp/atseq-research-evidence-typecheck-20261002/node_modules/undici-types/eventsource.d.ts
/private/tmp/atseq-research-evidence-typecheck-20261002/node_modules/undici-types/diagnostics-channel.d.ts
/private/tmp/atseq-research-evidence-typecheck-20261002/node_modules/undici-types/content-type.d.ts
/private/tmp/atseq-research-evidence-typecheck-20261002/node_modules/undici-types/cache.d.ts
/private/tmp/atseq-research-evidence-typecheck-20261002/node_modules/undici-types/index.d.ts
/private/tmp/atseq-research-evidence-typecheck-20261002/node_modules/@types/node/web-globals/fetch.d.ts
/private/tmp/atseq-research-evidence-typecheck-20261002/node_modules/@types/node/web-globals/importmeta.d.ts
/private/tmp/atseq-research-evidence-typecheck-20261002/node_modules/@types/node/web-globals/messaging.d.ts
/private/tmp/atseq-research-evidence-typecheck-20261002/node_modules/@types/node/web-globals/navigator.d.ts
/private/tmp/atseq-research-evidence-typecheck-20261002/node_modules/@types/node/web-globals/performance.d.ts
/private/tmp/atseq-research-evidence-typecheck-20261002/node_modules/@types/node/web-globals/storage.d.ts
/private/tmp/atseq-research-evidence-typecheck-20261002/node_modules/@types/node/web-globals/streams.d.ts
/private/tmp/atseq-research-evidence-typecheck-20261002/node_modules/@types/node/web-globals/timers.d.ts
/private/tmp/atseq-research-evidence-typecheck-20261002/node_modules/@types/node/web-globals/url.d.ts
/private/tmp/atseq-research-evidence-typecheck-20261002/node_modules/@types/node/assert.d.ts
/private/tmp/atseq-research-evidence-typecheck-20261002/node_modules/@types/node/assert/strict.d.ts
/private/tmp/atseq-research-evidence-typecheck-20261002/node_modules/@types/node/async_hooks.d.ts
/private/tmp/atseq-research-evidence-typecheck-20261002/node_modules/@types/node/buffer.d.ts
/private/tmp/atseq-research-evidence-typecheck-20261002/node_modules/@types/node/child_process.d.ts
/private/tmp/atseq-research-evidence-typecheck-20261002/node_modules/@types/node/cluster.d.ts
/private/tmp/atseq-research-evidence-typecheck-20261002/node_modules/@types/node/console.d.ts
/private/tmp/atseq-research-evidence-typecheck-20261002/node_modules/@types/node/constants.d.ts
/private/tmp/atseq-research-evidence-typecheck-20261002/node_modules/@types/node/crypto.d.ts
/private/tmp/atseq-research-evidence-typecheck-20261002/node_modules/@types/node/dgram.d.ts
/private/tmp/atseq-research-evidence-typecheck-20261002/node_modules/@types/node/diagnostics_channel.d.ts
/private/tmp/atseq-research-evidence-typecheck-20261002/node_modules/@types/node/dns.d.ts
/private/tmp/atseq-research-evidence-typecheck-20261002/node_modules/@types/node/dns/promises.d.ts
/private/tmp/atseq-research-evidence-typecheck-20261002/node_modules/@types/node/domain.d.ts
/private/tmp/atseq-research-evidence-typecheck-20261002/node_modules/@types/node/events.d.ts
/private/tmp/atseq-research-evidence-typecheck-20261002/node_modules/@types/node/ffi.d.ts
/private/tmp/atseq-research-evidence-typecheck-20261002/node_modules/@types/node/fs.d.ts
/private/tmp/atseq-research-evidence-typecheck-20261002/node_modules/@types/node/fs/promises.d.ts
/private/tmp/atseq-research-evidence-typecheck-20261002/node_modules/@types/node/http.d.ts
/private/tmp/atseq-research-evidence-typecheck-20261002/node_modules/@types/node/http2.d.ts
/private/tmp/atseq-research-evidence-typecheck-20261002/node_modules/@types/node/https.d.ts
/private/tmp/atseq-research-evidence-typecheck-20261002/node_modules/@types/node/inspector.d.ts
/private/tmp/atseq-research-evidence-typecheck-20261002/node_modules/@types/node/inspector.generated.d.ts
/private/tmp/atseq-research-evidence-typecheck-20261002/node_modules/@types/node/inspector/promises.d.ts
/private/tmp/atseq-research-evidence-typecheck-20261002/node_modules/@types/node/module.d.ts
/private/tmp/atseq-research-evidence-typecheck-20261002/node_modules/@types/node/net.d.ts
/private/tmp/atseq-research-evidence-typecheck-20261002/node_modules/buffer/index.d.ts
/private/tmp/atseq-research-evidence-typecheck-20261002/node_modules/@types/node/os.d.ts
/private/tmp/atseq-research-evidence-typecheck-20261002/node_modules/@types/node/path.d.ts
/private/tmp/atseq-research-evidence-typecheck-20261002/node_modules/@types/node/path/posix.d.ts
/private/tmp/atseq-research-evidence-typecheck-20261002/node_modules/@types/node/path/win32.d.ts
/private/tmp/atseq-research-evidence-typecheck-20261002/node_modules/@types/node/perf_hooks.d.ts
/private/tmp/atseq-research-evidence-typecheck-20261002/node_modules/@types/node/process.d.ts
/private/tmp/atseq-research-evidence-typecheck-20261002/node_modules/@types/node/punycode.d.ts
/private/tmp/atseq-research-evidence-typecheck-20261002/node_modules/@types/node/querystring.d.ts
/private/tmp/atseq-research-evidence-typecheck-20261002/node_modules/@types/node/quic.d.ts
/private/tmp/atseq-research-evidence-typecheck-20261002/node_modules/@types/node/readline.d.ts
/private/tmp/atseq-research-evidence-typecheck-20261002/node_modules/@types/node/readline/promises.d.ts
/private/tmp/atseq-research-evidence-typecheck-20261002/node_modules/@types/node/repl.d.ts
/private/tmp/atseq-research-evidence-typecheck-20261002/node_modules/@types/node/sea.d.ts
/private/tmp/atseq-research-evidence-typecheck-20261002/node_modules/@types/node/sqlite.d.ts
/private/tmp/atseq-research-evidence-typecheck-20261002/node_modules/@types/node/stream.d.ts
/private/tmp/atseq-research-evidence-typecheck-20261002/node_modules/@types/node/stream/consumers.d.ts
/private/tmp/atseq-research-evidence-typecheck-20261002/node_modules/@types/node/stream/iter.d.ts
/private/tmp/atseq-research-evidence-typecheck-20261002/node_modules/@types/node/stream/promises.d.ts
/private/tmp/atseq-research-evidence-typecheck-20261002/node_modules/@types/node/stream/web.d.ts
/private/tmp/atseq-research-evidence-typecheck-20261002/node_modules/@types/node/string_decoder.d.ts
/private/tmp/atseq-research-evidence-typecheck-20261002/node_modules/@types/node/test.d.ts
/private/tmp/atseq-research-evidence-typecheck-20261002/node_modules/@types/node/test/reporters.d.ts
/private/tmp/atseq-research-evidence-typecheck-20261002/node_modules/@types/node/timers.d.ts
/private/tmp/atseq-research-evidence-typecheck-20261002/node_modules/@types/node/timers/promises.d.ts
/private/tmp/atseq-research-evidence-typecheck-20261002/node_modules/@types/node/tls.d.ts
/private/tmp/atseq-research-evidence-typecheck-20261002/node_modules/@types/node/trace_events.d.ts
/private/tmp/atseq-research-evidence-typecheck-20261002/node_modules/@types/node/tty.d.ts
/private/tmp/atseq-research-evidence-typecheck-20261002/node_modules/@types/node/url.d.ts
/private/tmp/atseq-research-evidence-typecheck-20261002/node_modules/@types/node/util.d.ts
/private/tmp/atseq-research-evidence-typecheck-20261002/node_modules/@types/node/util/types.d.ts
/private/tmp/atseq-research-evidence-typecheck-20261002/node_modules/@types/node/v8.d.ts
/private/tmp/atseq-research-evidence-typecheck-20261002/node_modules/@types/node/vfs.d.ts
/private/tmp/atseq-research-evidence-typecheck-20261002/node_modules/@types/node/vm.d.ts
/private/tmp/atseq-research-evidence-typecheck-20261002/node_modules/@types/node/wasi.d.ts
/private/tmp/atseq-research-evidence-typecheck-20261002/node_modules/@types/node/worker_threads.d.ts
/private/tmp/atseq-research-evidence-typecheck-20261002/node_modules/@types/node/zlib.d.ts
/private/tmp/atseq-research-evidence-typecheck-20261002/node_modules/@types/node/zlib/iter.d.ts
/private/tmp/atseq-research-evidence-typecheck-20261002/node_modules/@types/node/index.d.ts
/private/tmp/atseq-research-evidence-typecheck-20261002/node_modules/vite/types/hmrPayload.d.ts
/private/tmp/atseq-research-evidence-typecheck-20261002/node_modules/vite/dist/node/chunks/moduleRunnerTransport.d.ts
/private/tmp/atseq-research-evidence-typecheck-20261002/node_modules/vite/types/customEvent.d.ts
/private/tmp/atseq-research-evidence-typecheck-20261002/node_modules/rolldown/dist/shared/logging-xuHO4mAy.d.mts
/private/tmp/atseq-research-evidence-typecheck-20261002/node_modules/@oxc-project/types/types.d.ts
/private/tmp/atseq-research-evidence-typecheck-20261002/node_modules/rolldown/dist/shared/binding-DZuNHVw4.d.mts
/private/tmp/atseq-research-evidence-typecheck-20261002/node_modules/@rolldown/pluginutils/dist/filter/index.d.mts
/private/tmp/atseq-research-evidence-typecheck-20261002/node_modules/@rolldown/pluginutils/dist/index.d.mts
/private/tmp/atseq-research-evidence-typecheck-20261002/node_modules/rolldown/dist/shared/define-config-DNX0WekP.d.mts
/private/tmp/atseq-research-evidence-typecheck-20261002/node_modules/rolldown/dist/index.d.mts
/private/tmp/atseq-research-evidence-typecheck-20261002/node_modules/rolldown/dist/parse-ast-index.d.mts
/private/tmp/atseq-research-evidence-typecheck-20261002/node_modules/vite/types/internal/rollupTypeCompat.d.ts
/private/tmp/atseq-research-evidence-typecheck-20261002/node_modules/rolldown/dist/shared/constructors-BM20b11r.d.mts
/private/tmp/atseq-research-evidence-typecheck-20261002/node_modules/rolldown/dist/plugins-index.d.mts
/private/tmp/atseq-research-evidence-typecheck-20261002/node_modules/rolldown/dist/shared/transform-CVse9_mH.d.mts
/private/tmp/atseq-research-evidence-typecheck-20261002/node_modules/rolldown/dist/utils-index.d.mts
/private/tmp/atseq-research-evidence-typecheck-20261002/node_modules/vite/types/hot.d.ts
/private/tmp/atseq-research-evidence-typecheck-20261002/node_modules/vite/dist/node/module-runner.d.ts
/private/tmp/atseq-research-evidence-typecheck-20261002/node_modules/esbuild/lib/main.d.ts
/private/tmp/atseq-research-evidence-typecheck-20261002/node_modules/vite/types/internal/esbuildOptions.d.ts
/private/tmp/atseq-research-evidence-typecheck-20261002/node_modules/vite/types/metadata.d.ts
/private/tmp/atseq-research-evidence-typecheck-20261002/node_modules/vite/types/internal/terserOptions.d.ts
/private/tmp/atseq-research-evidence-typecheck-20261002/node_modules/source-map-js/source-map.d.ts
/private/tmp/atseq-research-evidence-typecheck-20261002/node_modules/postcss/lib/previous-map.d.ts
/private/tmp/atseq-research-evidence-typecheck-20261002/node_modules/postcss/lib/input.d.ts
/private/tmp/atseq-research-evidence-typecheck-20261002/node_modules/postcss/lib/css-syntax-error.d.ts
/private/tmp/atseq-research-evidence-typecheck-20261002/node_modules/postcss/lib/declaration.d.ts
/private/tmp/atseq-research-evidence-typecheck-20261002/node_modules/postcss/lib/root.d.ts
/private/tmp/atseq-research-evidence-typecheck-20261002/node_modules/postcss/lib/warning.d.ts
/private/tmp/atseq-research-evidence-typecheck-20261002/node_modules/postcss/lib/lazy-result.d.ts
/private/tmp/atseq-research-evidence-typecheck-20261002/node_modules/postcss/lib/no-work-result.d.ts
/private/tmp/atseq-research-evidence-typecheck-20261002/node_modules/postcss/lib/processor.d.ts
/private/tmp/atseq-research-evidence-typecheck-20261002/node_modules/postcss/lib/result.d.ts
/private/tmp/atseq-research-evidence-typecheck-20261002/node_modules/postcss/lib/document.d.ts
/private/tmp/atseq-research-evidence-typecheck-20261002/node_modules/postcss/lib/rule.d.ts
/private/tmp/atseq-research-evidence-typecheck-20261002/node_modules/postcss/lib/node.d.ts
/private/tmp/atseq-research-evidence-typecheck-20261002/node_modules/postcss/lib/comment.d.ts
/private/tmp/atseq-research-evidence-typecheck-20261002/node_modules/postcss/lib/container.d.ts
/private/tmp/atseq-research-evidence-typecheck-20261002/node_modules/postcss/lib/at-rule.d.ts
/private/tmp/atseq-research-evidence-typecheck-20261002/node_modules/postcss/lib/list.d.ts
/private/tmp/atseq-research-evidence-typecheck-20261002/node_modules/postcss/lib/postcss.d.ts
/private/tmp/atseq-research-evidence-typecheck-20261002/node_modules/postcss/lib/postcss.d.mts
/private/tmp/atseq-research-evidence-typecheck-20261002/node_modules/lightningcss/node/ast.d.ts
/private/tmp/atseq-research-evidence-typecheck-20261002/node_modules/lightningcss/node/targets.d.ts
/private/tmp/atseq-research-evidence-typecheck-20261002/node_modules/lightningcss/node/index.d.ts
/private/tmp/atseq-research-evidence-typecheck-20261002/node_modules/vite/types/internal/lightningcssOptions.d.ts
/private/tmp/atseq-research-evidence-typecheck-20261002/node_modules/vite/types/internal/cssPreprocessorOptions.d.ts
/private/tmp/atseq-research-evidence-typecheck-20261002/node_modules/rolldown/dist/filter-index.d.mts
/private/tmp/atseq-research-evidence-typecheck-20261002/node_modules/vite/types/importGlob.d.ts
/private/tmp/atseq-research-evidence-typecheck-20261002/node_modules/vite/dist/node/index.d.ts
/private/tmp/atseq-research-evidence-typecheck-20261002/src/host/build.ts
/private/tmp/atseq-research-evidence-typecheck-20261002/src/host/drafts.ts
/private/tmp/atseq-research-evidence-typecheck-20261002/src/host/input.ts
/private/tmp/atseq-research-evidence-typecheck-20261002/src/host/token.ts
/private/tmp/atseq-research-evidence-typecheck-20261002/src/host/http.ts
/private/tmp/atseq-research-evidence-typecheck-20261002/node_modules/@atproto-labs/fetch-node/dist/dispatch.d.ts
/private/tmp/atseq-research-evidence-typecheck-20261002/node_modules/@atproto-labs/fetch-node/dist/safe.d.ts
/private/tmp/atseq-research-evidence-typecheck-20261002/node_modules/@atproto-labs/fetch-node/dist/unicast.d.ts
/private/tmp/atseq-research-evidence-typecheck-20261002/node_modules/@atproto-labs/fetch-node/dist/util.d.ts
/private/tmp/atseq-research-evidence-typecheck-20261002/node_modules/@atproto-labs/fetch-node/dist/index.d.ts
/private/tmp/atseq-research-evidence-typecheck-20261002/src/host/identity-fetch.ts
/private/tmp/atseq-research-evidence-typecheck-20261002/src/host/index.ts
/private/tmp/atseq-research-evidence-typecheck-20261002/src/host/local-generations.ts
/private/tmp/atseq-research-evidence-typecheck-20261002/src/host/main.ts
/private/tmp/atseq-research-evidence-typecheck-20261002/src/protocol/native-observer-car.ts
/private/tmp/atseq-research-evidence-typecheck-20261002/src/host/native-observer.ts
/private/tmp/atseq-research-evidence-typecheck-20261002/node_modules/@atproto-labs/handle-resolver-node/dist/atproto-handle-resolver-node.d.ts
/private/tmp/atseq-research-evidence-typecheck-20261002/node_modules/@atproto-labs/handle-resolver-node/dist/index.d.ts
/private/tmp/atseq-research-evidence-typecheck-20261002/node_modules/@atproto/oauth-client-node/dist/node-dpop-store.d.ts
/private/tmp/atseq-research-evidence-typecheck-20261002/node_modules/@atproto/oauth-client-node/dist/util.d.ts
/private/tmp/atseq-research-evidence-typecheck-20261002/node_modules/@atproto/oauth-client-node/dist/node-oauth-client.d.ts
/private/tmp/atseq-research-evidence-typecheck-20261002/node_modules/@atproto/oauth-client-node/dist/index.d.ts
/private/tmp/atseq-research-evidence-typecheck-20261002/src/host/oauth-adapter.ts
/private/tmp/atseq-research-evidence-typecheck-20261002/src/host/oauth-loader.ts
/private/tmp/atseq-research-evidence-typecheck-20261002/src/integrity/browser.ts
/private/tmp/atseq-research-evidence-typecheck-20261002/src/protocol/native-contract.ts
/private/tmp/atseq-research-evidence-typecheck-20261002/tests/helpers/evidence.ts
/private/tmp/atseq-research-evidence-typecheck-20261002/scripts/acceptance.ts
/private/tmp/atseq-research-evidence-typecheck-20261002/node_modules/playwright-core/types/protocol.d.ts
/private/tmp/atseq-research-evidence-typecheck-20261002/node_modules/playwright-core/types/structs.d.ts
/private/tmp/atseq-research-evidence-typecheck-20261002/node_modules/playwright-core/types/types.d.ts
/private/tmp/atseq-research-evidence-typecheck-20261002/node_modules/playwright-core/index.d.ts
/private/tmp/atseq-research-evidence-typecheck-20261002/node_modules/playwright/types/test.d.ts
/private/tmp/atseq-research-evidence-typecheck-20261002/node_modules/playwright/test.d.ts
/private/tmp/atseq-research-evidence-typecheck-20261002/node_modules/@playwright/test/index.d.ts
/private/tmp/atseq-research-evidence-typecheck-20261002/scripts/browser-performance.ts
/private/tmp/atseq-research-evidence-typecheck-20261002/scripts/build-shell.ts
/private/tmp/atseq-research-evidence-typecheck-20261002/tests/support/historical-replay.ts
/private/tmp/atseq-research-evidence-typecheck-20261002/scripts/check-author.ts
/private/tmp/atseq-research-evidence-typecheck-20261002/scripts/check-dependencies.ts
/private/tmp/atseq-research-evidence-typecheck-20261002/tests/support/fixtures.ts
/private/tmp/atseq-research-evidence-typecheck-20261002/tests/support/boundaries.ts
/private/tmp/atseq-research-evidence-typecheck-20261002/tests/support/corpus.ts
/private/tmp/atseq-research-evidence-typecheck-20261002/scripts/feasibility.ts
/private/tmp/atseq-research-evidence-typecheck-20261002/scripts/flows.ts
/private/tmp/atseq-research-evidence-typecheck-20261002/tests/support/pds/environment.d.mts
/private/tmp/atseq-research-evidence-typecheck-20261002/tests/support/pds/node_modules/@atproto/crypto/dist/const.d.ts
/private/tmp/atseq-research-evidence-typecheck-20261002/tests/support/pds/node_modules/@atproto/crypto/dist/did.d.ts
/private/tmp/atseq-research-evidence-typecheck-20261002/tests/support/pds/node_modules/multiformats/dist/src/codecs/interface.d.ts
/private/tmp/atseq-research-evidence-typecheck-20261002/tests/support/pds/node_modules/multiformats/dist/src/codecs/json.d.ts
/private/tmp/atseq-research-evidence-typecheck-20261002/tests/support/pds/node_modules/multiformats/dist/src/codecs/raw.d.ts
/private/tmp/atseq-research-evidence-typecheck-20261002/tests/support/pds/node_modules/multiformats/dist/src/bytes.d.ts
/private/tmp/atseq-research-evidence-typecheck-20261002/tests/support/pds/node_modules/multiformats/dist/src/varint.d.ts
/private/tmp/atseq-research-evidence-typecheck-20261002/tests/support/pds/node_modules/multiformats/dist/src/interface.d.ts
/private/tmp/atseq-research-evidence-typecheck-20261002/tests/support/pds/node_modules/multiformats/dist/src/index.d.ts
/private/tmp/atseq-research-evidence-typecheck-20261002/tests/support/pds/node_modules/multiformats/dist/src/bases/base.d.ts
/private/tmp/atseq-research-evidence-typecheck-20261002/tests/support/pds/node_modules/multiformats/dist/src/basics.d.ts
/private/tmp/atseq-research-evidence-typecheck-20261002/tests/support/pds/node_modules/uint8arrays/dist/src/util/bases.d.ts
/private/tmp/atseq-research-evidence-typecheck-20261002/tests/support/pds/node_modules/uint8arrays/dist/src/to-string.d.ts
/private/tmp/atseq-research-evidence-typecheck-20261002/tests/support/pds/node_modules/@atproto/crypto/dist/multibase.d.ts
/private/tmp/atseq-research-evidence-typecheck-20261002/tests/support/pds/node_modules/@atproto/crypto/dist/random.d.ts
/private/tmp/atseq-research-evidence-typecheck-20261002/tests/support/pds/node_modules/@atproto/crypto/dist/sha.d.ts
/private/tmp/atseq-research-evidence-typecheck-20261002/tests/support/pds/node_modules/@atproto/crypto/dist/types.d.ts
/private/tmp/atseq-research-evidence-typecheck-20261002/tests/support/pds/node_modules/@atproto/crypto/dist/verify.d.ts
/private/tmp/atseq-research-evidence-typecheck-20261002/tests/support/pds/node_modules/@atproto/crypto/dist/utils.d.ts
/private/tmp/atseq-research-evidence-typecheck-20261002/tests/support/pds/node_modules/@atproto/crypto/dist/p256/keypair.d.ts
/private/tmp/atseq-research-evidence-typecheck-20261002/tests/support/pds/node_modules/@atproto/crypto/dist/p256/plugin.d.ts
/private/tmp/atseq-research-evidence-typecheck-20261002/tests/support/pds/node_modules/@atproto/crypto/dist/secp256k1/keypair.d.ts
/private/tmp/atseq-research-evidence-typecheck-20261002/tests/support/pds/node_modules/@atproto/crypto/dist/secp256k1/plugin.d.ts
/private/tmp/atseq-research-evidence-typecheck-20261002/tests/support/pds/node_modules/@atproto/crypto/dist/index.d.ts
/private/tmp/atseq-research-evidence-typecheck-20261002/tests/support/native-proof-corpus.ts
/private/tmp/atseq-research-evidence-typecheck-20261002/scripts/native-proof-pds.ts
/private/tmp/atseq-research-evidence-typecheck-20261002/scripts/notices.ts
/private/tmp/atseq-research-evidence-typecheck-20261002/testdata/apps/fixtures.ts
/private/tmp/atseq-research-evidence-typecheck-20261002/testdata/apps/evolution.ts
/private/tmp/atseq-research-evidence-typecheck-20261002/tests/support/profile-corpus.ts
/private/tmp/atseq-research-evidence-typecheck-20261002/tests/support/runtime-corpus.ts
/private/tmp/atseq-research-evidence-typecheck-20261002/scripts/performance-observer.ts
/private/tmp/atseq-research-evidence-typecheck-20261002/scripts/performance-interpretation-observer.ts
/private/tmp/atseq-research-evidence-typecheck-20261002/scripts/performance-dimensions.ts
/private/tmp/atseq-research-evidence-typecheck-20261002/scripts/performance-kernels.ts
/private/tmp/atseq-research-evidence-typecheck-20261002/scripts/performance-network-observer.ts
/private/tmp/atseq-research-evidence-typecheck-20261002/scripts/performance-stages.ts
/private/tmp/atseq-research-evidence-typecheck-20261002/scripts/performance.ts
/private/tmp/atseq-research-evidence-typecheck-20261002/scripts/probe-go.ts
/private/tmp/atseq-research-evidence-typecheck-20261002/scripts/report.ts
/private/tmp/atseq-research-evidence-typecheck-20261002/scripts/reverify-native-proof.ts
/private/tmp/atseq-research-evidence-typecheck-20261002/scripts/serve.ts
/private/tmp/atseq-research-evidence-typecheck-20261002/tests/acceptance.test.ts
/private/tmp/atseq-research-evidence-typecheck-20261002/tests/helpers/cli.ts
/private/tmp/atseq-research-evidence-typecheck-20261002/tests/archive.test.ts
/private/tmp/atseq-research-evidence-typecheck-20261002/tests/support/browser-device-probe.ts
/private/tmp/atseq-research-evidence-typecheck-20261002/tests/browser-sessions.test.ts
/private/tmp/atseq-research-evidence-typecheck-20261002/tests/support/checkpoint-data-corpus.ts
/private/tmp/atseq-research-evidence-typecheck-20261002/tests/checkpoint-data-browser.test.ts
/private/tmp/atseq-research-evidence-typecheck-20261002/tests/checkpoint-data.test.ts
/private/tmp/atseq-research-evidence-typecheck-20261002/tests/cli-output.test.ts
/private/tmp/atseq-research-evidence-typecheck-20261002/tests/cli-trust.test.ts
/private/tmp/atseq-research-evidence-typecheck-20261002/tests/dynamic-apps.test.ts
/private/tmp/atseq-research-evidence-typecheck-20261002/tests/evaluator.test.ts
/private/tmp/atseq-research-evidence-typecheck-20261002/tests/support/evolution-corpus.ts
/private/tmp/atseq-research-evidence-typecheck-20261002/tests/evolution-runtime.test.ts
/private/tmp/atseq-research-evidence-typecheck-20261002/tests/evolution.test.ts
/private/tmp/atseq-research-evidence-typecheck-20261002/tests/feasibility.test.ts
/private/tmp/atseq-research-evidence-typecheck-20261002/tests/flows.test.ts
/private/tmp/atseq-research-evidence-typecheck-20261002/tests/host-availability.test.ts
/private/tmp/atseq-research-evidence-typecheck-20261002/tests/host-performance.test.ts
/private/tmp/atseq-research-evidence-typecheck-20261002/tests/support/identity-corpus.ts
/private/tmp/atseq-research-evidence-typecheck-20261002/tests/identity-evidence-browser.test.ts
/private/tmp/atseq-research-evidence-typecheck-20261002/tests/identity-evidence.test.ts
/private/tmp/atseq-research-evidence-typecheck-20261002/tests/identity-fetch.test.ts
/private/tmp/atseq-research-evidence-typecheck-20261002/tests/integrity.test.ts
/private/tmp/atseq-research-evidence-typecheck-20261002/tests/loader-shapes.test.ts
/private/tmp/atseq-research-evidence-typecheck-20261002/tests/local-generations-browser.test.ts
/private/tmp/atseq-research-evidence-typecheck-20261002/tests/support/local-generations-corpus.ts
/private/tmp/atseq-research-evidence-typecheck-20261002/tests/local-generations.test.ts
/private/tmp/atseq-research-evidence-typecheck-20261002/testdata/native-source/source-identity-vectors.json
/private/tmp/atseq-research-evidence-typecheck-20261002/tests/support/native-authority-fixture.ts
/private/tmp/atseq-research-evidence-typecheck-20261002/tests/support/native-application-fixture.ts
/private/tmp/atseq-research-evidence-typecheck-20261002/tests/native-application-browser.test.ts
/private/tmp/atseq-research-evidence-typecheck-20261002/tests/support/native-application-fault-bundle.ts
/private/tmp/atseq-research-evidence-typecheck-20261002/tests/support/native-application-corpus.ts
/private/tmp/atseq-research-evidence-typecheck-20261002/tests/native-application.test.ts
/private/tmp/atseq-research-evidence-typecheck-20261002/tests/native-authority-browser.test.ts
/private/tmp/atseq-research-evidence-typecheck-20261002/tests/support/native-authority-corpus.ts
/private/tmp/atseq-research-evidence-typecheck-20261002/tests/native-authority.test.ts
/private/tmp/atseq-research-evidence-typecheck-20261002/tests/support/native-observer-fixture.ts
/private/tmp/atseq-research-evidence-typecheck-20261002/tests/native-observer-browser.test.ts
/private/tmp/atseq-research-evidence-typecheck-20261002/tests/native-observer-limits.test.ts
/private/tmp/atseq-research-evidence-typecheck-20261002/tests/support/native-observer-portable.ts
/private/tmp/atseq-research-evidence-typecheck-20261002/tests/native-observer.test.ts
/private/tmp/atseq-research-evidence-typecheck-20261002/tests/support/native-outcome-corpus.ts
/private/tmp/atseq-research-evidence-typecheck-20261002/tests/native-outcome-browser.test.ts
/private/tmp/atseq-research-evidence-typecheck-20261002/tests/native-outcome.test.ts
/private/tmp/atseq-research-evidence-typecheck-20261002/node_modules/@atproto/crypto/dist/const.d.ts
/private/tmp/atseq-research-evidence-typecheck-20261002/node_modules/@atproto/crypto/dist/did.d.ts
/private/tmp/atseq-research-evidence-typecheck-20261002/node_modules/@atproto/crypto/dist/multibase.d.ts
/private/tmp/atseq-research-evidence-typecheck-20261002/node_modules/@atproto/crypto/dist/random.d.ts
/private/tmp/atseq-research-evidence-typecheck-20261002/node_modules/@atproto/crypto/dist/sha.d.ts
/private/tmp/atseq-research-evidence-typecheck-20261002/node_modules/@atproto/crypto/dist/types.d.ts
/private/tmp/atseq-research-evidence-typecheck-20261002/node_modules/@atproto/crypto/dist/verify.d.ts
/private/tmp/atseq-research-evidence-typecheck-20261002/node_modules/@atproto/crypto/dist/utils.d.ts
/private/tmp/atseq-research-evidence-typecheck-20261002/node_modules/@atproto/crypto/dist/p256/keypair.d.ts
/private/tmp/atseq-research-evidence-typecheck-20261002/node_modules/@atproto/crypto/dist/p256/plugin.d.ts
/private/tmp/atseq-research-evidence-typecheck-20261002/node_modules/@atproto/crypto/dist/secp256k1/keypair.d.ts
/private/tmp/atseq-research-evidence-typecheck-20261002/node_modules/@atproto/crypto/dist/secp256k1/plugin.d.ts
/private/tmp/atseq-research-evidence-typecheck-20261002/node_modules/@atproto/crypto/dist/index.d.ts
/private/tmp/atseq-research-evidence-typecheck-20261002/tests/native-proof-browser.test.ts
/private/tmp/atseq-research-evidence-typecheck-20261002/tests/native-proof.test.ts
/private/tmp/atseq-research-evidence-typecheck-20261002/testdata/native-source/reachable-schema-vectors.json
/private/tmp/atseq-research-evidence-typecheck-20261002/testdata/native-source/source-car-vector.json
/private/tmp/atseq-research-evidence-typecheck-20261002/testdata/native-source/expected-identities.json
/private/tmp/atseq-research-evidence-typecheck-20261002/testdata/native-source/blocks.json
/private/tmp/atseq-research-evidence-typecheck-20261002/tests/support/native-source-corpus.ts
/private/tmp/atseq-research-evidence-typecheck-20261002/tests/support/native-source-fault-bundles.ts
/private/tmp/atseq-research-evidence-typecheck-20261002/tests/native-source-browser.test.ts
/private/tmp/atseq-research-evidence-typecheck-20261002/tests/native-source.test.ts
/private/tmp/atseq-research-evidence-typecheck-20261002/tests/vectors/profiles-v2.json
/private/tmp/atseq-research-evidence-typecheck-20261002/tests/vectors/native-foundation.json
/private/tmp/atseq-research-evidence-typecheck-20261002/tests/support/native-wire-corpus.ts
/private/tmp/atseq-research-evidence-typecheck-20261002/tests/native-wire.test.ts
/private/tmp/atseq-research-evidence-typecheck-20261002/tests/oauth-adapter.test.ts
/private/tmp/atseq-research-evidence-typecheck-20261002/tests/support/oauth-fixture.ts
/private/tmp/atseq-research-evidence-typecheck-20261002/tests/oauth-browser.test.ts
/private/tmp/atseq-research-evidence-typecheck-20261002/tests/oauth-bundle.test.ts
/private/tmp/atseq-research-evidence-typecheck-20261002/tests/helpers/package-conformance.ts
/private/tmp/atseq-research-evidence-typecheck-20261002/tests/helpers/package-build.ts
/private/tmp/atseq-research-evidence-typecheck-20261002/tests/package.test.ts
/private/tmp/atseq-research-evidence-typecheck-20261002/tests/participation.test.ts
/private/tmp/atseq-research-evidence-typecheck-20261002/tests/pds-startup.test.ts
/private/tmp/atseq-research-evidence-typecheck-20261002/tests/support/pds/child-environment.d.mts
/private/tmp/atseq-research-evidence-typecheck-20261002/tests/pds-telemetry.test.ts
/private/tmp/atseq-research-evidence-typecheck-20261002/tests/helpers/pds-faults.ts
/private/tmp/atseq-research-evidence-typecheck-20261002/tests/helpers/writer-process.ts
/private/tmp/atseq-research-evidence-typecheck-20261002/tests/pds.test.ts
/private/tmp/atseq-research-evidence-typecheck-20261002/tests/performance-interpretation-observer.test.ts
/private/tmp/atseq-research-evidence-typecheck-20261002/tests/performance-network-observer.test.ts
/private/tmp/atseq-research-evidence-typecheck-20261002/tests/performance-observer.test.ts
/private/tmp/atseq-research-evidence-typecheck-20261002/tests/vectors/profiles-v1.json
/private/tmp/atseq-research-evidence-typecheck-20261002/tests/vectors/protocol-v0.json
/private/tmp/atseq-research-evidence-typecheck-20261002/tests/vectors/protocol-v1.json
/private/tmp/atseq-research-evidence-typecheck-20261002/tests/profiles.test.ts
/private/tmp/atseq-research-evidence-typecheck-20261002/tests/support/projection-file.ts
/private/tmp/atseq-research-evidence-typecheck-20261002/tests/projection.test.ts
/private/tmp/atseq-research-evidence-typecheck-20261002/tests/vectors/protocol-v2.json
/private/tmp/atseq-research-evidence-typecheck-20261002/tests/support/protocol-corpus.ts
/private/tmp/atseq-research-evidence-typecheck-20261002/tests/protocol.test.ts
/private/tmp/atseq-research-evidence-typecheck-20261002/testdata/source-documents/taskboard.atseq.json
/private/tmp/atseq-research-evidence-typecheck-20261002/testdata/source-documents/guitar.atseq.json
/private/tmp/atseq-research-evidence-typecheck-20261002/testdata/source-documents/ledger.atseq.json
/private/tmp/atseq-research-evidence-typecheck-20261002/tests/support/source-document-corpus.ts
/private/tmp/atseq-research-evidence-typecheck-20261002/tests/runtime.test.ts
/private/tmp/atseq-research-evidence-typecheck-20261002/tests/source-document-flows.test.ts
/private/tmp/atseq-research-evidence-typecheck-20261002/tests/type-peer.test.ts
/private/tmp/atseq-research-evidence-typecheck-20261002/tests/helpers/runtime-child.ts
/private/tmp/atseq-research-evidence-typecheck-20261002/tests/support/sequencer-service.ts
/private/tmp/atseq-research-evidence-typecheck-20261002/tests/helpers/writer-child.ts
/private/tmp/atseq-research-evidence-typecheck-20261002/tests/support/checkpoint-data-browser.ts
/private/tmp/atseq-research-evidence-typecheck-20261002/tests/support/identity-browser.ts
/private/tmp/atseq-research-evidence-typecheck-20261002/tests/support/local-generation-crash.ts
/private/tmp/atseq-research-evidence-typecheck-20261002/tests/support/local-generations-browser.ts
/private/tmp/atseq-research-evidence-typecheck-20261002/tests/support/native-application-fault-probe.ts
/private/tmp/atseq-research-evidence-typecheck-20261002/tests/support/native-authority-browser.ts
/private/tmp/atseq-research-evidence-typecheck-20261002/tests/support/native-outcome-browser.ts
/private/tmp/atseq-research-evidence-typecheck-20261002/tests/support/native-proof-browser.ts
/private/tmp/atseq-research-evidence-typecheck-20261002/tests/support/native-source-fault-probe.ts
/private/tmp/atseq-research-evidence-typecheck-20261002/tests/support/oauth-browser-probe.ts
/private/tmp/atseq-research-evidence-typecheck-20261002/tests/support/oauth-node-probe.ts
/private/tmp/atseq-research-evidence-typecheck-20261002/tests/support/browser/main.ts
/private/tmp/atseq-research-evidence-typecheck-20261002/tests/support/browser/worker.ts
/private/tmp/atseq-research-evidence-typecheck-20261002/tests/support/native-wire-browser/main.ts
/private/tmp/atseq-research-evidence-typecheck-20261002/tests/support/protocol-browser/main.ts
/private/tmp/atseq-research-evidence-typecheck-20261002/tests/support/runtime-browser/main.ts
/private/tmp/atseq-research-evidence-typecheck-20261002/tests/support/runtime-browser/worker.ts
/private/tmp/atseq-research-evidence-typecheck-20261002/experiments/oauth-adapters-dependencies.ts
/private/tmp/atseq-research-evidence-typecheck-20261002/experiments/runtime-advisory-equivalence.ts
/private/tmp/atseq-research-evidence-typecheck-20261002/experiments/canonical-ascii/guards.d.mts
/private/tmp/atseq-research-evidence-typecheck-20261002/experiments/canonical-ascii/probe.ts
/private/tmp/atseq-research-evidence-typecheck-20261002/experiments/canonical-ascii/schema-probe.ts
/private/tmp/atseq-research-evidence-typecheck-20261002/experiments/canonical-ascii/browser.ts
/private/tmp/atseq-research-evidence-typecheck-20261002/experiments/canonical-guard/candidates.d.mts
/private/tmp/atseq-research-evidence-typecheck-20261002/experiments/canonical-guard/probe.ts
/private/tmp/atseq-research-evidence-typecheck-20261002/experiments/canonical-guard/schema-probe.ts
/private/tmp/atseq-research-evidence-typecheck-20261002/experiments/canonical-guard/browser.ts
/private/tmp/atseq-research-evidence-typecheck-20261002/experiments/complete-state-cap/fixtures.ts
/private/tmp/atseq-research-evidence-typecheck-20261002/experiments/complete-state-cap/kernels.ts
/private/tmp/atseq-research-evidence-typecheck-20261002/experiments/complete-state-cap/measure.ts
/private/tmp/atseq-research-evidence-typecheck-20261002/experiments/complete-state-cap/browser.ts
/private/tmp/atseq-research-evidence-typecheck-20261002/experiments/complete-state-cap/functional-run.ts
/private/tmp/atseq-research-evidence-typecheck-20261002/experiments/complete-state-cap/node-run.ts
/private/tmp/atseq-research-evidence-typecheck-20261002/node_modules/@noble/curves/esm/utils.d.ts
/private/tmp/atseq-research-evidence-typecheck-20261002/node_modules/@noble/curves/esm/abstract/modular.d.ts
/private/tmp/atseq-research-evidence-typecheck-20261002/node_modules/@noble/curves/esm/abstract/curve.d.ts
/private/tmp/atseq-research-evidence-typecheck-20261002/node_modules/@noble/curves/esm/abstract/weierstrass.d.ts
/private/tmp/atseq-research-evidence-typecheck-20261002/node_modules/@noble/curves/esm/_shortw_utils.d.ts
/private/tmp/atseq-research-evidence-typecheck-20261002/node_modules/@noble/curves/esm/abstract/hash-to-curve.d.ts
/private/tmp/atseq-research-evidence-typecheck-20261002/node_modules/@noble/curves/esm/secp256k1.d.ts
/private/tmp/atseq-research-evidence-typecheck-20261002/node_modules/@atproto/common/node_modules/@atproto/common-web/dist/check.d.ts
/private/tmp/atseq-research-evidence-typecheck-20261002/node_modules/@atproto/common/node_modules/@atproto/common-web/dist/util.d.ts
/private/tmp/atseq-research-evidence-typecheck-20261002/node_modules/@atproto/common/node_modules/@atproto/common-web/dist/arrays.d.ts
/private/tmp/atseq-research-evidence-typecheck-20261002/node_modules/@atproto/common/node_modules/@atproto/common-web/dist/async.d.ts
/private/tmp/atseq-research-evidence-typecheck-20261002/node_modules/@atproto/common/node_modules/@atproto/common-web/dist/tid.d.ts
/private/tmp/atseq-research-evidence-typecheck-20261002/node_modules/@atproto/common/node_modules/@atproto/common-web/dist/ipld.d.ts
/private/tmp/atseq-research-evidence-typecheck-20261002/node_modules/@atproto/common/node_modules/@atproto/common-web/dist/retry.d.ts
/private/tmp/atseq-research-evidence-typecheck-20261002/node_modules/@atproto/common/node_modules/@atproto/lex-data/dist/cid.d.ts
/private/tmp/atseq-research-evidence-typecheck-20261002/node_modules/@atproto/common/node_modules/@atproto/lex-data/dist/lex.d.ts
/private/tmp/atseq-research-evidence-typecheck-20261002/node_modules/@atproto/common/node_modules/@atproto/lex-data/dist/blob.d.ts
/private/tmp/atseq-research-evidence-typecheck-20261002/node_modules/@atproto/common/node_modules/@atproto/lex-data/dist/lex-equals.d.ts
/private/tmp/atseq-research-evidence-typecheck-20261002/node_modules/@atproto/common/node_modules/@atproto/lex-data/dist/lex-error.d.ts
/private/tmp/atseq-research-evidence-typecheck-20261002/node_modules/@atproto/common/node_modules/@atproto/lex-data/dist/object.d.ts
/private/tmp/atseq-research-evidence-typecheck-20261002/node_modules/@atproto/common/node_modules/@atproto/lex-data/dist/uint8array-base64.d.ts
/private/tmp/atseq-research-evidence-typecheck-20261002/node_modules/@atproto/common/node_modules/@atproto/lex-data/dist/uint8array.d.ts
/private/tmp/atseq-research-evidence-typecheck-20261002/node_modules/@atproto/common/node_modules/@atproto/lex-data/dist/utf8.d.ts
/private/tmp/atseq-research-evidence-typecheck-20261002/node_modules/@atproto/common/node_modules/@atproto/lex-data/dist/index.d.ts
/private/tmp/atseq-research-evidence-typecheck-20261002/node_modules/@atproto/common/node_modules/@atproto/common-web/dist/types.d.ts
/private/tmp/atseq-research-evidence-typecheck-20261002/node_modules/@atproto/common/node_modules/@atproto/common-web/dist/times.d.ts
/private/tmp/atseq-research-evidence-typecheck-20261002/node_modules/@atproto/common/node_modules/@atproto/syntax/dist/did.d.ts
/private/tmp/atseq-research-evidence-typecheck-20261002/node_modules/@atproto/common/node_modules/@atproto/syntax/dist/handle.d.ts
/private/tmp/atseq-research-evidence-typecheck-20261002/node_modules/@atproto/common/node_modules/@atproto/syntax/dist/at-identifier.d.ts
/private/tmp/atseq-research-evidence-typecheck-20261002/node_modules/@atproto/common/node_modules/@atproto/syntax/dist/lib/result.d.ts
/private/tmp/atseq-research-evidence-typecheck-20261002/node_modules/@atproto/common/node_modules/@atproto/syntax/dist/nsid.d.ts
/private/tmp/atseq-research-evidence-typecheck-20261002/node_modules/@atproto/common/node_modules/@atproto/syntax/dist/aturi_validation.d.ts
/private/tmp/atseq-research-evidence-typecheck-20261002/node_modules/@atproto/common/node_modules/@atproto/syntax/dist/recordkey.d.ts
/private/tmp/atseq-research-evidence-typecheck-20261002/node_modules/@atproto/common/node_modules/@atproto/syntax/dist/aturi.d.ts
/private/tmp/atseq-research-evidence-typecheck-20261002/node_modules/@atproto/common/node_modules/@atproto/syntax/dist/datetime.d.ts
/private/tmp/atseq-research-evidence-typecheck-20261002/node_modules/@atproto/common/node_modules/@atproto/syntax/dist/language.d.ts
/private/tmp/atseq-research-evidence-typecheck-20261002/node_modules/@atproto/common/node_modules/@atproto/syntax/dist/tid.d.ts
/private/tmp/atseq-research-evidence-typecheck-20261002/node_modules/@atproto/common/node_modules/@atproto/syntax/dist/uri.d.ts
/private/tmp/atseq-research-evidence-typecheck-20261002/node_modules/@atproto/common/node_modules/@atproto/syntax/dist/index.d.ts
/private/tmp/atseq-research-evidence-typecheck-20261002/node_modules/@atproto/common/node_modules/@atproto/common-web/dist/strings.d.ts
/private/tmp/atseq-research-evidence-typecheck-20261002/node_modules/@atproto/common/node_modules/@atproto/common-web/dist/did-doc.d.ts
/private/tmp/atseq-research-evidence-typecheck-20261002/node_modules/@atproto/common/node_modules/@atproto/common-web/dist/index.d.ts
/private/tmp/atseq-research-evidence-typecheck-20261002/node_modules/@atproto/common/dist/buffers.d.ts
/private/tmp/atseq-research-evidence-typecheck-20261002/node_modules/@atproto/common/dist/dates.d.ts
/private/tmp/atseq-research-evidence-typecheck-20261002/node_modules/@atproto/common/dist/env.d.ts
/private/tmp/atseq-research-evidence-typecheck-20261002/node_modules/@atproto/common/dist/fs.d.ts
/private/tmp/atseq-research-evidence-typecheck-20261002/node_modules/@atproto/common/dist/ipld.d.ts
/private/tmp/atseq-research-evidence-typecheck-20261002/node_modules/@atproto/common/dist/ipld-multi.d.ts
/private/tmp/atseq-research-evidence-typecheck-20261002/node_modules/pino-std-serializers/index.d.ts
/private/tmp/atseq-research-evidence-typecheck-20261002/node_modules/sonic-boom/types/index.d.ts
/private/tmp/atseq-research-evidence-typecheck-20261002/node_modules/pino/pino.d.ts
/private/tmp/atseq-research-evidence-typecheck-20261002/node_modules/@atproto/common/dist/logger.d.ts
/private/tmp/atseq-research-evidence-typecheck-20261002/node_modules/@atproto/common/dist/obfuscate.d.ts
/private/tmp/atseq-research-evidence-typecheck-20261002/node_modules/@atproto/common/dist/streams.d.ts
/private/tmp/atseq-research-evidence-typecheck-20261002/node_modules/@atproto/common/dist/index.d.ts
/private/tmp/atseq-research-evidence-typecheck-20261002/experiments/post-spike-evidence/2026-10-02/app-provisioning-boundary/official/bluesky-social/atproto/packages/pds/src/auth-verifier.ts
/private/tmp/atseq-research-evidence-typecheck-20261002/experiments/post-spike-evidence/2026-10-02/app-provisioning-boundary/official/bluesky-social/atproto/packages/pds/src/api/com/atproto/identity/getRecommendedDidCredentials.ts
/private/tmp/atseq-research-evidence-typecheck-20261002/experiments/post-spike-evidence/2026-10-02/app-provisioning-boundary/official/bluesky-social/atproto/packages/pds/src/api/com/atproto/server/activateAccount.ts
/private/tmp/atseq-research-evidence-typecheck-20261002/experiments/post-spike-evidence/2026-10-02/app-provisioning-boundary/official/bluesky-social/atproto/packages/pds/src/api/com/atproto/server/createAccount.ts
/private/tmp/atseq-research-evidence-typecheck-20261002/experiments/post-spike-evidence/2026-10-02/app-provisioning-boundary/official/bluesky-social/atproto/packages/pds/src/api/com/atproto/server/getServiceAuth.ts
/private/tmp/atseq-research-evidence-typecheck-20261002/experiments/post-spike-evidence/2026-10-02/app-provisioning-boundary/official/bluesky-social/atproto/packages/pds/src/config/env.ts
/private/tmp/atseq-research-evidence-typecheck-20261002/experiments/post-spike-evidence/2026-10-02/app-provisioning-boundary/official/bluesky-social/atproto/packages/xrpc-server/src/auth.ts
/private/tmp/atseq-research-evidence-typecheck-20261002/experiments/s0-replay/replay.ts
/private/tmp/atseq-research-evidence-typecheck-20261002/experiments/s0-replay/node-run.ts
/private/tmp/atseq-research-evidence-typecheck-20261002/experiments/s0-replay/prepare.ts
/private/tmp/atseq-research-evidence-typecheck-20261002/node_modules/vite/types/importMeta.d.ts
/private/tmp/atseq-research-evidence-typecheck-20261002/node_modules/vite/client.d.ts
